-- Generated by Craft v2.4.2669 on Jun 8, 2015, 11:17:51 PM.

--
-- Disable foreign key checks and autocommit.
--

SET FOREIGN_KEY_CHECKS = 0;
SET SQL_MODE = "NO_AUTO_VALUE_ON_ZERO";
SET AUTOCOMMIT = 0;
SET NAMES utf8;


DROP TABLE IF EXISTS `craft_assetfiles`;


--
-- Schema for table `craft_assetfiles`
--
CREATE TABLE `craft_assetfiles` (
  `id` int(11) NOT NULL,
  `sourceId` int(11) DEFAULT NULL,
  `folderId` int(11) NOT NULL,
  `filename` varchar(255) COLLATE utf8_unicode_ci NOT NULL,
  `kind` varchar(50) COLLATE utf8_unicode_ci NOT NULL DEFAULT 'unknown',
  `width` smallint(6) unsigned DEFAULT NULL,
  `height` smallint(6) unsigned DEFAULT NULL,
  `size` int(11) unsigned DEFAULT NULL,
  `dateModified` datetime DEFAULT NULL,
  `dateCreated` datetime NOT NULL,
  `dateUpdated` datetime NOT NULL,
  `uid` char(36) COLLATE utf8_unicode_ci NOT NULL DEFAULT '0',
  PRIMARY KEY (`id`),
  UNIQUE KEY `craft_assetfiles_filename_folderId_unq_idx` (`filename`,`folderId`),
  KEY `craft_assetfiles_sourceId_fk` (`sourceId`),
  KEY `craft_assetfiles_folderId_fk` (`folderId`)
) ENGINE=InnoDB DEFAULT CHARSET=utf8 COLLATE=utf8_unicode_ci;

--
-- Data for table `craft_assetfiles`
--

INSERT INTO `craft_assetfiles` (`id`, `sourceId`, `folderId`, `filename`, `kind`, `width`, `height`, `size`, `dateModified`, `dateCreated`, `dateUpdated`, `uid`) VALUES ('48', '1', '1', 'mudgauntlet.png', 'image', '521', '270', '267136', '2015-06-06 21:34:09', '2015-06-06 21:34:10', '2015-06-06 21:34:10', '4dd3f7fe-d29f-4b42-8cc2-dbf997b90108');
INSERT INTO `craft_assetfiles` (`id`, `sourceId`, `folderId`, `filename`, `kind`, `width`, `height`, `size`, `dateModified`, `dateCreated`, `dateUpdated`, `uid`) VALUES ('50', '1', '1', 'aidsride.png', 'image', '522', '272', '272577', '2015-06-06 21:38:40', '2015-06-06 21:38:41', '2015-06-06 21:38:41', '764d0fad-5b23-4348-842f-891fd5d843d3');
INSERT INTO `craft_assetfiles` (`id`, `sourceId`, `folderId`, `filename`, `kind`, `width`, `height`, `size`, `dateModified`, `dateCreated`, `dateUpdated`, `uid`) VALUES ('52', '1', '1', 'hotcrossrun.png', 'image', '522', '269', '200513', '2015-06-06 23:50:38', '2015-06-06 23:50:41', '2015-06-06 23:50:41', '2896ffa6-f308-497d-927c-e4dd6521bf83');



DROP TABLE IF EXISTS `craft_assetfolders`;


--
-- Schema for table `craft_assetfolders`
--
CREATE TABLE `craft_assetfolders` (
  `id` int(11) NOT NULL AUTO_INCREMENT,
  `parentId` int(11) DEFAULT NULL,
  `sourceId` int(11) DEFAULT NULL,
  `name` varchar(255) COLLATE utf8_unicode_ci NOT NULL,
  `path` varchar(255) COLLATE utf8_unicode_ci DEFAULT NULL,
  `dateCreated` datetime NOT NULL,
  `dateUpdated` datetime NOT NULL,
  `uid` char(36) COLLATE utf8_unicode_ci NOT NULL DEFAULT '0',
  PRIMARY KEY (`id`),
  UNIQUE KEY `craft_assetfolders_name_parentId_sourceId_unq_idx` (`name`,`parentId`,`sourceId`),
  KEY `craft_assetfolders_parentId_fk` (`parentId`),
  KEY `craft_assetfolders_sourceId_fk` (`sourceId`)
) ENGINE=InnoDB AUTO_INCREMENT=2 DEFAULT CHARSET=utf8 COLLATE=utf8_unicode_ci;

--
-- Data for table `craft_assetfolders`
--

INSERT INTO `craft_assetfolders` (`id`, `parentId`, `sourceId`, `name`, `path`, `dateCreated`, `dateUpdated`, `uid`) VALUES ('1', NULL, '1', 'Event Image', '', '2015-06-06 21:15:16', '2015-06-06 21:15:16', 'ecdc534c-59d7-41a4-aac8-5719ca43086e');



DROP TABLE IF EXISTS `craft_assetindexdata`;


--
-- Schema for table `craft_assetindexdata`
--
CREATE TABLE `craft_assetindexdata` (
  `id` int(11) NOT NULL AUTO_INCREMENT,
  `sessionId` varchar(36) COLLATE utf8_unicode_ci NOT NULL DEFAULT '',
  `sourceId` int(10) NOT NULL,
  `offset` int(10) NOT NULL,
  `uri` varchar(255) COLLATE utf8_unicode_ci DEFAULT NULL,
  `size` int(10) DEFAULT NULL,
  `recordId` int(10) DEFAULT NULL,
  `dateCreated` datetime NOT NULL,
  `dateUpdated` datetime NOT NULL,
  `uid` char(36) COLLATE utf8_unicode_ci NOT NULL DEFAULT '0',
  PRIMARY KEY (`id`),
  UNIQUE KEY `craft_assetindexdata_sessionId_sourceId_offset_unq_idx` (`sessionId`,`sourceId`,`offset`),
  KEY `craft_assetindexdata_sourceId_fk` (`sourceId`)
) ENGINE=InnoDB DEFAULT CHARSET=utf8 COLLATE=utf8_unicode_ci;

DROP TABLE IF EXISTS `craft_assetsources`;


--
-- Schema for table `craft_assetsources`
--
CREATE TABLE `craft_assetsources` (
  `id` int(11) NOT NULL AUTO_INCREMENT,
  `name` varchar(255) COLLATE utf8_unicode_ci NOT NULL,
  `handle` varchar(255) COLLATE utf8_unicode_ci NOT NULL,
  `type` varchar(150) COLLATE utf8_unicode_ci NOT NULL,
  `settings` text COLLATE utf8_unicode_ci,
  `sortOrder` tinyint(4) DEFAULT NULL,
  `fieldLayoutId` int(10) DEFAULT NULL,
  `dateCreated` datetime NOT NULL,
  `dateUpdated` datetime NOT NULL,
  `uid` char(36) COLLATE utf8_unicode_ci NOT NULL DEFAULT '0',
  PRIMARY KEY (`id`),
  UNIQUE KEY `craft_assetsources_name_unq_idx` (`name`),
  UNIQUE KEY `craft_assetsources_handle_unq_idx` (`handle`),
  KEY `craft_assetsources_fieldLayoutId_fk` (`fieldLayoutId`)
) ENGINE=InnoDB AUTO_INCREMENT=2 DEFAULT CHARSET=utf8 COLLATE=utf8_unicode_ci;

--
-- Data for table `craft_assetsources`
--

INSERT INTO `craft_assetsources` (`id`, `name`, `handle`, `type`, `settings`, `sortOrder`, `fieldLayoutId`, `dateCreated`, `dateUpdated`, `uid`) VALUES ('1', 'Event Image', 'eventImage', 'Local', '{\"path\":\"images\\/events\\/\",\"url\":\"http:\\/\\/localhost:8888\\/images\\/events\\/\"}', '1', '48', '2015-06-06 21:15:16', '2015-06-06 21:34:00', '7fe59ddc-4f03-4375-8b7d-6bc116f902d0');



DROP TABLE IF EXISTS `craft_assettransformindex`;


--
-- Schema for table `craft_assettransformindex`
--
CREATE TABLE `craft_assettransformindex` (
  `id` int(11) NOT NULL AUTO_INCREMENT,
  `fileId` int(11) NOT NULL,
  `filename` varchar(255) COLLATE utf8_unicode_ci DEFAULT NULL,
  `format` varchar(255) COLLATE utf8_unicode_ci DEFAULT NULL,
  `location` varchar(255) COLLATE utf8_unicode_ci NOT NULL,
  `sourceId` int(11) DEFAULT NULL,
  `fileExists` tinyint(1) DEFAULT NULL,
  `inProgress` tinyint(1) DEFAULT NULL,
  `dateIndexed` datetime DEFAULT NULL,
  `dateCreated` datetime NOT NULL,
  `dateUpdated` datetime NOT NULL,
  `uid` char(36) COLLATE utf8_unicode_ci NOT NULL DEFAULT '0',
  PRIMARY KEY (`id`),
  KEY `craft_assettransformindex_sourceId_fileId_location_idx` (`sourceId`,`fileId`,`location`)
) ENGINE=InnoDB DEFAULT CHARSET=utf8 COLLATE=utf8_unicode_ci;

DROP TABLE IF EXISTS `craft_assettransforms`;


--
-- Schema for table `craft_assettransforms`
--
CREATE TABLE `craft_assettransforms` (
  `id` int(11) NOT NULL AUTO_INCREMENT,
  `name` varchar(255) COLLATE utf8_unicode_ci NOT NULL,
  `handle` varchar(255) COLLATE utf8_unicode_ci NOT NULL,
  `mode` enum('stretch','fit','crop') COLLATE utf8_unicode_ci NOT NULL DEFAULT 'crop',
  `position` enum('top-left','top-center','top-right','center-left','center-center','center-right','bottom-left','bottom-center','bottom-right') COLLATE utf8_unicode_ci NOT NULL DEFAULT 'center-center',
  `height` int(10) DEFAULT NULL,
  `width` int(10) DEFAULT NULL,
  `format` varchar(255) COLLATE utf8_unicode_ci DEFAULT NULL,
  `quality` int(10) DEFAULT NULL,
  `dimensionChangeTime` datetime DEFAULT NULL,
  `dateCreated` datetime NOT NULL,
  `dateUpdated` datetime NOT NULL,
  `uid` char(36) COLLATE utf8_unicode_ci NOT NULL DEFAULT '0',
  PRIMARY KEY (`id`),
  UNIQUE KEY `craft_assettransforms_name_unq_idx` (`name`),
  UNIQUE KEY `craft_assettransforms_handle_unq_idx` (`handle`)
) ENGINE=InnoDB DEFAULT CHARSET=utf8 COLLATE=utf8_unicode_ci;

DROP TABLE IF EXISTS `craft_categories`;


--
-- Schema for table `craft_categories`
--
CREATE TABLE `craft_categories` (
  `id` int(11) NOT NULL,
  `groupId` int(11) NOT NULL,
  `dateCreated` datetime NOT NULL,
  `dateUpdated` datetime NOT NULL,
  `uid` char(36) COLLATE utf8_unicode_ci NOT NULL DEFAULT '0',
  PRIMARY KEY (`id`),
  KEY `craft_categories_groupId_fk` (`groupId`)
) ENGINE=InnoDB DEFAULT CHARSET=utf8 COLLATE=utf8_unicode_ci;

DROP TABLE IF EXISTS `craft_categorygroups`;


--
-- Schema for table `craft_categorygroups`
--
CREATE TABLE `craft_categorygroups` (
  `id` int(11) NOT NULL AUTO_INCREMENT,
  `structureId` int(11) NOT NULL,
  `fieldLayoutId` int(11) DEFAULT NULL,
  `name` varchar(255) COLLATE utf8_unicode_ci NOT NULL,
  `handle` varchar(255) COLLATE utf8_unicode_ci NOT NULL,
  `hasUrls` tinyint(1) unsigned NOT NULL DEFAULT '1',
  `template` varchar(500) COLLATE utf8_unicode_ci DEFAULT NULL,
  `dateCreated` datetime NOT NULL,
  `dateUpdated` datetime NOT NULL,
  `uid` char(36) COLLATE utf8_unicode_ci NOT NULL DEFAULT '0',
  PRIMARY KEY (`id`),
  UNIQUE KEY `craft_categorygroups_name_unq_idx` (`name`),
  UNIQUE KEY `craft_categorygroups_handle_unq_idx` (`handle`),
  KEY `craft_categorygroups_structureId_fk` (`structureId`),
  KEY `craft_categorygroups_fieldLayoutId_fk` (`fieldLayoutId`)
) ENGINE=InnoDB DEFAULT CHARSET=utf8 COLLATE=utf8_unicode_ci;

DROP TABLE IF EXISTS `craft_categorygroups_i18n`;


--
-- Schema for table `craft_categorygroups_i18n`
--
CREATE TABLE `craft_categorygroups_i18n` (
  `id` int(11) NOT NULL AUTO_INCREMENT,
  `groupId` int(11) NOT NULL,
  `locale` char(12) COLLATE utf8_unicode_ci NOT NULL,
  `urlFormat` varchar(255) COLLATE utf8_unicode_ci DEFAULT NULL,
  `nestedUrlFormat` varchar(255) COLLATE utf8_unicode_ci DEFAULT NULL,
  `dateCreated` datetime NOT NULL,
  `dateUpdated` datetime NOT NULL,
  `uid` char(36) COLLATE utf8_unicode_ci NOT NULL DEFAULT '0',
  PRIMARY KEY (`id`),
  UNIQUE KEY `craft_categorygroups_i18n_groupId_locale_unq_idx` (`groupId`,`locale`),
  KEY `craft_categorygroups_i18n_locale_fk` (`locale`)
) ENGINE=InnoDB DEFAULT CHARSET=utf8 COLLATE=utf8_unicode_ci;

DROP TABLE IF EXISTS `craft_content`;


--
-- Schema for table `craft_content`
--
CREATE TABLE `craft_content` (
  `id` int(11) NOT NULL AUTO_INCREMENT,
  `elementId` int(11) NOT NULL,
  `locale` char(12) COLLATE utf8_unicode_ci NOT NULL,
  `title` varchar(255) COLLATE utf8_unicode_ci DEFAULT NULL,
  `field_body` text COLLATE utf8_unicode_ci,
  `dateCreated` datetime NOT NULL,
  `dateUpdated` datetime NOT NULL,
  `uid` char(36) COLLATE utf8_unicode_ci NOT NULL DEFAULT '0',
  PRIMARY KEY (`id`),
  UNIQUE KEY `craft_content_elementId_locale_unq_idx` (`elementId`,`locale`),
  KEY `craft_content_title_idx` (`title`),
  KEY `craft_content_locale_fk` (`locale`)
) ENGINE=InnoDB AUTO_INCREMENT=38 DEFAULT CHARSET=utf8 COLLATE=utf8_unicode_ci;

--
-- Data for table `craft_content`
--

INSERT INTO `craft_content` (`id`, `elementId`, `locale`, `title`, `field_body`, `dateCreated`, `dateUpdated`, `uid`) VALUES ('1', '1', 'en_us', NULL, NULL, '2015-05-26 00:03:43', '2015-05-26 00:03:43', 'd1a2ff27-73d3-425b-9acb-f05091929edc');
INSERT INTO `craft_content` (`id`, `elementId`, `locale`, `title`, `field_body`, `dateCreated`, `dateUpdated`, `uid`) VALUES ('2', '2', 'en_us', 'Homepage', '<p>It’s true, this site doesn’t have a whole lot of content yet, but don’t worry. Our web developers have just installed the CMS, and they’re setting things up for the content editors this very moment. Soon Localhost will be an oasis of fresh perspectives, sharp analyses, and astute opinions that will keep you coming back again and again.</p>', '2015-05-26 00:03:46', '2015-05-26 01:28:53', '0b30cf8b-dca1-427b-958c-68406cebd357');
INSERT INTO `craft_content` (`id`, `elementId`, `locale`, `title`, `field_body`, `dateCreated`, `dateUpdated`, `uid`) VALUES ('3', '3', 'en_us', 'News', '<p>Craft is the CMS that’s powering Localhost. It’s beautiful, powerful, flexible, and easy-to-use, and it’s made by Pixel &amp; Tonic. We can’t wait to dive in and see what it’s capable of!</p><!--pagebreak--><p>This is even more captivating content, which you couldn’t see on the News index page because it was entered after a Page Break, and the News index template only likes to show the content on the first page.</p><p>Craft: a nice alternative to Word, if you’re making a website.</p>', '2015-05-26 00:03:46', '2015-05-26 01:28:53', '3f9ac401-676a-4ba9-9634-73c5da290dda');
INSERT INTO `craft_content` (`id`, `elementId`, `locale`, `title`, `field_body`, `dateCreated`, `dateUpdated`, `uid`) VALUES ('4', '4', 'en_us', 'About', NULL, '2015-05-26 01:28:53', '2015-05-26 01:28:53', 'fc2f2db8-f2b1-49f9-bd2b-85a4b6cafadc');
INSERT INTO `craft_content` (`id`, `elementId`, `locale`, `title`, `field_body`, `dateCreated`, `dateUpdated`, `uid`) VALUES ('5', '5', 'en_us', 'Contact', NULL, '2015-05-26 01:28:53', '2015-05-26 01:28:53', '51cf6c5e-97e5-41ae-a0bd-2b4d4573d257');
INSERT INTO `craft_content` (`id`, `elementId`, `locale`, `title`, `field_body`, `dateCreated`, `dateUpdated`, `uid`) VALUES ('6', '6', 'en_us', 'Donation', NULL, '2015-05-26 01:28:53', '2015-05-26 01:28:53', 'a1ad9771-af79-45d4-8d9a-899b43818aeb');
INSERT INTO `craft_content` (`id`, `elementId`, `locale`, `title`, `field_body`, `dateCreated`, `dateUpdated`, `uid`) VALUES ('7', '7', 'en_us', 'Events', NULL, '2015-05-26 01:28:53', '2015-06-07 00:07:32', '1f0c1203-e2be-4b1b-9fdd-e669ca18274a');
INSERT INTO `craft_content` (`id`, `elementId`, `locale`, `title`, `field_body`, `dateCreated`, `dateUpdated`, `uid`) VALUES ('9', '9', 'en_us', 'Job Openings', NULL, '2015-05-26 01:28:53', '2015-05-26 01:28:53', 'c3a96472-d6f1-45b4-b167-daa24be01e2c');
INSERT INTO `craft_content` (`id`, `elementId`, `locale`, `title`, `field_body`, `dateCreated`, `dateUpdated`, `uid`) VALUES ('10', '10', 'en_us', 'Publications', NULL, '2015-05-26 01:28:53', '2015-05-26 01:28:53', '5b93ae55-b5e4-49b0-8ffc-8fee62fb7dcd');
INSERT INTO `craft_content` (`id`, `elementId`, `locale`, `title`, `field_body`, `dateCreated`, `dateUpdated`, `uid`) VALUES ('12', '12', 'en_us', 'Staff', NULL, '2015-05-26 01:28:53', '2015-05-26 01:28:53', '10fd899c-3562-4a75-b339-f554720ddb4a');
INSERT INTO `craft_content` (`id`, `elementId`, `locale`, `title`, `field_body`, `dateCreated`, `dateUpdated`, `uid`) VALUES ('14', '14', 'en_us', 'Broome', NULL, '2015-05-26 02:47:09', '2015-05-31 23:15:54', '3f6d65f3-8c92-4308-866d-60f73f9139c7');
INSERT INTO `craft_content` (`id`, `elementId`, `locale`, `title`, `field_body`, `dateCreated`, `dateUpdated`, `uid`) VALUES ('15', '18', 'en_us', 'Chemung', NULL, '2015-05-26 03:38:08', '2015-05-31 23:18:31', '877e5efa-2d1a-4a19-93e1-8904b1287c1d');
INSERT INTO `craft_content` (`id`, `elementId`, `locale`, `title`, `field_body`, `dateCreated`, `dateUpdated`, `uid`) VALUES ('16', '23', 'en_us', 'Chenango', NULL, '2015-05-26 04:08:24', '2015-05-31 23:22:29', 'e3555387-8e7f-4eb4-b84e-421f3653e742');
INSERT INTO `craft_content` (`id`, `elementId`, `locale`, `title`, `field_body`, `dateCreated`, `dateUpdated`, `uid`) VALUES ('17', '26', 'en_us', 'Cortland', NULL, '2015-05-26 04:21:04', '2015-05-31 23:23:57', '9d324abb-e542-40e6-8abc-1f5de06bea65');
INSERT INTO `craft_content` (`id`, `elementId`, `locale`, `title`, `field_body`, `dateCreated`, `dateUpdated`, `uid`) VALUES ('18', '29', 'en_us', 'Delaware', NULL, '2015-05-26 04:39:32', '2015-05-31 23:26:47', '33dfcc0f-346b-4e20-917c-e288eff83088');
INSERT INTO `craft_content` (`id`, `elementId`, `locale`, `title`, `field_body`, `dateCreated`, `dateUpdated`, `uid`) VALUES ('19', '36', 'en_us', 'Otsego', NULL, '2015-05-26 05:47:36', '2015-05-31 23:29:38', '5de04cc5-2acf-42b6-bced-4bb85a692d3c');
INSERT INTO `craft_content` (`id`, `elementId`, `locale`, `title`, `field_body`, `dateCreated`, `dateUpdated`, `uid`) VALUES ('20', '40', 'en_us', 'Tioga', NULL, '2015-05-26 05:49:58', '2015-05-31 23:30:20', 'dec3c80d-5146-4eee-811a-28cff7a61dea');
INSERT INTO `craft_content` (`id`, `elementId`, `locale`, `title`, `field_body`, `dateCreated`, `dateUpdated`, `uid`) VALUES ('21', '43', 'en_us', 'Tompkins', NULL, '2015-05-26 05:55:39', '2015-05-31 23:31:24', '8a88d0bd-6dc0-47cd-8d3b-3fd359ed627a');
INSERT INTO `craft_content` (`id`, `elementId`, `locale`, `title`, `field_body`, `dateCreated`, `dateUpdated`, `uid`) VALUES ('22', '47', 'en_us', NULL, NULL, '2015-06-06 19:23:44', '2015-06-06 19:23:44', '582b3bfe-d48b-4358-b9a6-62d9235b633e');
INSERT INTO `craft_content` (`id`, `elementId`, `locale`, `title`, `field_body`, `dateCreated`, `dateUpdated`, `uid`) VALUES ('23', '48', 'en_us', 'mudgauntlet', NULL, '2015-06-06 21:34:10', '2015-06-06 21:34:10', 'a1ad7878-5d60-4ecf-bcf7-341a1d4bca2b');
INSERT INTO `craft_content` (`id`, `elementId`, `locale`, `title`, `field_body`, `dateCreated`, `dateUpdated`, `uid`) VALUES ('24', '50', 'en_us', 'aidsride', NULL, '2015-06-06 21:38:41', '2015-06-06 21:38:41', '261c88a1-d9f9-4115-b168-e492a367183f');
INSERT INTO `craft_content` (`id`, `elementId`, `locale`, `title`, `field_body`, `dateCreated`, `dateUpdated`, `uid`) VALUES ('25', '52', 'en_us', 'hotcrossrun', NULL, '2015-06-06 23:50:41', '2015-06-06 23:50:41', '7e886fc2-6575-4ccc-baa7-12909445dd05');
INSERT INTO `craft_content` (`id`, `elementId`, `locale`, `title`, `field_body`, `dateCreated`, `dateUpdated`, `uid`) VALUES ('26', '54', 'en_us', 'HIV / AIDS 101', NULL, '2015-06-07 02:44:10', '2015-06-07 04:42:39', 'f68a7af2-13a6-431e-9510-27e843b30748');
INSERT INTO `craft_content` (`id`, `elementId`, `locale`, `title`, `field_body`, `dateCreated`, `dateUpdated`, `uid`) VALUES ('27', '67', 'en_us', 'Harm & Risk Reduction', NULL, '2015-06-07 03:45:33', '2015-06-07 04:42:39', 'dcc8a2e8-19cc-4a24-8495-ae1a89a881a9');
INSERT INTO `craft_content` (`id`, `elementId`, `locale`, `title`, `field_body`, `dateCreated`, `dateUpdated`, `uid`) VALUES ('28', '70', 'en_us', 'Condoms', NULL, '2015-06-07 03:49:52', '2015-06-07 04:42:39', '81a537df-46d2-4f6a-ae63-30418f19ff7e');
INSERT INTO `craft_content` (`id`, `elementId`, `locale`, `title`, `field_body`, `dateCreated`, `dateUpdated`, `uid`) VALUES ('29', '76', 'en_us', 'Post Exposure Prophylaxis', NULL, '2015-06-07 03:55:40', '2015-06-07 04:42:39', '6668cfcf-9636-4595-863a-e356aa44e2c5');
INSERT INTO `craft_content` (`id`, `elementId`, `locale`, `title`, `field_body`, `dateCreated`, `dateUpdated`, `uid`) VALUES ('30', '81', 'en_us', 'Prevention for Positives', NULL, '2015-06-07 03:56:41', '2015-06-07 04:42:39', '99bf0f92-367c-48c0-ba3a-f9ad16176bea');
INSERT INTO `craft_content` (`id`, `elementId`, `locale`, `title`, `field_body`, `dateCreated`, `dateUpdated`, `uid`) VALUES ('31', '84', 'en_us', 'Sexually Transmitted Infections', NULL, '2015-06-07 04:03:33', '2015-06-07 04:42:39', 'd334cd20-1d03-4b25-b7b7-ee2aca820a64');
INSERT INTO `craft_content` (`id`, `elementId`, `locale`, `title`, `field_body`, `dateCreated`, `dateUpdated`, `uid`) VALUES ('32', '88', 'en_us', 'Online Resources', NULL, '2015-06-08 22:11:37', '2015-06-08 22:11:37', 'aa1f8c30-91b1-40af-b654-19e0dcd95b8c');
INSERT INTO `craft_content` (`id`, `elementId`, `locale`, `title`, `field_body`, `dateCreated`, `dateUpdated`, `uid`) VALUES ('33', '107', 'en_us', 'Local Resources', NULL, '2015-06-08 22:15:25', '2015-06-08 22:15:25', '3ad68e65-dcdd-4022-9848-3b93a0c9d7c8');
INSERT INTO `craft_content` (`id`, `elementId`, `locale`, `title`, `field_body`, `dateCreated`, `dateUpdated`, `uid`) VALUES ('34', '117', 'en_us', 'HIV / AIDS / STD', NULL, '2015-06-08 22:48:28', '2015-06-08 22:48:28', '5504700c-f016-47c6-aa61-02860602d151');
INSERT INTO `craft_content` (`id`, `elementId`, `locale`, `title`, `field_body`, `dateCreated`, `dateUpdated`, `uid`) VALUES ('35', '136', 'en_us', 'Medical Research', NULL, '2015-06-08 22:49:47', '2015-06-08 22:49:47', 'bd4ac7dd-62e4-4247-bc72-8b7a1864f4e2');
INSERT INTO `craft_content` (`id`, `elementId`, `locale`, `title`, `field_body`, `dateCreated`, `dateUpdated`, `uid`) VALUES ('36', '140', 'en_us', 'Alcohol / Drugs Safer Sex', NULL, '2015-06-08 22:50:52', '2015-06-08 22:50:52', 'a5b474e3-1568-4a7c-8c8b-7869eb5643c3');
INSERT INTO `craft_content` (`id`, `elementId`, `locale`, `title`, `field_body`, `dateCreated`, `dateUpdated`, `uid`) VALUES ('37', '146', 'en_us', 'Lesbian, Gay, Bisexual & Transgender', NULL, '2015-06-08 22:55:01', '2015-06-08 22:55:01', '76b65ae1-00f3-495f-807e-370406418491');



DROP TABLE IF EXISTS `craft_deprecationerrors`;


--
-- Schema for table `craft_deprecationerrors`
--
CREATE TABLE `craft_deprecationerrors` (
  `id` int(11) NOT NULL AUTO_INCREMENT,
  `key` varchar(255) COLLATE utf8_unicode_ci NOT NULL,
  `fingerprint` varchar(255) COLLATE utf8_unicode_ci NOT NULL,
  `lastOccurrence` datetime NOT NULL,
  `file` varchar(255) COLLATE utf8_unicode_ci NOT NULL,
  `line` smallint(6) unsigned NOT NULL,
  `class` varchar(255) COLLATE utf8_unicode_ci DEFAULT NULL,
  `method` varchar(255) COLLATE utf8_unicode_ci DEFAULT NULL,
  `template` varchar(255) COLLATE utf8_unicode_ci DEFAULT NULL,
  `templateLine` smallint(6) unsigned DEFAULT NULL,
  `message` varchar(255) COLLATE utf8_unicode_ci DEFAULT NULL,
  `traces` text COLLATE utf8_unicode_ci,
  `dateCreated` datetime NOT NULL,
  `dateUpdated` datetime NOT NULL,
  `uid` char(36) COLLATE utf8_unicode_ci NOT NULL DEFAULT '0',
  PRIMARY KEY (`id`),
  UNIQUE KEY `craft_deprecationerrors_key_fingerprint_unq_idx` (`key`,`fingerprint`)
) ENGINE=InnoDB DEFAULT CHARSET=utf8 COLLATE=utf8_unicode_ci;

DROP TABLE IF EXISTS `craft_elements`;


--
-- Schema for table `craft_elements`
--
CREATE TABLE `craft_elements` (
  `id` int(11) NOT NULL AUTO_INCREMENT,
  `type` varchar(150) COLLATE utf8_unicode_ci NOT NULL,
  `enabled` tinyint(1) unsigned NOT NULL DEFAULT '1',
  `archived` tinyint(1) unsigned NOT NULL DEFAULT '0',
  `dateCreated` datetime NOT NULL,
  `dateUpdated` datetime NOT NULL,
  `uid` char(36) COLLATE utf8_unicode_ci NOT NULL DEFAULT '0',
  PRIMARY KEY (`id`),
  KEY `craft_elements_type_idx` (`type`),
  KEY `craft_elements_enabled_idx` (`enabled`),
  KEY `craft_elements_archived_dateCreated_idx` (`archived`,`dateCreated`)
) ENGINE=InnoDB AUTO_INCREMENT=160 DEFAULT CHARSET=utf8 COLLATE=utf8_unicode_ci;

--
-- Data for table `craft_elements`
--

INSERT INTO `craft_elements` (`id`, `type`, `enabled`, `archived`, `dateCreated`, `dateUpdated`, `uid`) VALUES ('1', 'User', '1', '0', '2015-05-26 00:03:43', '2015-05-26 00:03:43', 'd08f62ab-aa6b-4213-ba71-5a5948a3a913');
INSERT INTO `craft_elements` (`id`, `type`, `enabled`, `archived`, `dateCreated`, `dateUpdated`, `uid`) VALUES ('2', 'Entry', '1', '0', '2015-05-26 00:03:46', '2015-05-26 01:28:53', 'ee06e5eb-eaae-4bc8-89ba-b8b1c654842b');
INSERT INTO `craft_elements` (`id`, `type`, `enabled`, `archived`, `dateCreated`, `dateUpdated`, `uid`) VALUES ('3', 'Entry', '1', '0', '2015-05-26 00:03:46', '2015-05-26 01:28:53', '1e1afbcf-973f-4370-9967-f0fff50aefc1');
INSERT INTO `craft_elements` (`id`, `type`, `enabled`, `archived`, `dateCreated`, `dateUpdated`, `uid`) VALUES ('4', 'Entry', '1', '0', '2015-05-26 01:28:53', '2015-05-26 01:28:53', 'b9772d2d-48e1-4beb-8c80-5a693609fc5f');
INSERT INTO `craft_elements` (`id`, `type`, `enabled`, `archived`, `dateCreated`, `dateUpdated`, `uid`) VALUES ('5', 'Entry', '1', '0', '2015-05-26 01:28:53', '2015-05-26 01:28:53', '1eabca42-21fa-4a4d-93eb-58678c7fe153');
INSERT INTO `craft_elements` (`id`, `type`, `enabled`, `archived`, `dateCreated`, `dateUpdated`, `uid`) VALUES ('6', 'Entry', '1', '0', '2015-05-26 01:28:53', '2015-05-26 01:28:53', '61d698be-c04b-4a41-beee-da2c1db7ed74');
INSERT INTO `craft_elements` (`id`, `type`, `enabled`, `archived`, `dateCreated`, `dateUpdated`, `uid`) VALUES ('7', 'Entry', '1', '0', '2015-05-26 01:28:53', '2015-06-07 00:07:32', '669f4b9c-ef8b-4e24-8200-721a156fbd68');
INSERT INTO `craft_elements` (`id`, `type`, `enabled`, `archived`, `dateCreated`, `dateUpdated`, `uid`) VALUES ('9', 'Entry', '1', '0', '2015-05-26 01:28:53', '2015-05-26 01:28:53', 'db43919a-883f-405e-bc7e-60c38660477a');
INSERT INTO `craft_elements` (`id`, `type`, `enabled`, `archived`, `dateCreated`, `dateUpdated`, `uid`) VALUES ('10', 'Entry', '1', '0', '2015-05-26 01:28:53', '2015-05-26 01:28:53', '9db13a11-ce96-4ec0-abc5-980846af8ee0');
INSERT INTO `craft_elements` (`id`, `type`, `enabled`, `archived`, `dateCreated`, `dateUpdated`, `uid`) VALUES ('12', 'Entry', '1', '0', '2015-05-26 01:28:53', '2015-05-26 01:28:53', '3a8ffc11-9296-49e8-8d06-777f5e2872a8');
INSERT INTO `craft_elements` (`id`, `type`, `enabled`, `archived`, `dateCreated`, `dateUpdated`, `uid`) VALUES ('14', 'Entry', '1', '0', '2015-05-26 02:47:09', '2015-05-31 23:15:54', '41fea025-ea20-4e91-beb6-9fbd6331c122');
INSERT INTO `craft_elements` (`id`, `type`, `enabled`, `archived`, `dateCreated`, `dateUpdated`, `uid`) VALUES ('15', 'MatrixBlock', '1', '0', '2015-05-26 02:47:09', '2015-05-31 23:15:54', '12adfb79-3ef7-4607-9f14-535abb7daa0f');
INSERT INTO `craft_elements` (`id`, `type`, `enabled`, `archived`, `dateCreated`, `dateUpdated`, `uid`) VALUES ('16', 'MatrixBlock', '1', '0', '2015-05-26 03:33:40', '2015-05-31 23:15:55', 'effe4479-56ef-493e-9623-f455a93bd546');
INSERT INTO `craft_elements` (`id`, `type`, `enabled`, `archived`, `dateCreated`, `dateUpdated`, `uid`) VALUES ('17', 'MatrixBlock', '1', '0', '2015-05-26 03:33:40', '2015-05-31 23:15:55', '4c133893-97a8-460a-b137-2d010942552c');
INSERT INTO `craft_elements` (`id`, `type`, `enabled`, `archived`, `dateCreated`, `dateUpdated`, `uid`) VALUES ('18', 'Entry', '1', '0', '2015-05-26 03:38:08', '2015-05-31 23:18:31', '6c92db75-88fb-40fb-965b-1101458bc9da');
INSERT INTO `craft_elements` (`id`, `type`, `enabled`, `archived`, `dateCreated`, `dateUpdated`, `uid`) VALUES ('19', 'MatrixBlock', '1', '0', '2015-05-26 03:38:08', '2015-05-31 23:18:31', 'e9560769-8c37-4c61-ba56-bb72c5fbbc5e');
INSERT INTO `craft_elements` (`id`, `type`, `enabled`, `archived`, `dateCreated`, `dateUpdated`, `uid`) VALUES ('20', 'MatrixBlock', '1', '0', '2015-05-26 04:04:02', '2015-05-31 23:18:31', 'f763f7b2-8a49-4929-b8c5-8448e161c55f');
INSERT INTO `craft_elements` (`id`, `type`, `enabled`, `archived`, `dateCreated`, `dateUpdated`, `uid`) VALUES ('21', 'MatrixBlock', '1', '0', '2015-05-26 04:04:02', '2015-05-31 23:18:31', 'f84ca752-ad39-4a84-b9ae-88a847993707');
INSERT INTO `craft_elements` (`id`, `type`, `enabled`, `archived`, `dateCreated`, `dateUpdated`, `uid`) VALUES ('22', 'MatrixBlock', '1', '0', '2015-05-26 04:04:02', '2015-05-31 23:18:31', '04fa5288-952a-485f-bae7-e57b4149cfff');
INSERT INTO `craft_elements` (`id`, `type`, `enabled`, `archived`, `dateCreated`, `dateUpdated`, `uid`) VALUES ('23', 'Entry', '1', '0', '2015-05-26 04:08:24', '2015-05-31 23:22:29', '3b344bdf-d058-4709-a8be-32be701ea01a');
INSERT INTO `craft_elements` (`id`, `type`, `enabled`, `archived`, `dateCreated`, `dateUpdated`, `uid`) VALUES ('24', 'MatrixBlock', '1', '0', '2015-05-26 04:08:24', '2015-05-31 23:22:29', '6075edfb-703c-42e9-89b6-95d51aa2ca1c');
INSERT INTO `craft_elements` (`id`, `type`, `enabled`, `archived`, `dateCreated`, `dateUpdated`, `uid`) VALUES ('25', 'MatrixBlock', '1', '0', '2015-05-26 04:08:25', '2015-05-31 23:22:29', '20070953-9193-4851-82a4-9284f2af0399');
INSERT INTO `craft_elements` (`id`, `type`, `enabled`, `archived`, `dateCreated`, `dateUpdated`, `uid`) VALUES ('26', 'Entry', '1', '0', '2015-05-26 04:21:04', '2015-05-31 23:23:57', '9aeb1849-5182-4f94-819a-3b3e8a318344');
INSERT INTO `craft_elements` (`id`, `type`, `enabled`, `archived`, `dateCreated`, `dateUpdated`, `uid`) VALUES ('27', 'MatrixBlock', '1', '0', '2015-05-26 04:21:04', '2015-05-31 23:23:57', '5e8d226b-52ff-4d13-89a5-3a88f2207ab4');
INSERT INTO `craft_elements` (`id`, `type`, `enabled`, `archived`, `dateCreated`, `dateUpdated`, `uid`) VALUES ('28', 'MatrixBlock', '1', '0', '2015-05-26 04:21:04', '2015-05-31 23:23:57', '99d674a5-af33-4e43-ae2a-98538ea041df');
INSERT INTO `craft_elements` (`id`, `type`, `enabled`, `archived`, `dateCreated`, `dateUpdated`, `uid`) VALUES ('29', 'Entry', '1', '0', '2015-05-26 04:39:32', '2015-05-31 23:26:47', 'f838e396-cc94-440a-aecb-c4aa2aa41aee');
INSERT INTO `craft_elements` (`id`, `type`, `enabled`, `archived`, `dateCreated`, `dateUpdated`, `uid`) VALUES ('30', 'MatrixBlock', '1', '0', '2015-05-26 04:39:32', '2015-05-31 23:26:47', '2d3b6e17-f4c8-45cc-8845-b984ce63d01e');
INSERT INTO `craft_elements` (`id`, `type`, `enabled`, `archived`, `dateCreated`, `dateUpdated`, `uid`) VALUES ('31', 'MatrixBlock', '1', '0', '2015-05-26 04:39:32', '2015-05-31 23:26:47', '4e65f3d1-d901-4686-8203-9dd68a69d859');
INSERT INTO `craft_elements` (`id`, `type`, `enabled`, `archived`, `dateCreated`, `dateUpdated`, `uid`) VALUES ('32', 'MatrixBlock', '1', '0', '2015-05-26 04:39:32', '2015-05-31 23:26:47', '30439e49-02ae-4a1c-9b80-d943fa8437b8');
INSERT INTO `craft_elements` (`id`, `type`, `enabled`, `archived`, `dateCreated`, `dateUpdated`, `uid`) VALUES ('33', 'MatrixBlock', '1', '0', '2015-05-26 04:39:32', '2015-05-31 23:26:47', '6adcc01a-aa72-4daf-b8f5-57b4f373fef6');
INSERT INTO `craft_elements` (`id`, `type`, `enabled`, `archived`, `dateCreated`, `dateUpdated`, `uid`) VALUES ('34', 'MatrixBlock', '1', '0', '2015-05-26 04:39:32', '2015-05-31 23:26:47', 'eff6fdfc-c645-4326-8003-0d15187661df');
INSERT INTO `craft_elements` (`id`, `type`, `enabled`, `archived`, `dateCreated`, `dateUpdated`, `uid`) VALUES ('35', 'MatrixBlock', '1', '0', '2015-05-26 04:39:32', '2015-05-31 23:26:47', '6a7ebc20-4958-482e-a679-74fb90d768ef');
INSERT INTO `craft_elements` (`id`, `type`, `enabled`, `archived`, `dateCreated`, `dateUpdated`, `uid`) VALUES ('36', 'Entry', '1', '0', '2015-05-26 05:47:36', '2015-05-31 23:29:38', '1aaeb813-f24c-4b83-b9da-9fb201852108');
INSERT INTO `craft_elements` (`id`, `type`, `enabled`, `archived`, `dateCreated`, `dateUpdated`, `uid`) VALUES ('37', 'MatrixBlock', '1', '0', '2015-05-26 05:47:36', '2015-05-31 23:29:38', 'dcc6ad88-2253-4cc8-b902-d58e8813c637');
INSERT INTO `craft_elements` (`id`, `type`, `enabled`, `archived`, `dateCreated`, `dateUpdated`, `uid`) VALUES ('38', 'MatrixBlock', '1', '0', '2015-05-26 05:47:36', '2015-05-31 23:29:38', 'd50691dd-c584-4152-96dd-b4e32c6fab60');
INSERT INTO `craft_elements` (`id`, `type`, `enabled`, `archived`, `dateCreated`, `dateUpdated`, `uid`) VALUES ('39', 'MatrixBlock', '1', '0', '2015-05-26 05:47:36', '2015-05-31 23:29:38', 'ca6635f3-f5ce-45bc-84bc-a333333d9ca8');
INSERT INTO `craft_elements` (`id`, `type`, `enabled`, `archived`, `dateCreated`, `dateUpdated`, `uid`) VALUES ('40', 'Entry', '1', '0', '2015-05-26 05:49:58', '2015-05-31 23:30:20', 'f30b54a4-20fb-4bfb-ad34-8b798565e7a8');
INSERT INTO `craft_elements` (`id`, `type`, `enabled`, `archived`, `dateCreated`, `dateUpdated`, `uid`) VALUES ('41', 'MatrixBlock', '1', '0', '2015-05-26 05:49:58', '2015-05-31 23:30:20', '2951c77f-62b6-4c5d-b452-ad1089aa7dbe');
INSERT INTO `craft_elements` (`id`, `type`, `enabled`, `archived`, `dateCreated`, `dateUpdated`, `uid`) VALUES ('42', 'MatrixBlock', '1', '0', '2015-05-26 05:49:58', '2015-05-31 23:30:20', '6afef765-09e9-4052-863f-7b29b382a141');
INSERT INTO `craft_elements` (`id`, `type`, `enabled`, `archived`, `dateCreated`, `dateUpdated`, `uid`) VALUES ('43', 'Entry', '1', '0', '2015-05-26 05:55:39', '2015-05-31 23:31:24', 'f0093007-b593-4148-b8bf-d00215222bf8');
INSERT INTO `craft_elements` (`id`, `type`, `enabled`, `archived`, `dateCreated`, `dateUpdated`, `uid`) VALUES ('44', 'MatrixBlock', '1', '0', '2015-05-26 05:55:39', '2015-05-31 23:31:24', '9c840d19-506e-493a-82ac-61c7b5e88edd');
INSERT INTO `craft_elements` (`id`, `type`, `enabled`, `archived`, `dateCreated`, `dateUpdated`, `uid`) VALUES ('45', 'MatrixBlock', '1', '0', '2015-05-26 05:55:39', '2015-05-31 23:31:24', '721b6de2-3437-4e88-998a-5fc209ceba8d');
INSERT INTO `craft_elements` (`id`, `type`, `enabled`, `archived`, `dateCreated`, `dateUpdated`, `uid`) VALUES ('46', 'MatrixBlock', '1', '0', '2015-05-26 05:55:39', '2015-05-31 23:31:24', 'c2d2c8ab-5df7-4ea4-a33e-c689c05a9b40');
INSERT INTO `craft_elements` (`id`, `type`, `enabled`, `archived`, `dateCreated`, `dateUpdated`, `uid`) VALUES ('47', 'User', '1', '0', '2015-06-06 19:23:44', '2015-06-06 19:23:44', '2ba36d8d-f7ee-49c1-8a4e-bf308306bdf0');
INSERT INTO `craft_elements` (`id`, `type`, `enabled`, `archived`, `dateCreated`, `dateUpdated`, `uid`) VALUES ('48', 'Asset', '1', '0', '2015-06-06 21:34:10', '2015-06-06 21:34:10', '0696c90c-99f0-428b-9c26-8470b2adba83');
INSERT INTO `craft_elements` (`id`, `type`, `enabled`, `archived`, `dateCreated`, `dateUpdated`, `uid`) VALUES ('49', 'MatrixBlock', '1', '0', '2015-06-06 21:35:03', '2015-06-07 00:07:32', 'ac63700d-fc6e-40de-bb33-063e63353a62');
INSERT INTO `craft_elements` (`id`, `type`, `enabled`, `archived`, `dateCreated`, `dateUpdated`, `uid`) VALUES ('50', 'Asset', '1', '0', '2015-06-06 21:38:41', '2015-06-06 21:38:41', '62b75177-11c9-4f4a-8181-27ba9c83e80c');
INSERT INTO `craft_elements` (`id`, `type`, `enabled`, `archived`, `dateCreated`, `dateUpdated`, `uid`) VALUES ('51', 'MatrixBlock', '1', '0', '2015-06-06 21:38:54', '2015-06-07 00:07:32', '898b5824-3143-4be8-8726-561f962d8e7b');
INSERT INTO `craft_elements` (`id`, `type`, `enabled`, `archived`, `dateCreated`, `dateUpdated`, `uid`) VALUES ('52', 'Asset', '1', '0', '2015-06-06 23:50:41', '2015-06-06 23:50:41', 'a5925383-ea84-4660-8a0a-1f5794e441fb');
INSERT INTO `craft_elements` (`id`, `type`, `enabled`, `archived`, `dateCreated`, `dateUpdated`, `uid`) VALUES ('53', 'MatrixBlock', '1', '0', '2015-06-06 23:50:48', '2015-06-07 00:07:32', '548941ca-6ff5-4aa9-a11d-2eb87068b16e');
INSERT INTO `craft_elements` (`id`, `type`, `enabled`, `archived`, `dateCreated`, `dateUpdated`, `uid`) VALUES ('54', 'Entry', '1', '0', '2015-06-07 02:44:10', '2015-06-07 04:42:39', 'bf705d0e-157b-4d6c-adcf-9f979ac2962b');
INSERT INTO `craft_elements` (`id`, `type`, `enabled`, `archived`, `dateCreated`, `dateUpdated`, `uid`) VALUES ('55', 'MatrixBlock', '1', '0', '2015-06-07 02:44:10', '2015-06-07 02:50:45', '9732eb9a-f3fa-4d8a-bc73-abc4d8fae888');
INSERT INTO `craft_elements` (`id`, `type`, `enabled`, `archived`, `dateCreated`, `dateUpdated`, `uid`) VALUES ('56', 'MatrixBlock', '1', '0', '2015-06-07 02:50:45', '2015-06-07 02:50:45', '2bca79d8-aedf-4b74-965d-7c08020a016c');
INSERT INTO `craft_elements` (`id`, `type`, `enabled`, `archived`, `dateCreated`, `dateUpdated`, `uid`) VALUES ('57', 'MatrixBlock', '1', '0', '2015-06-07 02:50:45', '2015-06-07 02:50:45', '928a2208-fcec-4472-95ca-1ef5bd740127');
INSERT INTO `craft_elements` (`id`, `type`, `enabled`, `archived`, `dateCreated`, `dateUpdated`, `uid`) VALUES ('58', 'MatrixBlock', '1', '0', '2015-06-07 02:50:45', '2015-06-07 02:50:45', '2e363a9b-c781-46b9-864d-258e8856b12a');
INSERT INTO `craft_elements` (`id`, `type`, `enabled`, `archived`, `dateCreated`, `dateUpdated`, `uid`) VALUES ('59', 'MatrixBlock', '1', '0', '2015-06-07 02:50:45', '2015-06-07 02:50:45', '08dbf895-8ca5-491b-8a02-5a8f365b097a');
INSERT INTO `craft_elements` (`id`, `type`, `enabled`, `archived`, `dateCreated`, `dateUpdated`, `uid`) VALUES ('60', 'MatrixBlock', '1', '0', '2015-06-07 02:50:45', '2015-06-07 02:50:45', '85efeffd-bb97-47b7-b5bc-076720607dc7');
INSERT INTO `craft_elements` (`id`, `type`, `enabled`, `archived`, `dateCreated`, `dateUpdated`, `uid`) VALUES ('61', 'MatrixBlock', '1', '0', '2015-06-07 02:50:45', '2015-06-07 02:50:45', '1097cf4f-cec7-4e08-bfc6-994ad67c8946');
INSERT INTO `craft_elements` (`id`, `type`, `enabled`, `archived`, `dateCreated`, `dateUpdated`, `uid`) VALUES ('62', 'MatrixBlock', '1', '0', '2015-06-07 02:50:45', '2015-06-07 02:50:45', 'ebbdf784-1492-47f5-b52d-1207e1eba5b8');
INSERT INTO `craft_elements` (`id`, `type`, `enabled`, `archived`, `dateCreated`, `dateUpdated`, `uid`) VALUES ('63', 'MatrixBlock', '1', '0', '2015-06-07 02:50:45', '2015-06-07 02:50:45', 'f2f50c69-ff75-4bbb-b69f-f111618ce8c7');
INSERT INTO `craft_elements` (`id`, `type`, `enabled`, `archived`, `dateCreated`, `dateUpdated`, `uid`) VALUES ('64', 'MatrixBlock', '1', '0', '2015-06-07 02:50:45', '2015-06-07 02:50:45', '21c64a03-9aaa-464e-b8ec-74fad7a0c6a8');
INSERT INTO `craft_elements` (`id`, `type`, `enabled`, `archived`, `dateCreated`, `dateUpdated`, `uid`) VALUES ('65', 'MatrixBlock', '1', '0', '2015-06-07 02:50:45', '2015-06-07 02:50:45', 'f8804fb1-c01c-4aca-9e83-c846caac81d2');
INSERT INTO `craft_elements` (`id`, `type`, `enabled`, `archived`, `dateCreated`, `dateUpdated`, `uid`) VALUES ('66', 'MatrixBlock', '1', '0', '2015-06-07 02:50:45', '2015-06-07 02:50:45', 'c50a00ed-27da-4e82-a280-f2e66a2ce230');
INSERT INTO `craft_elements` (`id`, `type`, `enabled`, `archived`, `dateCreated`, `dateUpdated`, `uid`) VALUES ('67', 'Entry', '1', '0', '2015-06-07 03:45:33', '2015-06-07 04:42:39', 'b977fca5-783e-4bfc-aab5-c4154033c48f');
INSERT INTO `craft_elements` (`id`, `type`, `enabled`, `archived`, `dateCreated`, `dateUpdated`, `uid`) VALUES ('68', 'MatrixBlock', '1', '0', '2015-06-07 03:45:33', '2015-06-07 03:45:33', 'af1a8db7-a0b0-4986-81d5-9b8ce0f17fc4');
INSERT INTO `craft_elements` (`id`, `type`, `enabled`, `archived`, `dateCreated`, `dateUpdated`, `uid`) VALUES ('69', 'MatrixBlock', '1', '0', '2015-06-07 03:45:33', '2015-06-07 03:45:33', 'f12d7657-b608-448a-bb72-4a99ceb0d746');
INSERT INTO `craft_elements` (`id`, `type`, `enabled`, `archived`, `dateCreated`, `dateUpdated`, `uid`) VALUES ('70', 'Entry', '1', '0', '2015-06-07 03:49:52', '2015-06-07 04:42:39', 'b369d445-9815-4ce9-8767-80c34182b406');
INSERT INTO `craft_elements` (`id`, `type`, `enabled`, `archived`, `dateCreated`, `dateUpdated`, `uid`) VALUES ('71', 'MatrixBlock', '1', '0', '2015-06-07 03:49:52', '2015-06-07 03:49:52', '2a6b9aba-fcbd-47ab-bb98-bfd97c5791bd');
INSERT INTO `craft_elements` (`id`, `type`, `enabled`, `archived`, `dateCreated`, `dateUpdated`, `uid`) VALUES ('72', 'MatrixBlock', '1', '0', '2015-06-07 03:49:52', '2015-06-07 03:49:52', '98029b2c-a878-4f2a-8ce6-7302ae64cad3');
INSERT INTO `craft_elements` (`id`, `type`, `enabled`, `archived`, `dateCreated`, `dateUpdated`, `uid`) VALUES ('73', 'MatrixBlock', '1', '0', '2015-06-07 03:49:52', '2015-06-07 03:49:52', 'e484f68e-8b6b-4803-825f-ddac608dadee');
INSERT INTO `craft_elements` (`id`, `type`, `enabled`, `archived`, `dateCreated`, `dateUpdated`, `uid`) VALUES ('74', 'MatrixBlock', '1', '0', '2015-06-07 03:49:52', '2015-06-07 03:49:52', 'ebb04424-7549-4460-bb43-837d5fd42824');
INSERT INTO `craft_elements` (`id`, `type`, `enabled`, `archived`, `dateCreated`, `dateUpdated`, `uid`) VALUES ('75', 'MatrixBlock', '1', '0', '2015-06-07 03:49:52', '2015-06-07 03:49:52', 'cdab5876-728d-4bfa-b3eb-36eb539b26a0');
INSERT INTO `craft_elements` (`id`, `type`, `enabled`, `archived`, `dateCreated`, `dateUpdated`, `uid`) VALUES ('76', 'Entry', '1', '0', '2015-06-07 03:55:40', '2015-06-07 04:42:39', '3d2b3e92-f52a-4e80-92b6-9423bdd63d58');
INSERT INTO `craft_elements` (`id`, `type`, `enabled`, `archived`, `dateCreated`, `dateUpdated`, `uid`) VALUES ('77', 'MatrixBlock', '1', '0', '2015-06-07 03:55:40', '2015-06-07 03:55:40', '800bb0fb-fcae-43ed-85dd-8298f915ac15');
INSERT INTO `craft_elements` (`id`, `type`, `enabled`, `archived`, `dateCreated`, `dateUpdated`, `uid`) VALUES ('78', 'MatrixBlock', '1', '0', '2015-06-07 03:55:40', '2015-06-07 03:55:40', '56c589fa-088d-4d1a-98dc-1265095f2d12');
INSERT INTO `craft_elements` (`id`, `type`, `enabled`, `archived`, `dateCreated`, `dateUpdated`, `uid`) VALUES ('79', 'MatrixBlock', '1', '0', '2015-06-07 03:55:40', '2015-06-07 03:55:40', '6d25d993-9cab-4e25-9df3-77296c69c944');
INSERT INTO `craft_elements` (`id`, `type`, `enabled`, `archived`, `dateCreated`, `dateUpdated`, `uid`) VALUES ('80', 'MatrixBlock', '1', '0', '2015-06-07 03:55:40', '2015-06-07 03:55:40', '29c4dffe-ce94-4b3d-b641-3575480b831e');
INSERT INTO `craft_elements` (`id`, `type`, `enabled`, `archived`, `dateCreated`, `dateUpdated`, `uid`) VALUES ('81', 'Entry', '1', '0', '2015-06-07 03:56:41', '2015-06-07 04:42:39', 'eefcd7e2-6de2-4f2a-b26b-68a21c1ae1cd');
INSERT INTO `craft_elements` (`id`, `type`, `enabled`, `archived`, `dateCreated`, `dateUpdated`, `uid`) VALUES ('82', 'MatrixBlock', '1', '0', '2015-06-07 03:56:41', '2015-06-07 03:56:41', '6b1a8610-4183-4054-8cab-a254951f6e8a');
INSERT INTO `craft_elements` (`id`, `type`, `enabled`, `archived`, `dateCreated`, `dateUpdated`, `uid`) VALUES ('83', 'MatrixBlock', '1', '0', '2015-06-07 03:56:41', '2015-06-07 03:56:41', '334f0f64-bf70-4283-a827-75da30fcd643');
INSERT INTO `craft_elements` (`id`, `type`, `enabled`, `archived`, `dateCreated`, `dateUpdated`, `uid`) VALUES ('84', 'Entry', '1', '0', '2015-06-07 04:03:33', '2015-06-07 04:42:39', '787ef228-a832-4d46-9266-0263de260fa7');
INSERT INTO `craft_elements` (`id`, `type`, `enabled`, `archived`, `dateCreated`, `dateUpdated`, `uid`) VALUES ('85', 'MatrixBlock', '1', '0', '2015-06-07 04:03:33', '2015-06-07 04:11:14', '28d93b58-3a8d-4a98-98bc-ecae44f94df7');
INSERT INTO `craft_elements` (`id`, `type`, `enabled`, `archived`, `dateCreated`, `dateUpdated`, `uid`) VALUES ('86', 'MatrixBlock', '1', '0', '2015-06-07 04:03:33', '2015-06-07 04:11:14', '265089f4-8993-4638-974c-2dac9e7e6e26');
INSERT INTO `craft_elements` (`id`, `type`, `enabled`, `archived`, `dateCreated`, `dateUpdated`, `uid`) VALUES ('87', 'MatrixBlock', '1', '0', '2015-06-07 04:03:33', '2015-06-07 04:11:14', '2a3d5e1b-0836-452e-ba47-bbce948e80d1');
INSERT INTO `craft_elements` (`id`, `type`, `enabled`, `archived`, `dateCreated`, `dateUpdated`, `uid`) VALUES ('88', 'Entry', '1', '0', '2015-06-08 22:11:37', '2015-06-08 22:11:37', '0e45f019-0879-4e39-8a18-2f5cc1c22aac');
INSERT INTO `craft_elements` (`id`, `type`, `enabled`, `archived`, `dateCreated`, `dateUpdated`, `uid`) VALUES ('89', 'MatrixBlock', '1', '0', '2015-06-08 22:11:37', '2015-06-08 22:11:37', '3669adc3-3bfe-4a81-a68a-6cf169aa9020');
INSERT INTO `craft_elements` (`id`, `type`, `enabled`, `archived`, `dateCreated`, `dateUpdated`, `uid`) VALUES ('90', 'MatrixBlock', '1', '0', '2015-06-08 22:11:37', '2015-06-08 22:11:37', '540f621f-0fc8-4be5-b632-f501fcba897a');
INSERT INTO `craft_elements` (`id`, `type`, `enabled`, `archived`, `dateCreated`, `dateUpdated`, `uid`) VALUES ('91', 'MatrixBlock', '1', '0', '2015-06-08 22:11:37', '2015-06-08 22:11:37', '9e3ac0bf-64d4-49a3-acdc-0e0a3df90e89');
INSERT INTO `craft_elements` (`id`, `type`, `enabled`, `archived`, `dateCreated`, `dateUpdated`, `uid`) VALUES ('92', 'MatrixBlock', '1', '0', '2015-06-08 22:11:37', '2015-06-08 22:11:37', '53d3171d-9d8b-49ca-8ba5-7ed9eefcde70');
INSERT INTO `craft_elements` (`id`, `type`, `enabled`, `archived`, `dateCreated`, `dateUpdated`, `uid`) VALUES ('93', 'MatrixBlock', '1', '0', '2015-06-08 22:11:37', '2015-06-08 22:11:37', 'e4268125-4252-4508-bdef-1328e4644950');
INSERT INTO `craft_elements` (`id`, `type`, `enabled`, `archived`, `dateCreated`, `dateUpdated`, `uid`) VALUES ('94', 'MatrixBlock', '1', '0', '2015-06-08 22:11:37', '2015-06-08 22:11:37', 'c5b188d3-20ec-410a-9580-1dcf1a1f28ac');
INSERT INTO `craft_elements` (`id`, `type`, `enabled`, `archived`, `dateCreated`, `dateUpdated`, `uid`) VALUES ('95', 'MatrixBlock', '1', '0', '2015-06-08 22:11:37', '2015-06-08 22:11:37', '19778ceb-1e34-4ca0-b447-ec8b9ad86201');
INSERT INTO `craft_elements` (`id`, `type`, `enabled`, `archived`, `dateCreated`, `dateUpdated`, `uid`) VALUES ('96', 'MatrixBlock', '1', '0', '2015-06-08 22:11:37', '2015-06-08 22:11:37', '57b9dd60-6237-4b71-9c8e-d5a88a86f1e9');
INSERT INTO `craft_elements` (`id`, `type`, `enabled`, `archived`, `dateCreated`, `dateUpdated`, `uid`) VALUES ('97', 'MatrixBlock', '1', '0', '2015-06-08 22:11:37', '2015-06-08 22:11:37', '8b8055a7-2cc3-41eb-9f09-01c43ceb10e7');
INSERT INTO `craft_elements` (`id`, `type`, `enabled`, `archived`, `dateCreated`, `dateUpdated`, `uid`) VALUES ('98', 'MatrixBlock', '1', '0', '2015-06-08 22:11:37', '2015-06-08 22:11:37', 'c40125a9-cde9-4fbe-8835-97076dec7416');
INSERT INTO `craft_elements` (`id`, `type`, `enabled`, `archived`, `dateCreated`, `dateUpdated`, `uid`) VALUES ('99', 'MatrixBlock', '1', '0', '2015-06-08 22:11:37', '2015-06-08 22:11:37', 'f62bafad-9317-4418-aef6-f9bbc672dbd7');
INSERT INTO `craft_elements` (`id`, `type`, `enabled`, `archived`, `dateCreated`, `dateUpdated`, `uid`) VALUES ('100', 'MatrixBlock', '1', '0', '2015-06-08 22:11:37', '2015-06-08 22:11:37', 'fee85bd9-b357-4622-a05d-ee45186b4ebd');
INSERT INTO `craft_elements` (`id`, `type`, `enabled`, `archived`, `dateCreated`, `dateUpdated`, `uid`) VALUES ('101', 'MatrixBlock', '1', '0', '2015-06-08 22:11:37', '2015-06-08 22:11:37', 'a29840eb-6135-4fb1-bb5b-2e7ea1e7f390');
INSERT INTO `craft_elements` (`id`, `type`, `enabled`, `archived`, `dateCreated`, `dateUpdated`, `uid`) VALUES ('102', 'MatrixBlock', '1', '0', '2015-06-08 22:11:37', '2015-06-08 22:11:37', '46101e45-6497-428d-9cdf-8950934596ce');
INSERT INTO `craft_elements` (`id`, `type`, `enabled`, `archived`, `dateCreated`, `dateUpdated`, `uid`) VALUES ('103', 'MatrixBlock', '1', '0', '2015-06-08 22:11:37', '2015-06-08 22:11:37', '64870e6d-3bc0-4461-8afa-a469e52aceaa');
INSERT INTO `craft_elements` (`id`, `type`, `enabled`, `archived`, `dateCreated`, `dateUpdated`, `uid`) VALUES ('104', 'MatrixBlock', '1', '0', '2015-06-08 22:11:37', '2015-06-08 22:11:37', '75063a1e-1e04-4c98-bc62-34a64494ecac');
INSERT INTO `craft_elements` (`id`, `type`, `enabled`, `archived`, `dateCreated`, `dateUpdated`, `uid`) VALUES ('105', 'MatrixBlock', '1', '0', '2015-06-08 22:11:37', '2015-06-08 22:11:37', 'da8e214d-88e9-4a20-9ff4-d131eda6b9f0');
INSERT INTO `craft_elements` (`id`, `type`, `enabled`, `archived`, `dateCreated`, `dateUpdated`, `uid`) VALUES ('106', 'MatrixBlock', '1', '0', '2015-06-08 22:11:37', '2015-06-08 22:11:37', '18437056-6bc7-4f3a-af38-616a0add1abe');
INSERT INTO `craft_elements` (`id`, `type`, `enabled`, `archived`, `dateCreated`, `dateUpdated`, `uid`) VALUES ('107', 'Entry', '1', '0', '2015-06-08 22:15:25', '2015-06-08 22:15:25', 'b5011760-7669-4fc4-9179-ce6ee02d2beb');
INSERT INTO `craft_elements` (`id`, `type`, `enabled`, `archived`, `dateCreated`, `dateUpdated`, `uid`) VALUES ('108', 'MatrixBlock', '1', '0', '2015-06-08 22:15:25', '2015-06-08 22:15:25', '324c5b96-c36a-4d91-b28e-a498e5724d4d');
INSERT INTO `craft_elements` (`id`, `type`, `enabled`, `archived`, `dateCreated`, `dateUpdated`, `uid`) VALUES ('109', 'MatrixBlock', '1', '0', '2015-06-08 22:15:25', '2015-06-08 22:15:25', 'e219aade-6b2e-460e-b18e-53faeb7b3e6a');
INSERT INTO `craft_elements` (`id`, `type`, `enabled`, `archived`, `dateCreated`, `dateUpdated`, `uid`) VALUES ('110', 'MatrixBlock', '1', '0', '2015-06-08 22:15:25', '2015-06-08 22:15:25', 'e1119208-88e5-4c5f-b2f4-53e66659bd6f');
INSERT INTO `craft_elements` (`id`, `type`, `enabled`, `archived`, `dateCreated`, `dateUpdated`, `uid`) VALUES ('111', 'MatrixBlock', '1', '0', '2015-06-08 22:15:25', '2015-06-08 22:15:25', '794e39ff-4e73-412a-b177-b9c6dd14372e');
INSERT INTO `craft_elements` (`id`, `type`, `enabled`, `archived`, `dateCreated`, `dateUpdated`, `uid`) VALUES ('112', 'MatrixBlock', '1', '0', '2015-06-08 22:15:26', '2015-06-08 22:15:26', 'ba4c3245-503b-4d26-8715-369204db5e6d');
INSERT INTO `craft_elements` (`id`, `type`, `enabled`, `archived`, `dateCreated`, `dateUpdated`, `uid`) VALUES ('113', 'MatrixBlock', '1', '0', '2015-06-08 22:15:26', '2015-06-08 22:15:26', 'f3bb51ae-9d3b-4962-9fd6-d630dd64f978');
INSERT INTO `craft_elements` (`id`, `type`, `enabled`, `archived`, `dateCreated`, `dateUpdated`, `uid`) VALUES ('114', 'MatrixBlock', '1', '0', '2015-06-08 22:15:26', '2015-06-08 22:15:26', 'b51bc325-ddcc-48a7-9ae6-e913ffe126b1');
INSERT INTO `craft_elements` (`id`, `type`, `enabled`, `archived`, `dateCreated`, `dateUpdated`, `uid`) VALUES ('115', 'MatrixBlock', '1', '0', '2015-06-08 22:15:26', '2015-06-08 22:15:26', 'c8f52595-381d-43e6-91e3-48464999a56b');
INSERT INTO `craft_elements` (`id`, `type`, `enabled`, `archived`, `dateCreated`, `dateUpdated`, `uid`) VALUES ('116', 'MatrixBlock', '1', '0', '2015-06-08 22:15:26', '2015-06-08 22:15:26', '0003b2d1-3bc7-435d-bc00-fbf9b5d4c3e8');
INSERT INTO `craft_elements` (`id`, `type`, `enabled`, `archived`, `dateCreated`, `dateUpdated`, `uid`) VALUES ('117', 'Entry', '1', '0', '2015-06-08 22:48:28', '2015-06-08 22:48:28', 'eb3337a8-719f-4b4a-8778-6b7b6d78c58f');
INSERT INTO `craft_elements` (`id`, `type`, `enabled`, `archived`, `dateCreated`, `dateUpdated`, `uid`) VALUES ('118', 'MatrixBlock', '1', '0', '2015-06-08 22:48:28', '2015-06-08 22:48:28', 'd4ad0c54-e227-4785-8be0-cda77d446ccf');
INSERT INTO `craft_elements` (`id`, `type`, `enabled`, `archived`, `dateCreated`, `dateUpdated`, `uid`) VALUES ('119', 'MatrixBlock', '1', '0', '2015-06-08 22:48:28', '2015-06-08 22:48:28', 'cd0a3576-cf7f-410a-92fe-4f8de2e66f31');
INSERT INTO `craft_elements` (`id`, `type`, `enabled`, `archived`, `dateCreated`, `dateUpdated`, `uid`) VALUES ('120', 'MatrixBlock', '1', '0', '2015-06-08 22:48:28', '2015-06-08 22:48:28', '4480b4c2-c24f-4202-bdc4-e4f4ba25f0e4');
INSERT INTO `craft_elements` (`id`, `type`, `enabled`, `archived`, `dateCreated`, `dateUpdated`, `uid`) VALUES ('121', 'MatrixBlock', '1', '0', '2015-06-08 22:48:28', '2015-06-08 22:48:28', '0373244d-3be7-4dc7-b0ca-25dd76b765f3');
INSERT INTO `craft_elements` (`id`, `type`, `enabled`, `archived`, `dateCreated`, `dateUpdated`, `uid`) VALUES ('122', 'MatrixBlock', '1', '0', '2015-06-08 22:48:28', '2015-06-08 22:48:28', 'd8a0788d-bb1a-4dac-ae57-fedc1a9fc643');
INSERT INTO `craft_elements` (`id`, `type`, `enabled`, `archived`, `dateCreated`, `dateUpdated`, `uid`) VALUES ('123', 'MatrixBlock', '1', '0', '2015-06-08 22:48:28', '2015-06-08 22:48:28', 'f6e9f3e4-167c-4006-b9eb-d053e4d0b8ab');
INSERT INTO `craft_elements` (`id`, `type`, `enabled`, `archived`, `dateCreated`, `dateUpdated`, `uid`) VALUES ('124', 'MatrixBlock', '1', '0', '2015-06-08 22:48:28', '2015-06-08 22:48:28', 'd8691047-6a71-4255-a120-e7b4e3fd9ba7');
INSERT INTO `craft_elements` (`id`, `type`, `enabled`, `archived`, `dateCreated`, `dateUpdated`, `uid`) VALUES ('125', 'MatrixBlock', '1', '0', '2015-06-08 22:48:28', '2015-06-08 22:48:28', 'bbd1da87-355b-41be-ba1b-cd093ed42786');
INSERT INTO `craft_elements` (`id`, `type`, `enabled`, `archived`, `dateCreated`, `dateUpdated`, `uid`) VALUES ('126', 'MatrixBlock', '1', '0', '2015-06-08 22:48:28', '2015-06-08 22:48:28', 'a601881d-fca8-4276-af01-9b878ced98b1');
INSERT INTO `craft_elements` (`id`, `type`, `enabled`, `archived`, `dateCreated`, `dateUpdated`, `uid`) VALUES ('127', 'MatrixBlock', '1', '0', '2015-06-08 22:48:28', '2015-06-08 22:48:28', '1edba26f-3afa-46e6-bc13-3702c2394635');
INSERT INTO `craft_elements` (`id`, `type`, `enabled`, `archived`, `dateCreated`, `dateUpdated`, `uid`) VALUES ('128', 'MatrixBlock', '1', '0', '2015-06-08 22:48:28', '2015-06-08 22:48:28', '8c31793d-b979-49fc-8a63-89d9e8a7afe2');
INSERT INTO `craft_elements` (`id`, `type`, `enabled`, `archived`, `dateCreated`, `dateUpdated`, `uid`) VALUES ('129', 'MatrixBlock', '1', '0', '2015-06-08 22:48:28', '2015-06-08 22:48:28', 'db70b5b3-1155-4c4d-9574-4c4283d13593');
INSERT INTO `craft_elements` (`id`, `type`, `enabled`, `archived`, `dateCreated`, `dateUpdated`, `uid`) VALUES ('130', 'MatrixBlock', '1', '0', '2015-06-08 22:48:28', '2015-06-08 22:48:28', '49a0a1b7-6e07-4db2-b579-311fd5b1dee1');
INSERT INTO `craft_elements` (`id`, `type`, `enabled`, `archived`, `dateCreated`, `dateUpdated`, `uid`) VALUES ('131', 'MatrixBlock', '1', '0', '2015-06-08 22:48:28', '2015-06-08 22:48:28', 'fd91818e-96f0-475a-9fc4-d68eced37d46');
INSERT INTO `craft_elements` (`id`, `type`, `enabled`, `archived`, `dateCreated`, `dateUpdated`, `uid`) VALUES ('132', 'MatrixBlock', '1', '0', '2015-06-08 22:48:28', '2015-06-08 22:48:28', 'f687e515-b515-4746-acb7-039c9efe0886');
INSERT INTO `craft_elements` (`id`, `type`, `enabled`, `archived`, `dateCreated`, `dateUpdated`, `uid`) VALUES ('133', 'MatrixBlock', '1', '0', '2015-06-08 22:48:28', '2015-06-08 22:48:28', '7adf5afe-e2d1-4b28-92f3-b5d8cbff79e4');
INSERT INTO `craft_elements` (`id`, `type`, `enabled`, `archived`, `dateCreated`, `dateUpdated`, `uid`) VALUES ('134', 'MatrixBlock', '1', '0', '2015-06-08 22:48:28', '2015-06-08 22:48:28', '40b4bdfa-9574-48c5-b8d3-c29dc4a0277c');
INSERT INTO `craft_elements` (`id`, `type`, `enabled`, `archived`, `dateCreated`, `dateUpdated`, `uid`) VALUES ('135', 'MatrixBlock', '1', '0', '2015-06-08 22:48:28', '2015-06-08 22:48:28', '090883ac-df2e-4443-97b3-c095d5881106');
INSERT INTO `craft_elements` (`id`, `type`, `enabled`, `archived`, `dateCreated`, `dateUpdated`, `uid`) VALUES ('136', 'Entry', '1', '0', '2015-06-08 22:49:47', '2015-06-08 22:49:47', '49afc392-5a52-44a4-afba-5337d39d7cd9');
INSERT INTO `craft_elements` (`id`, `type`, `enabled`, `archived`, `dateCreated`, `dateUpdated`, `uid`) VALUES ('137', 'MatrixBlock', '1', '0', '2015-06-08 22:49:47', '2015-06-08 22:49:47', '14162469-da86-4fef-ae6b-daca0e5577bb');
INSERT INTO `craft_elements` (`id`, `type`, `enabled`, `archived`, `dateCreated`, `dateUpdated`, `uid`) VALUES ('138', 'MatrixBlock', '1', '0', '2015-06-08 22:49:47', '2015-06-08 22:49:47', '9c72e9f0-683d-487a-9dd4-ac3293c917f9');
INSERT INTO `craft_elements` (`id`, `type`, `enabled`, `archived`, `dateCreated`, `dateUpdated`, `uid`) VALUES ('139', 'MatrixBlock', '1', '0', '2015-06-08 22:49:47', '2015-06-08 22:49:47', '28ad7f0a-fd68-4e6d-a792-9845b961370d');
INSERT INTO `craft_elements` (`id`, `type`, `enabled`, `archived`, `dateCreated`, `dateUpdated`, `uid`) VALUES ('140', 'Entry', '1', '0', '2015-06-08 22:50:52', '2015-06-08 22:50:52', 'c2f45416-6540-4826-94e1-11e4c2743143');
INSERT INTO `craft_elements` (`id`, `type`, `enabled`, `archived`, `dateCreated`, `dateUpdated`, `uid`) VALUES ('141', 'MatrixBlock', '1', '0', '2015-06-08 22:50:52', '2015-06-08 22:50:52', '55d07c7c-b5d5-4308-924a-05314af62943');
INSERT INTO `craft_elements` (`id`, `type`, `enabled`, `archived`, `dateCreated`, `dateUpdated`, `uid`) VALUES ('142', 'MatrixBlock', '1', '0', '2015-06-08 22:50:52', '2015-06-08 22:50:52', '9d893b5c-67a0-4571-9575-fd0bfd8dc7ae');
INSERT INTO `craft_elements` (`id`, `type`, `enabled`, `archived`, `dateCreated`, `dateUpdated`, `uid`) VALUES ('143', 'MatrixBlock', '1', '0', '2015-06-08 22:50:52', '2015-06-08 22:50:52', '89fbb7f1-abbc-4d1c-87af-c2718539ca2e');
INSERT INTO `craft_elements` (`id`, `type`, `enabled`, `archived`, `dateCreated`, `dateUpdated`, `uid`) VALUES ('144', 'MatrixBlock', '1', '0', '2015-06-08 22:50:52', '2015-06-08 22:50:52', 'cf5e928a-26e7-45ab-8b03-baa39f5dfa13');
INSERT INTO `craft_elements` (`id`, `type`, `enabled`, `archived`, `dateCreated`, `dateUpdated`, `uid`) VALUES ('145', 'MatrixBlock', '1', '0', '2015-06-08 22:50:52', '2015-06-08 22:50:52', '9adc5ee6-2dd8-4655-9d95-6df351d4d20f');
INSERT INTO `craft_elements` (`id`, `type`, `enabled`, `archived`, `dateCreated`, `dateUpdated`, `uid`) VALUES ('146', 'Entry', '1', '0', '2015-06-08 22:55:01', '2015-06-08 22:55:01', '9750e5e0-6ae9-4682-acc9-38eee061e0e3');
INSERT INTO `craft_elements` (`id`, `type`, `enabled`, `archived`, `dateCreated`, `dateUpdated`, `uid`) VALUES ('147', 'MatrixBlock', '1', '0', '2015-06-08 22:55:01', '2015-06-08 22:55:01', '9e7a9132-ba38-4fda-8e0a-3285afeb758a');
INSERT INTO `craft_elements` (`id`, `type`, `enabled`, `archived`, `dateCreated`, `dateUpdated`, `uid`) VALUES ('148', 'MatrixBlock', '1', '0', '2015-06-08 22:55:01', '2015-06-08 22:55:01', '6832976e-0d29-4f8c-99ff-220114b3f36b');
INSERT INTO `craft_elements` (`id`, `type`, `enabled`, `archived`, `dateCreated`, `dateUpdated`, `uid`) VALUES ('149', 'MatrixBlock', '1', '0', '2015-06-08 22:55:01', '2015-06-08 22:55:01', '0f1e83a0-04be-4307-9f23-c651ba5b5051');
INSERT INTO `craft_elements` (`id`, `type`, `enabled`, `archived`, `dateCreated`, `dateUpdated`, `uid`) VALUES ('150', 'MatrixBlock', '1', '0', '2015-06-08 22:55:01', '2015-06-08 22:55:01', '0933f546-1ed4-485a-b8be-5ce64009c431');
INSERT INTO `craft_elements` (`id`, `type`, `enabled`, `archived`, `dateCreated`, `dateUpdated`, `uid`) VALUES ('151', 'MatrixBlock', '1', '0', '2015-06-08 22:55:01', '2015-06-08 22:55:01', '9bb032e6-2a83-48bf-8cf2-0f9319ba2410');
INSERT INTO `craft_elements` (`id`, `type`, `enabled`, `archived`, `dateCreated`, `dateUpdated`, `uid`) VALUES ('152', 'MatrixBlock', '1', '0', '2015-06-08 22:55:01', '2015-06-08 22:55:01', '31997f3b-15ed-4755-8cfa-272ab1763b06');
INSERT INTO `craft_elements` (`id`, `type`, `enabled`, `archived`, `dateCreated`, `dateUpdated`, `uid`) VALUES ('153', 'MatrixBlock', '1', '0', '2015-06-08 22:55:01', '2015-06-08 22:55:01', '33f57a0a-4450-44cb-b46a-7dec05e8a925');
INSERT INTO `craft_elements` (`id`, `type`, `enabled`, `archived`, `dateCreated`, `dateUpdated`, `uid`) VALUES ('154', 'MatrixBlock', '1', '0', '2015-06-08 22:55:01', '2015-06-08 22:55:01', 'cc612584-ccff-40bb-b9f5-e2163124e7fc');
INSERT INTO `craft_elements` (`id`, `type`, `enabled`, `archived`, `dateCreated`, `dateUpdated`, `uid`) VALUES ('155', 'MatrixBlock', '1', '0', '2015-06-08 22:55:01', '2015-06-08 22:55:01', '77832787-591b-4695-81a8-9a5a12b7f8ff');
INSERT INTO `craft_elements` (`id`, `type`, `enabled`, `archived`, `dateCreated`, `dateUpdated`, `uid`) VALUES ('156', 'MatrixBlock', '1', '0', '2015-06-08 22:55:01', '2015-06-08 22:55:01', '2b93b276-b653-4438-bfe7-50ab3cf41e35');
INSERT INTO `craft_elements` (`id`, `type`, `enabled`, `archived`, `dateCreated`, `dateUpdated`, `uid`) VALUES ('157', 'MatrixBlock', '1', '0', '2015-06-08 22:55:01', '2015-06-08 22:55:01', 'e316ff13-eb0a-4187-b54c-99247ec69023');
INSERT INTO `craft_elements` (`id`, `type`, `enabled`, `archived`, `dateCreated`, `dateUpdated`, `uid`) VALUES ('158', 'MatrixBlock', '1', '0', '2015-06-08 22:55:01', '2015-06-08 22:55:01', '18824176-04b1-4fb9-8e0b-f22e704d4753');
INSERT INTO `craft_elements` (`id`, `type`, `enabled`, `archived`, `dateCreated`, `dateUpdated`, `uid`) VALUES ('159', 'MatrixBlock', '1', '0', '2015-06-08 22:55:01', '2015-06-08 22:55:01', '6ecf4cf2-582c-4951-9ef1-a40ef7ab9bfc');



DROP TABLE IF EXISTS `craft_elements_i18n`;


--
-- Schema for table `craft_elements_i18n`
--
CREATE TABLE `craft_elements_i18n` (
  `id` int(11) NOT NULL AUTO_INCREMENT,
  `elementId` int(11) NOT NULL,
  `locale` char(12) COLLATE utf8_unicode_ci NOT NULL,
  `slug` varchar(255) COLLATE utf8_unicode_ci DEFAULT NULL,
  `uri` varchar(255) COLLATE utf8_unicode_ci DEFAULT NULL,
  `enabled` tinyint(1) unsigned NOT NULL DEFAULT '1',
  `dateCreated` datetime NOT NULL,
  `dateUpdated` datetime NOT NULL,
  `uid` char(36) COLLATE utf8_unicode_ci NOT NULL DEFAULT '0',
  PRIMARY KEY (`id`),
  UNIQUE KEY `craft_elements_i18n_elementId_locale_unq_idx` (`elementId`,`locale`),
  UNIQUE KEY `craft_elements_i18n_uri_locale_unq_idx` (`uri`,`locale`),
  KEY `craft_elements_i18n_slug_locale_idx` (`slug`,`locale`),
  KEY `craft_elements_i18n_enabled_idx` (`enabled`),
  KEY `craft_elements_i18n_locale_fk` (`locale`)
) ENGINE=InnoDB AUTO_INCREMENT=160 DEFAULT CHARSET=utf8 COLLATE=utf8_unicode_ci;

--
-- Data for table `craft_elements_i18n`
--

INSERT INTO `craft_elements_i18n` (`id`, `elementId`, `locale`, `slug`, `uri`, `enabled`, `dateCreated`, `dateUpdated`, `uid`) VALUES ('1', '1', 'en_us', '', NULL, '1', '2015-05-26 00:03:43', '2015-05-26 00:03:43', '8d3d7415-ca73-4a45-b6f7-6ab265fdcad5');
INSERT INTO `craft_elements_i18n` (`id`, `elementId`, `locale`, `slug`, `uri`, `enabled`, `dateCreated`, `dateUpdated`, `uid`) VALUES ('2', '2', 'en_us', 'homepage', '__home__', '1', '2015-05-26 00:03:46', '2015-05-26 01:28:53', '33ed9b79-5565-435b-9358-18358763d976');
INSERT INTO `craft_elements_i18n` (`id`, `elementId`, `locale`, `slug`, `uri`, `enabled`, `dateCreated`, `dateUpdated`, `uid`) VALUES ('3', '3', 'en_us', 'news', 'news', '1', '2015-05-26 00:03:46', '2015-05-26 01:28:53', 'f73879a3-07cd-433a-8f3d-fe79d1a0c299');
INSERT INTO `craft_elements_i18n` (`id`, `elementId`, `locale`, `slug`, `uri`, `enabled`, `dateCreated`, `dateUpdated`, `uid`) VALUES ('4', '4', 'en_us', 'about', 'about', '1', '2015-05-26 01:28:53', '2015-05-26 01:28:53', '748d8cb5-c313-4c63-8dd0-59ac47088ee2');
INSERT INTO `craft_elements_i18n` (`id`, `elementId`, `locale`, `slug`, `uri`, `enabled`, `dateCreated`, `dateUpdated`, `uid`) VALUES ('5', '5', 'en_us', 'contact', 'contact', '1', '2015-05-26 01:28:53', '2015-05-26 01:28:53', 'daf9fe19-e3e9-4655-9e61-0295b048460b');
INSERT INTO `craft_elements_i18n` (`id`, `elementId`, `locale`, `slug`, `uri`, `enabled`, `dateCreated`, `dateUpdated`, `uid`) VALUES ('6', '6', 'en_us', 'donation', 'donation', '1', '2015-05-26 01:28:53', '2015-05-26 01:28:53', '77d4002a-1e8f-4f9e-bf51-71472b5b3677');
INSERT INTO `craft_elements_i18n` (`id`, `elementId`, `locale`, `slug`, `uri`, `enabled`, `dateCreated`, `dateUpdated`, `uid`) VALUES ('7', '7', 'en_us', 'events', 'events', '1', '2015-05-26 01:28:53', '2015-06-07 00:07:32', '800337e5-bb0a-4fff-aeab-6874083f0ff3');
INSERT INTO `craft_elements_i18n` (`id`, `elementId`, `locale`, `slug`, `uri`, `enabled`, `dateCreated`, `dateUpdated`, `uid`) VALUES ('9', '9', 'en_us', 'jobOpenings', 'job-openings', '1', '2015-05-26 01:28:53', '2015-05-26 01:28:53', '4c42d406-5e25-45e1-bd1f-442e99f36d73');
INSERT INTO `craft_elements_i18n` (`id`, `elementId`, `locale`, `slug`, `uri`, `enabled`, `dateCreated`, `dateUpdated`, `uid`) VALUES ('10', '10', 'en_us', 'publications', 'publications', '1', '2015-05-26 01:28:53', '2015-05-26 01:28:53', '66efbe04-dcc7-4012-8bbb-01b455fe84c3');
INSERT INTO `craft_elements_i18n` (`id`, `elementId`, `locale`, `slug`, `uri`, `enabled`, `dateCreated`, `dateUpdated`, `uid`) VALUES ('12', '12', 'en_us', 'staff', 'staff', '1', '2015-05-26 01:28:53', '2015-05-26 01:28:53', 'a591aae3-8b59-499f-8d1f-f36ff245bb6e');
INSERT INTO `craft_elements_i18n` (`id`, `elementId`, `locale`, `slug`, `uri`, `enabled`, `dateCreated`, `dateUpdated`, `uid`) VALUES ('14', '14', 'en_us', 'broome', NULL, '1', '2015-05-26 02:47:09', '2015-05-31 23:15:54', '35625dda-d840-4bfa-8a56-81494dd60ecc');
INSERT INTO `craft_elements_i18n` (`id`, `elementId`, `locale`, `slug`, `uri`, `enabled`, `dateCreated`, `dateUpdated`, `uid`) VALUES ('15', '15', 'en_us', '', NULL, '1', '2015-05-26 02:47:09', '2015-05-31 23:15:54', 'c477ae18-bd65-420e-bf35-fd11854b76b9');
INSERT INTO `craft_elements_i18n` (`id`, `elementId`, `locale`, `slug`, `uri`, `enabled`, `dateCreated`, `dateUpdated`, `uid`) VALUES ('16', '16', 'en_us', '', NULL, '1', '2015-05-26 03:33:40', '2015-05-31 23:15:55', '08a16f4b-512f-4e3a-bbf3-2919d4d0760b');
INSERT INTO `craft_elements_i18n` (`id`, `elementId`, `locale`, `slug`, `uri`, `enabled`, `dateCreated`, `dateUpdated`, `uid`) VALUES ('17', '17', 'en_us', '', NULL, '1', '2015-05-26 03:33:40', '2015-05-31 23:15:55', '34536917-0943-4dba-8869-f631476f3215');
INSERT INTO `craft_elements_i18n` (`id`, `elementId`, `locale`, `slug`, `uri`, `enabled`, `dateCreated`, `dateUpdated`, `uid`) VALUES ('18', '18', 'en_us', 'chemung', NULL, '1', '2015-05-26 03:38:08', '2015-05-31 23:18:31', '2d9246f9-a464-43d6-9252-9eb7415dc86b');
INSERT INTO `craft_elements_i18n` (`id`, `elementId`, `locale`, `slug`, `uri`, `enabled`, `dateCreated`, `dateUpdated`, `uid`) VALUES ('19', '19', 'en_us', '', NULL, '1', '2015-05-26 03:38:08', '2015-05-31 23:18:31', 'b5466403-f71d-4a26-9220-c81d47c67805');
INSERT INTO `craft_elements_i18n` (`id`, `elementId`, `locale`, `slug`, `uri`, `enabled`, `dateCreated`, `dateUpdated`, `uid`) VALUES ('20', '20', 'en_us', '', NULL, '1', '2015-05-26 04:04:02', '2015-05-31 23:18:31', '0ec7b219-b1eb-4933-84fa-dd7e4d566031');
INSERT INTO `craft_elements_i18n` (`id`, `elementId`, `locale`, `slug`, `uri`, `enabled`, `dateCreated`, `dateUpdated`, `uid`) VALUES ('21', '21', 'en_us', '', NULL, '1', '2015-05-26 04:04:02', '2015-05-31 23:18:31', '54108878-2861-4cf2-98c5-4b0296949fcd');
INSERT INTO `craft_elements_i18n` (`id`, `elementId`, `locale`, `slug`, `uri`, `enabled`, `dateCreated`, `dateUpdated`, `uid`) VALUES ('22', '22', 'en_us', '', NULL, '1', '2015-05-26 04:04:02', '2015-05-31 23:18:31', '7dcc720c-a0b0-46d0-934d-1475cad7efe3');
INSERT INTO `craft_elements_i18n` (`id`, `elementId`, `locale`, `slug`, `uri`, `enabled`, `dateCreated`, `dateUpdated`, `uid`) VALUES ('23', '23', 'en_us', 'chenango', NULL, '1', '2015-05-26 04:08:24', '2015-05-31 23:22:29', '3604fd40-cc1b-4ce6-8b41-d8f71e35661c');
INSERT INTO `craft_elements_i18n` (`id`, `elementId`, `locale`, `slug`, `uri`, `enabled`, `dateCreated`, `dateUpdated`, `uid`) VALUES ('24', '24', 'en_us', '', NULL, '1', '2015-05-26 04:08:25', '2015-05-31 23:22:29', 'de282623-edd1-479b-9d44-5f63c8344a2a');
INSERT INTO `craft_elements_i18n` (`id`, `elementId`, `locale`, `slug`, `uri`, `enabled`, `dateCreated`, `dateUpdated`, `uid`) VALUES ('25', '25', 'en_us', '', NULL, '1', '2015-05-26 04:08:25', '2015-05-31 23:22:29', '382e728a-445d-494a-991f-c62ee9d59459');
INSERT INTO `craft_elements_i18n` (`id`, `elementId`, `locale`, `slug`, `uri`, `enabled`, `dateCreated`, `dateUpdated`, `uid`) VALUES ('26', '26', 'en_us', 'cortland', NULL, '1', '2015-05-26 04:21:04', '2015-05-31 23:23:57', '40cd2f8c-dd32-4ea6-b101-70848ba39541');
INSERT INTO `craft_elements_i18n` (`id`, `elementId`, `locale`, `slug`, `uri`, `enabled`, `dateCreated`, `dateUpdated`, `uid`) VALUES ('27', '27', 'en_us', '', NULL, '1', '2015-05-26 04:21:04', '2015-05-31 23:23:57', '196d5478-5369-427d-bd20-486de30fbd83');
INSERT INTO `craft_elements_i18n` (`id`, `elementId`, `locale`, `slug`, `uri`, `enabled`, `dateCreated`, `dateUpdated`, `uid`) VALUES ('28', '28', 'en_us', '', NULL, '1', '2015-05-26 04:21:04', '2015-05-31 23:23:57', '191ebfe2-1a17-41c2-b528-acb91cf494e3');
INSERT INTO `craft_elements_i18n` (`id`, `elementId`, `locale`, `slug`, `uri`, `enabled`, `dateCreated`, `dateUpdated`, `uid`) VALUES ('29', '29', 'en_us', 'delaware', NULL, '1', '2015-05-26 04:39:32', '2015-05-31 23:26:47', '5a649e21-6882-45de-95e1-9e8d2ada1970');
INSERT INTO `craft_elements_i18n` (`id`, `elementId`, `locale`, `slug`, `uri`, `enabled`, `dateCreated`, `dateUpdated`, `uid`) VALUES ('30', '30', 'en_us', '', NULL, '1', '2015-05-26 04:39:32', '2015-05-31 23:26:47', '1c41ac68-099e-4e6b-9daf-15b432a10fc5');
INSERT INTO `craft_elements_i18n` (`id`, `elementId`, `locale`, `slug`, `uri`, `enabled`, `dateCreated`, `dateUpdated`, `uid`) VALUES ('31', '31', 'en_us', '', NULL, '1', '2015-05-26 04:39:32', '2015-05-31 23:26:47', '9a2f2512-9ce8-487e-be32-b10b30da7788');
INSERT INTO `craft_elements_i18n` (`id`, `elementId`, `locale`, `slug`, `uri`, `enabled`, `dateCreated`, `dateUpdated`, `uid`) VALUES ('32', '32', 'en_us', '', NULL, '1', '2015-05-26 04:39:32', '2015-05-31 23:26:47', '50fc4cbb-69c1-4669-8592-08768b91cd95');
INSERT INTO `craft_elements_i18n` (`id`, `elementId`, `locale`, `slug`, `uri`, `enabled`, `dateCreated`, `dateUpdated`, `uid`) VALUES ('33', '33', 'en_us', '', NULL, '1', '2015-05-26 04:39:32', '2015-05-31 23:26:47', '317867ec-4970-4489-8ab8-7397be09bd80');
INSERT INTO `craft_elements_i18n` (`id`, `elementId`, `locale`, `slug`, `uri`, `enabled`, `dateCreated`, `dateUpdated`, `uid`) VALUES ('34', '34', 'en_us', '', NULL, '1', '2015-05-26 04:39:32', '2015-05-31 23:26:47', 'a97e6ef3-b343-4e68-9ebf-ea8b9d9dd5d1');
INSERT INTO `craft_elements_i18n` (`id`, `elementId`, `locale`, `slug`, `uri`, `enabled`, `dateCreated`, `dateUpdated`, `uid`) VALUES ('35', '35', 'en_us', '', NULL, '1', '2015-05-26 04:39:32', '2015-05-31 23:26:47', '5f5a6a2b-564d-415f-acd4-2645f72223c4');
INSERT INTO `craft_elements_i18n` (`id`, `elementId`, `locale`, `slug`, `uri`, `enabled`, `dateCreated`, `dateUpdated`, `uid`) VALUES ('36', '36', 'en_us', 'otsego', NULL, '1', '2015-05-26 05:47:36', '2015-05-31 23:29:38', 'daafd98c-bd4a-415b-a02f-9670c5432538');
INSERT INTO `craft_elements_i18n` (`id`, `elementId`, `locale`, `slug`, `uri`, `enabled`, `dateCreated`, `dateUpdated`, `uid`) VALUES ('37', '37', 'en_us', '', NULL, '1', '2015-05-26 05:47:36', '2015-05-31 23:29:38', '08106a75-e45a-470f-8e59-bb3efbf5d36f');
INSERT INTO `craft_elements_i18n` (`id`, `elementId`, `locale`, `slug`, `uri`, `enabled`, `dateCreated`, `dateUpdated`, `uid`) VALUES ('38', '38', 'en_us', '', NULL, '1', '2015-05-26 05:47:36', '2015-05-31 23:29:38', '0397d451-1c96-46f7-8428-7cb63c70f512');
INSERT INTO `craft_elements_i18n` (`id`, `elementId`, `locale`, `slug`, `uri`, `enabled`, `dateCreated`, `dateUpdated`, `uid`) VALUES ('39', '39', 'en_us', '', NULL, '1', '2015-05-26 05:47:36', '2015-05-31 23:29:38', '762d2235-a0e8-48b0-a6df-3a1adb152e41');
INSERT INTO `craft_elements_i18n` (`id`, `elementId`, `locale`, `slug`, `uri`, `enabled`, `dateCreated`, `dateUpdated`, `uid`) VALUES ('40', '40', 'en_us', 'tioga', NULL, '1', '2015-05-26 05:49:58', '2015-05-31 23:30:20', 'ce61fc82-7e2e-43bb-864a-a94b8f790268');
INSERT INTO `craft_elements_i18n` (`id`, `elementId`, `locale`, `slug`, `uri`, `enabled`, `dateCreated`, `dateUpdated`, `uid`) VALUES ('41', '41', 'en_us', '', NULL, '1', '2015-05-26 05:49:58', '2015-05-31 23:30:20', '35e791fc-c959-4c88-9897-52b53ba2db7e');
INSERT INTO `craft_elements_i18n` (`id`, `elementId`, `locale`, `slug`, `uri`, `enabled`, `dateCreated`, `dateUpdated`, `uid`) VALUES ('42', '42', 'en_us', '', NULL, '1', '2015-05-26 05:49:58', '2015-05-31 23:30:20', 'a54a1cb8-1f10-4c1c-9ab6-b6d173d9798a');
INSERT INTO `craft_elements_i18n` (`id`, `elementId`, `locale`, `slug`, `uri`, `enabled`, `dateCreated`, `dateUpdated`, `uid`) VALUES ('43', '43', 'en_us', 'tompkins', NULL, '1', '2015-05-26 05:55:39', '2015-05-31 23:31:24', 'fb9eba49-7f48-4b80-a118-9973fe961e7d');
INSERT INTO `craft_elements_i18n` (`id`, `elementId`, `locale`, `slug`, `uri`, `enabled`, `dateCreated`, `dateUpdated`, `uid`) VALUES ('44', '44', 'en_us', '', NULL, '1', '2015-05-26 05:55:39', '2015-05-31 23:31:24', '57f54b22-d415-43ad-9e53-3d39f49556f3');
INSERT INTO `craft_elements_i18n` (`id`, `elementId`, `locale`, `slug`, `uri`, `enabled`, `dateCreated`, `dateUpdated`, `uid`) VALUES ('45', '45', 'en_us', '', NULL, '1', '2015-05-26 05:55:39', '2015-05-31 23:31:24', '192078b8-a062-465d-8ea8-d87de92ca779');
INSERT INTO `craft_elements_i18n` (`id`, `elementId`, `locale`, `slug`, `uri`, `enabled`, `dateCreated`, `dateUpdated`, `uid`) VALUES ('46', '46', 'en_us', '', NULL, '1', '2015-05-26 05:55:39', '2015-05-31 23:31:24', '4f1f2edd-e14e-4e22-a7d5-473ef05cbf9e');
INSERT INTO `craft_elements_i18n` (`id`, `elementId`, `locale`, `slug`, `uri`, `enabled`, `dateCreated`, `dateUpdated`, `uid`) VALUES ('47', '47', 'en_us', '', NULL, '1', '2015-06-06 19:23:44', '2015-06-06 19:23:44', '5c76a0d8-128f-4951-a01c-a866520c4b38');
INSERT INTO `craft_elements_i18n` (`id`, `elementId`, `locale`, `slug`, `uri`, `enabled`, `dateCreated`, `dateUpdated`, `uid`) VALUES ('48', '48', 'en_us', 'mudgauntlet', NULL, '1', '2015-06-06 21:34:10', '2015-06-06 21:34:10', 'dd26d6bf-1df2-4efa-8099-c5d53e9c847c');
INSERT INTO `craft_elements_i18n` (`id`, `elementId`, `locale`, `slug`, `uri`, `enabled`, `dateCreated`, `dateUpdated`, `uid`) VALUES ('49', '49', 'en_us', '', NULL, '1', '2015-06-06 21:35:03', '2015-06-07 00:07:32', '8ff42306-e4ff-4faf-8a39-f61580080a3b');
INSERT INTO `craft_elements_i18n` (`id`, `elementId`, `locale`, `slug`, `uri`, `enabled`, `dateCreated`, `dateUpdated`, `uid`) VALUES ('50', '50', 'en_us', 'aidsride', NULL, '1', '2015-06-06 21:38:41', '2015-06-06 21:38:41', '3502b5b0-558c-43a4-b31b-2156156b12fe');
INSERT INTO `craft_elements_i18n` (`id`, `elementId`, `locale`, `slug`, `uri`, `enabled`, `dateCreated`, `dateUpdated`, `uid`) VALUES ('51', '51', 'en_us', '', NULL, '1', '2015-06-06 21:38:54', '2015-06-07 00:07:32', 'b0838fd6-afc7-4a36-9f9b-3a0080acfb40');
INSERT INTO `craft_elements_i18n` (`id`, `elementId`, `locale`, `slug`, `uri`, `enabled`, `dateCreated`, `dateUpdated`, `uid`) VALUES ('52', '52', 'en_us', 'hotcrossrun', NULL, '1', '2015-06-06 23:50:41', '2015-06-06 23:50:41', 'b71d6114-93ab-4072-8d5f-bfac91943a85');
INSERT INTO `craft_elements_i18n` (`id`, `elementId`, `locale`, `slug`, `uri`, `enabled`, `dateCreated`, `dateUpdated`, `uid`) VALUES ('53', '53', 'en_us', '', NULL, '1', '2015-06-06 23:50:48', '2015-06-07 00:07:32', '7eaf5e1a-fa1d-4061-b830-27781c197c62');
INSERT INTO `craft_elements_i18n` (`id`, `elementId`, `locale`, `slug`, `uri`, `enabled`, `dateCreated`, `dateUpdated`, `uid`) VALUES ('54', '54', 'en_us', 'hiv-aids-101', 'faq/hiv-aids-101', '1', '2015-06-07 02:44:10', '2015-06-07 04:42:39', 'a7f19b15-ddf0-4a72-9b0a-4789bf31040e');
INSERT INTO `craft_elements_i18n` (`id`, `elementId`, `locale`, `slug`, `uri`, `enabled`, `dateCreated`, `dateUpdated`, `uid`) VALUES ('55', '55', 'en_us', '', NULL, '1', '2015-06-07 02:44:10', '2015-06-07 02:50:45', '8b4b6ac9-bb40-4a2c-b1eb-34204ba647d1');
INSERT INTO `craft_elements_i18n` (`id`, `elementId`, `locale`, `slug`, `uri`, `enabled`, `dateCreated`, `dateUpdated`, `uid`) VALUES ('56', '56', 'en_us', '', NULL, '1', '2015-06-07 02:50:45', '2015-06-07 02:50:45', '4f88a224-bc74-48db-922a-50bca2b9e645');
INSERT INTO `craft_elements_i18n` (`id`, `elementId`, `locale`, `slug`, `uri`, `enabled`, `dateCreated`, `dateUpdated`, `uid`) VALUES ('57', '57', 'en_us', '', NULL, '1', '2015-06-07 02:50:45', '2015-06-07 02:50:45', 'a502b444-a7b1-4f1f-a47e-ceb044f4aef9');
INSERT INTO `craft_elements_i18n` (`id`, `elementId`, `locale`, `slug`, `uri`, `enabled`, `dateCreated`, `dateUpdated`, `uid`) VALUES ('58', '58', 'en_us', '', NULL, '1', '2015-06-07 02:50:45', '2015-06-07 02:50:45', '7edad440-0e50-443a-b877-a292db6b5869');
INSERT INTO `craft_elements_i18n` (`id`, `elementId`, `locale`, `slug`, `uri`, `enabled`, `dateCreated`, `dateUpdated`, `uid`) VALUES ('59', '59', 'en_us', '', NULL, '1', '2015-06-07 02:50:45', '2015-06-07 02:50:45', '91e6f4ce-4d10-4b7f-8dd3-b5fb14a025bf');
INSERT INTO `craft_elements_i18n` (`id`, `elementId`, `locale`, `slug`, `uri`, `enabled`, `dateCreated`, `dateUpdated`, `uid`) VALUES ('60', '60', 'en_us', '', NULL, '1', '2015-06-07 02:50:45', '2015-06-07 02:50:45', 'a942d336-7ecc-4049-a6cf-9363ccd64a15');
INSERT INTO `craft_elements_i18n` (`id`, `elementId`, `locale`, `slug`, `uri`, `enabled`, `dateCreated`, `dateUpdated`, `uid`) VALUES ('61', '61', 'en_us', '', NULL, '1', '2015-06-07 02:50:45', '2015-06-07 02:50:45', 'b4c63457-9808-488e-8d4a-40af9681c124');
INSERT INTO `craft_elements_i18n` (`id`, `elementId`, `locale`, `slug`, `uri`, `enabled`, `dateCreated`, `dateUpdated`, `uid`) VALUES ('62', '62', 'en_us', '', NULL, '1', '2015-06-07 02:50:45', '2015-06-07 02:50:45', '4b5867aa-0309-44a1-b955-4bdcdef7acd0');
INSERT INTO `craft_elements_i18n` (`id`, `elementId`, `locale`, `slug`, `uri`, `enabled`, `dateCreated`, `dateUpdated`, `uid`) VALUES ('63', '63', 'en_us', '', NULL, '1', '2015-06-07 02:50:45', '2015-06-07 02:50:45', 'a2efe731-6926-4a23-a343-6e3bb091e1a9');
INSERT INTO `craft_elements_i18n` (`id`, `elementId`, `locale`, `slug`, `uri`, `enabled`, `dateCreated`, `dateUpdated`, `uid`) VALUES ('64', '64', 'en_us', '', NULL, '1', '2015-06-07 02:50:45', '2015-06-07 02:50:45', '4f7e0806-4102-42bb-b7f8-a69218f9c756');
INSERT INTO `craft_elements_i18n` (`id`, `elementId`, `locale`, `slug`, `uri`, `enabled`, `dateCreated`, `dateUpdated`, `uid`) VALUES ('65', '65', 'en_us', '', NULL, '1', '2015-06-07 02:50:45', '2015-06-07 02:50:45', '19e54119-dbd4-40be-94c5-67065889b3b5');
INSERT INTO `craft_elements_i18n` (`id`, `elementId`, `locale`, `slug`, `uri`, `enabled`, `dateCreated`, `dateUpdated`, `uid`) VALUES ('66', '66', 'en_us', '', NULL, '1', '2015-06-07 02:50:45', '2015-06-07 02:50:45', '6ae17493-fe49-4733-9778-dfa75cd53b9b');
INSERT INTO `craft_elements_i18n` (`id`, `elementId`, `locale`, `slug`, `uri`, `enabled`, `dateCreated`, `dateUpdated`, `uid`) VALUES ('67', '67', 'en_us', 'harm-risk-reduction', 'faq/harm-risk-reduction', '1', '2015-06-07 03:45:33', '2015-06-07 04:42:39', 'fc1a481f-d1c3-4190-bd6e-1887fb885de0');
INSERT INTO `craft_elements_i18n` (`id`, `elementId`, `locale`, `slug`, `uri`, `enabled`, `dateCreated`, `dateUpdated`, `uid`) VALUES ('68', '68', 'en_us', '', NULL, '1', '2015-06-07 03:45:33', '2015-06-07 03:45:33', '9705a038-503f-485a-8c8d-1781f102fb73');
INSERT INTO `craft_elements_i18n` (`id`, `elementId`, `locale`, `slug`, `uri`, `enabled`, `dateCreated`, `dateUpdated`, `uid`) VALUES ('69', '69', 'en_us', '', NULL, '1', '2015-06-07 03:45:33', '2015-06-07 03:45:33', 'ce19a4cf-111f-4118-b06c-f0f3748e6793');
INSERT INTO `craft_elements_i18n` (`id`, `elementId`, `locale`, `slug`, `uri`, `enabled`, `dateCreated`, `dateUpdated`, `uid`) VALUES ('70', '70', 'en_us', 'condoms', 'faq/condoms', '1', '2015-06-07 03:49:52', '2015-06-07 04:42:39', '16eef90b-a362-498b-91ff-272f09e6cf4f');
INSERT INTO `craft_elements_i18n` (`id`, `elementId`, `locale`, `slug`, `uri`, `enabled`, `dateCreated`, `dateUpdated`, `uid`) VALUES ('71', '71', 'en_us', '', NULL, '1', '2015-06-07 03:49:52', '2015-06-07 03:49:52', '0718d49b-a473-42c6-b19b-2051ce59df86');
INSERT INTO `craft_elements_i18n` (`id`, `elementId`, `locale`, `slug`, `uri`, `enabled`, `dateCreated`, `dateUpdated`, `uid`) VALUES ('72', '72', 'en_us', '', NULL, '1', '2015-06-07 03:49:52', '2015-06-07 03:49:52', 'c86b7d52-a393-4e3c-b665-47d646d25765');
INSERT INTO `craft_elements_i18n` (`id`, `elementId`, `locale`, `slug`, `uri`, `enabled`, `dateCreated`, `dateUpdated`, `uid`) VALUES ('73', '73', 'en_us', '', NULL, '1', '2015-06-07 03:49:52', '2015-06-07 03:49:52', '01701044-6a46-42cc-b4d8-33b62b52f9dc');
INSERT INTO `craft_elements_i18n` (`id`, `elementId`, `locale`, `slug`, `uri`, `enabled`, `dateCreated`, `dateUpdated`, `uid`) VALUES ('74', '74', 'en_us', '', NULL, '1', '2015-06-07 03:49:52', '2015-06-07 03:49:52', 'c22d08ea-725b-4c41-ad85-6689ca330dc8');
INSERT INTO `craft_elements_i18n` (`id`, `elementId`, `locale`, `slug`, `uri`, `enabled`, `dateCreated`, `dateUpdated`, `uid`) VALUES ('75', '75', 'en_us', '', NULL, '1', '2015-06-07 03:49:52', '2015-06-07 03:49:52', 'e40b2029-ed96-4cf3-adc5-3f957fc5e037');
INSERT INTO `craft_elements_i18n` (`id`, `elementId`, `locale`, `slug`, `uri`, `enabled`, `dateCreated`, `dateUpdated`, `uid`) VALUES ('76', '76', 'en_us', 'post-exposure-prophylaxis', 'faq/post-exposure-prophylaxis', '1', '2015-06-07 03:55:40', '2015-06-07 04:42:39', '50d3a9c9-254d-4a8d-b81e-9b272169d3d1');
INSERT INTO `craft_elements_i18n` (`id`, `elementId`, `locale`, `slug`, `uri`, `enabled`, `dateCreated`, `dateUpdated`, `uid`) VALUES ('77', '77', 'en_us', '', NULL, '1', '2015-06-07 03:55:40', '2015-06-07 03:55:40', 'f38886a4-886d-4c09-be01-84e1e8bd0a63');
INSERT INTO `craft_elements_i18n` (`id`, `elementId`, `locale`, `slug`, `uri`, `enabled`, `dateCreated`, `dateUpdated`, `uid`) VALUES ('78', '78', 'en_us', '', NULL, '1', '2015-06-07 03:55:40', '2015-06-07 03:55:40', '4ec58cdc-47ac-4b30-b8cf-2731a33fe154');
INSERT INTO `craft_elements_i18n` (`id`, `elementId`, `locale`, `slug`, `uri`, `enabled`, `dateCreated`, `dateUpdated`, `uid`) VALUES ('79', '79', 'en_us', '', NULL, '1', '2015-06-07 03:55:40', '2015-06-07 03:55:40', '0cb248e3-7572-4649-841b-6d784cf6bc4a');
INSERT INTO `craft_elements_i18n` (`id`, `elementId`, `locale`, `slug`, `uri`, `enabled`, `dateCreated`, `dateUpdated`, `uid`) VALUES ('80', '80', 'en_us', '', NULL, '1', '2015-06-07 03:55:40', '2015-06-07 03:55:40', 'b6ccf020-bec6-4a1f-974f-c4b087fea58c');
INSERT INTO `craft_elements_i18n` (`id`, `elementId`, `locale`, `slug`, `uri`, `enabled`, `dateCreated`, `dateUpdated`, `uid`) VALUES ('81', '81', 'en_us', 'prevention-for-positives', 'faq/prevention-for-positives', '1', '2015-06-07 03:56:41', '2015-06-07 04:42:39', 'd8fe2187-70a6-4ad2-8baa-1e2d01f0cfc8');
INSERT INTO `craft_elements_i18n` (`id`, `elementId`, `locale`, `slug`, `uri`, `enabled`, `dateCreated`, `dateUpdated`, `uid`) VALUES ('82', '82', 'en_us', '', NULL, '1', '2015-06-07 03:56:41', '2015-06-07 03:56:41', 'e1a3b17b-60ba-46eb-978a-918d050d5e95');
INSERT INTO `craft_elements_i18n` (`id`, `elementId`, `locale`, `slug`, `uri`, `enabled`, `dateCreated`, `dateUpdated`, `uid`) VALUES ('83', '83', 'en_us', '', NULL, '1', '2015-06-07 03:56:41', '2015-06-07 03:56:41', 'aa3b8eb3-0d8d-4910-bec3-6e067bcc1080');
INSERT INTO `craft_elements_i18n` (`id`, `elementId`, `locale`, `slug`, `uri`, `enabled`, `dateCreated`, `dateUpdated`, `uid`) VALUES ('84', '84', 'en_us', 'sexually-transmitted-infections', 'faq/sexually-transmitted-infections', '1', '2015-06-07 04:03:33', '2015-06-07 04:42:40', '7042b1db-2df0-4315-957d-08012e79ca20');
INSERT INTO `craft_elements_i18n` (`id`, `elementId`, `locale`, `slug`, `uri`, `enabled`, `dateCreated`, `dateUpdated`, `uid`) VALUES ('85', '85', 'en_us', '', NULL, '1', '2015-06-07 04:03:33', '2015-06-07 04:11:14', '28d0f481-9e9f-4b52-afbe-3e4a8fcba23d');
INSERT INTO `craft_elements_i18n` (`id`, `elementId`, `locale`, `slug`, `uri`, `enabled`, `dateCreated`, `dateUpdated`, `uid`) VALUES ('86', '86', 'en_us', '', NULL, '1', '2015-06-07 04:03:33', '2015-06-07 04:11:14', '14e6c392-43e0-4e98-b3cb-ac1eb1258f44');
INSERT INTO `craft_elements_i18n` (`id`, `elementId`, `locale`, `slug`, `uri`, `enabled`, `dateCreated`, `dateUpdated`, `uid`) VALUES ('87', '87', 'en_us', '', NULL, '1', '2015-06-07 04:03:33', '2015-06-07 04:11:14', '37fd3c4e-7a70-45bf-a60e-bd304caa0cc3');
INSERT INTO `craft_elements_i18n` (`id`, `elementId`, `locale`, `slug`, `uri`, `enabled`, `dateCreated`, `dateUpdated`, `uid`) VALUES ('88', '88', 'en_us', 'online-resources', 'resources/online-resources', '1', '2015-06-08 22:11:37', '2015-06-08 22:11:37', 'e8ce146c-2df3-4cf6-a784-88946de6c76d');
INSERT INTO `craft_elements_i18n` (`id`, `elementId`, `locale`, `slug`, `uri`, `enabled`, `dateCreated`, `dateUpdated`, `uid`) VALUES ('89', '89', 'en_us', '', NULL, '1', '2015-06-08 22:11:37', '2015-06-08 22:11:37', '356c5110-aeac-4bc5-92bc-993b5dd1a8d9');
INSERT INTO `craft_elements_i18n` (`id`, `elementId`, `locale`, `slug`, `uri`, `enabled`, `dateCreated`, `dateUpdated`, `uid`) VALUES ('90', '90', 'en_us', '', NULL, '1', '2015-06-08 22:11:37', '2015-06-08 22:11:37', '5e812261-6d63-4e5b-8280-23be39ec8d57');
INSERT INTO `craft_elements_i18n` (`id`, `elementId`, `locale`, `slug`, `uri`, `enabled`, `dateCreated`, `dateUpdated`, `uid`) VALUES ('91', '91', 'en_us', '', NULL, '1', '2015-06-08 22:11:37', '2015-06-08 22:11:37', '8fa971d1-a63a-4448-a3e5-15c50112e361');
INSERT INTO `craft_elements_i18n` (`id`, `elementId`, `locale`, `slug`, `uri`, `enabled`, `dateCreated`, `dateUpdated`, `uid`) VALUES ('92', '92', 'en_us', '', NULL, '1', '2015-06-08 22:11:37', '2015-06-08 22:11:37', '2179ee5b-d057-403b-b20d-411941a0719b');
INSERT INTO `craft_elements_i18n` (`id`, `elementId`, `locale`, `slug`, `uri`, `enabled`, `dateCreated`, `dateUpdated`, `uid`) VALUES ('93', '93', 'en_us', '', NULL, '1', '2015-06-08 22:11:37', '2015-06-08 22:11:37', '92c1be77-70ef-4e7f-9c21-a1c44d36965b');
INSERT INTO `craft_elements_i18n` (`id`, `elementId`, `locale`, `slug`, `uri`, `enabled`, `dateCreated`, `dateUpdated`, `uid`) VALUES ('94', '94', 'en_us', '', NULL, '1', '2015-06-08 22:11:37', '2015-06-08 22:11:37', '889d2adc-2695-44eb-a197-cbff268d4c21');
INSERT INTO `craft_elements_i18n` (`id`, `elementId`, `locale`, `slug`, `uri`, `enabled`, `dateCreated`, `dateUpdated`, `uid`) VALUES ('95', '95', 'en_us', '', NULL, '1', '2015-06-08 22:11:37', '2015-06-08 22:11:37', 'db4ab6b9-aadb-452e-b210-1dba46a5448f');
INSERT INTO `craft_elements_i18n` (`id`, `elementId`, `locale`, `slug`, `uri`, `enabled`, `dateCreated`, `dateUpdated`, `uid`) VALUES ('96', '96', 'en_us', '', NULL, '1', '2015-06-08 22:11:37', '2015-06-08 22:11:37', 'fd56e0b8-25f7-4593-baff-b1dca0eb3645');
INSERT INTO `craft_elements_i18n` (`id`, `elementId`, `locale`, `slug`, `uri`, `enabled`, `dateCreated`, `dateUpdated`, `uid`) VALUES ('97', '97', 'en_us', '', NULL, '1', '2015-06-08 22:11:37', '2015-06-08 22:11:37', '439b56e8-eba2-4d47-a2dd-80e368e04f04');
INSERT INTO `craft_elements_i18n` (`id`, `elementId`, `locale`, `slug`, `uri`, `enabled`, `dateCreated`, `dateUpdated`, `uid`) VALUES ('98', '98', 'en_us', '', NULL, '1', '2015-06-08 22:11:37', '2015-06-08 22:11:37', '362a109b-b50f-4797-b8ae-de6cee2934bf');
INSERT INTO `craft_elements_i18n` (`id`, `elementId`, `locale`, `slug`, `uri`, `enabled`, `dateCreated`, `dateUpdated`, `uid`) VALUES ('99', '99', 'en_us', '', NULL, '1', '2015-06-08 22:11:37', '2015-06-08 22:11:37', '81bd62c4-217b-492c-8d37-85e8f9af776f');
INSERT INTO `craft_elements_i18n` (`id`, `elementId`, `locale`, `slug`, `uri`, `enabled`, `dateCreated`, `dateUpdated`, `uid`) VALUES ('100', '100', 'en_us', '', NULL, '1', '2015-06-08 22:11:37', '2015-06-08 22:11:37', '8ec42aa6-badc-4a32-962e-87ee0b88d06e');
INSERT INTO `craft_elements_i18n` (`id`, `elementId`, `locale`, `slug`, `uri`, `enabled`, `dateCreated`, `dateUpdated`, `uid`) VALUES ('101', '101', 'en_us', '', NULL, '1', '2015-06-08 22:11:37', '2015-06-08 22:11:37', '1b7427cd-e45c-4113-b05e-8cc06c831659');
INSERT INTO `craft_elements_i18n` (`id`, `elementId`, `locale`, `slug`, `uri`, `enabled`, `dateCreated`, `dateUpdated`, `uid`) VALUES ('102', '102', 'en_us', '', NULL, '1', '2015-06-08 22:11:37', '2015-06-08 22:11:37', 'ce39b9a8-9d54-4f30-8088-ddf83b3e83ed');
INSERT INTO `craft_elements_i18n` (`id`, `elementId`, `locale`, `slug`, `uri`, `enabled`, `dateCreated`, `dateUpdated`, `uid`) VALUES ('103', '103', 'en_us', '', NULL, '1', '2015-06-08 22:11:37', '2015-06-08 22:11:37', '7d6729da-2e1e-44c4-963d-340b4dcb23aa');
INSERT INTO `craft_elements_i18n` (`id`, `elementId`, `locale`, `slug`, `uri`, `enabled`, `dateCreated`, `dateUpdated`, `uid`) VALUES ('104', '104', 'en_us', '', NULL, '1', '2015-06-08 22:11:37', '2015-06-08 22:11:37', '60171452-ecbe-47af-bbf6-12016fc0330d');
INSERT INTO `craft_elements_i18n` (`id`, `elementId`, `locale`, `slug`, `uri`, `enabled`, `dateCreated`, `dateUpdated`, `uid`) VALUES ('105', '105', 'en_us', '', NULL, '1', '2015-06-08 22:11:37', '2015-06-08 22:11:37', '2d771197-ba19-4991-9710-40fa0c6a8b1a');
INSERT INTO `craft_elements_i18n` (`id`, `elementId`, `locale`, `slug`, `uri`, `enabled`, `dateCreated`, `dateUpdated`, `uid`) VALUES ('106', '106', 'en_us', '', NULL, '1', '2015-06-08 22:11:37', '2015-06-08 22:11:37', '228f047c-5d35-458d-9557-443ec05fae4e');
INSERT INTO `craft_elements_i18n` (`id`, `elementId`, `locale`, `slug`, `uri`, `enabled`, `dateCreated`, `dateUpdated`, `uid`) VALUES ('107', '107', 'en_us', 'local-resources', 'resources/local-resources', '1', '2015-06-08 22:15:25', '2015-06-08 22:15:25', '1d95eaba-1f48-4b48-a6cb-4666176bbea8');
INSERT INTO `craft_elements_i18n` (`id`, `elementId`, `locale`, `slug`, `uri`, `enabled`, `dateCreated`, `dateUpdated`, `uid`) VALUES ('108', '108', 'en_us', '', NULL, '1', '2015-06-08 22:15:25', '2015-06-08 22:15:25', '238dc6c0-bea9-4c09-af81-8e3f0da5fe7b');
INSERT INTO `craft_elements_i18n` (`id`, `elementId`, `locale`, `slug`, `uri`, `enabled`, `dateCreated`, `dateUpdated`, `uid`) VALUES ('109', '109', 'en_us', '', NULL, '1', '2015-06-08 22:15:25', '2015-06-08 22:15:25', '5108aa8f-18a4-488b-8e71-ba39890702f9');
INSERT INTO `craft_elements_i18n` (`id`, `elementId`, `locale`, `slug`, `uri`, `enabled`, `dateCreated`, `dateUpdated`, `uid`) VALUES ('110', '110', 'en_us', '', NULL, '1', '2015-06-08 22:15:25', '2015-06-08 22:15:25', '54d611f8-0e57-49d6-b350-80f5f8f794b6');
INSERT INTO `craft_elements_i18n` (`id`, `elementId`, `locale`, `slug`, `uri`, `enabled`, `dateCreated`, `dateUpdated`, `uid`) VALUES ('111', '111', 'en_us', '', NULL, '1', '2015-06-08 22:15:25', '2015-06-08 22:15:25', 'b79501e0-892a-4f75-9999-6dcdd4e79ce3');
INSERT INTO `craft_elements_i18n` (`id`, `elementId`, `locale`, `slug`, `uri`, `enabled`, `dateCreated`, `dateUpdated`, `uid`) VALUES ('112', '112', 'en_us', '', NULL, '1', '2015-06-08 22:15:26', '2015-06-08 22:15:26', 'd35fc65d-7a7a-46f7-8884-ef75802b79bf');
INSERT INTO `craft_elements_i18n` (`id`, `elementId`, `locale`, `slug`, `uri`, `enabled`, `dateCreated`, `dateUpdated`, `uid`) VALUES ('113', '113', 'en_us', '', NULL, '1', '2015-06-08 22:15:26', '2015-06-08 22:15:26', '677721f1-3430-4be5-83f3-5b8f3a76dedd');
INSERT INTO `craft_elements_i18n` (`id`, `elementId`, `locale`, `slug`, `uri`, `enabled`, `dateCreated`, `dateUpdated`, `uid`) VALUES ('114', '114', 'en_us', '', NULL, '1', '2015-06-08 22:15:26', '2015-06-08 22:15:26', 'ab6f579c-44d1-44be-be13-280d45f0f93e');
INSERT INTO `craft_elements_i18n` (`id`, `elementId`, `locale`, `slug`, `uri`, `enabled`, `dateCreated`, `dateUpdated`, `uid`) VALUES ('115', '115', 'en_us', '', NULL, '1', '2015-06-08 22:15:26', '2015-06-08 22:15:26', '077f6291-ce0c-400a-a3cd-dbc30a057bd3');
INSERT INTO `craft_elements_i18n` (`id`, `elementId`, `locale`, `slug`, `uri`, `enabled`, `dateCreated`, `dateUpdated`, `uid`) VALUES ('116', '116', 'en_us', '', NULL, '1', '2015-06-08 22:15:26', '2015-06-08 22:15:26', 'a3d38227-7a79-4875-8aff-394b1ed0459a');
INSERT INTO `craft_elements_i18n` (`id`, `elementId`, `locale`, `slug`, `uri`, `enabled`, `dateCreated`, `dateUpdated`, `uid`) VALUES ('117', '117', 'en_us', 'hiv-aids-std', 'resources/hiv-aids-std', '1', '2015-06-08 22:48:28', '2015-06-08 22:48:28', '5e3c9ec1-6078-4e15-9d40-77e20f8767a8');
INSERT INTO `craft_elements_i18n` (`id`, `elementId`, `locale`, `slug`, `uri`, `enabled`, `dateCreated`, `dateUpdated`, `uid`) VALUES ('118', '118', 'en_us', '', NULL, '1', '2015-06-08 22:48:28', '2015-06-08 22:48:28', 'bad5516a-7e92-4c5d-bc9e-1cf57ba806e7');
INSERT INTO `craft_elements_i18n` (`id`, `elementId`, `locale`, `slug`, `uri`, `enabled`, `dateCreated`, `dateUpdated`, `uid`) VALUES ('119', '119', 'en_us', '', NULL, '1', '2015-06-08 22:48:28', '2015-06-08 22:48:28', 'f7c8e18d-afbe-4dbe-90ee-b3aea28487f7');
INSERT INTO `craft_elements_i18n` (`id`, `elementId`, `locale`, `slug`, `uri`, `enabled`, `dateCreated`, `dateUpdated`, `uid`) VALUES ('120', '120', 'en_us', '', NULL, '1', '2015-06-08 22:48:28', '2015-06-08 22:48:28', '6722a2b9-42c9-4b74-95ba-fef27aa47251');
INSERT INTO `craft_elements_i18n` (`id`, `elementId`, `locale`, `slug`, `uri`, `enabled`, `dateCreated`, `dateUpdated`, `uid`) VALUES ('121', '121', 'en_us', '', NULL, '1', '2015-06-08 22:48:28', '2015-06-08 22:48:28', '51df5173-683e-4e66-810d-43a4cd63c357');
INSERT INTO `craft_elements_i18n` (`id`, `elementId`, `locale`, `slug`, `uri`, `enabled`, `dateCreated`, `dateUpdated`, `uid`) VALUES ('122', '122', 'en_us', '', NULL, '1', '2015-06-08 22:48:28', '2015-06-08 22:48:28', '55f00e0f-c0c1-4a5d-b0a1-dd8c120b6f1a');
INSERT INTO `craft_elements_i18n` (`id`, `elementId`, `locale`, `slug`, `uri`, `enabled`, `dateCreated`, `dateUpdated`, `uid`) VALUES ('123', '123', 'en_us', '', NULL, '1', '2015-06-08 22:48:28', '2015-06-08 22:48:28', 'eb03d234-a748-4f49-ae14-5c03adc66403');
INSERT INTO `craft_elements_i18n` (`id`, `elementId`, `locale`, `slug`, `uri`, `enabled`, `dateCreated`, `dateUpdated`, `uid`) VALUES ('124', '124', 'en_us', '', NULL, '1', '2015-06-08 22:48:28', '2015-06-08 22:48:28', '1af624e6-75b5-4bb1-8ac0-249224d78f89');
INSERT INTO `craft_elements_i18n` (`id`, `elementId`, `locale`, `slug`, `uri`, `enabled`, `dateCreated`, `dateUpdated`, `uid`) VALUES ('125', '125', 'en_us', '', NULL, '1', '2015-06-08 22:48:28', '2015-06-08 22:48:28', '8e5c45d2-422f-44f2-9938-dd74ff5b4940');
INSERT INTO `craft_elements_i18n` (`id`, `elementId`, `locale`, `slug`, `uri`, `enabled`, `dateCreated`, `dateUpdated`, `uid`) VALUES ('126', '126', 'en_us', '', NULL, '1', '2015-06-08 22:48:28', '2015-06-08 22:48:28', 'cd406d0c-3d05-454d-bf29-adab51ea9422');
INSERT INTO `craft_elements_i18n` (`id`, `elementId`, `locale`, `slug`, `uri`, `enabled`, `dateCreated`, `dateUpdated`, `uid`) VALUES ('127', '127', 'en_us', '', NULL, '1', '2015-06-08 22:48:28', '2015-06-08 22:48:28', 'e957635d-4cd0-404a-8060-41ef5a8f2534');
INSERT INTO `craft_elements_i18n` (`id`, `elementId`, `locale`, `slug`, `uri`, `enabled`, `dateCreated`, `dateUpdated`, `uid`) VALUES ('128', '128', 'en_us', '', NULL, '1', '2015-06-08 22:48:28', '2015-06-08 22:48:28', '57c9cfdf-afa5-45d1-801d-fd330e1a57cf');
INSERT INTO `craft_elements_i18n` (`id`, `elementId`, `locale`, `slug`, `uri`, `enabled`, `dateCreated`, `dateUpdated`, `uid`) VALUES ('129', '129', 'en_us', '', NULL, '1', '2015-06-08 22:48:28', '2015-06-08 22:48:28', 'c70e12c6-992c-4612-b862-5330451076b0');
INSERT INTO `craft_elements_i18n` (`id`, `elementId`, `locale`, `slug`, `uri`, `enabled`, `dateCreated`, `dateUpdated`, `uid`) VALUES ('130', '130', 'en_us', '', NULL, '1', '2015-06-08 22:48:28', '2015-06-08 22:48:28', 'e22cfd50-2968-43ec-9ae0-018f55f3e15f');
INSERT INTO `craft_elements_i18n` (`id`, `elementId`, `locale`, `slug`, `uri`, `enabled`, `dateCreated`, `dateUpdated`, `uid`) VALUES ('131', '131', 'en_us', '', NULL, '1', '2015-06-08 22:48:28', '2015-06-08 22:48:28', '2b23011d-fbb7-45a8-98a7-457e089c60f4');
INSERT INTO `craft_elements_i18n` (`id`, `elementId`, `locale`, `slug`, `uri`, `enabled`, `dateCreated`, `dateUpdated`, `uid`) VALUES ('132', '132', 'en_us', '', NULL, '1', '2015-06-08 22:48:28', '2015-06-08 22:48:28', 'c6e5ab29-3cbf-47b2-b223-f2b6849d5012');
INSERT INTO `craft_elements_i18n` (`id`, `elementId`, `locale`, `slug`, `uri`, `enabled`, `dateCreated`, `dateUpdated`, `uid`) VALUES ('133', '133', 'en_us', '', NULL, '1', '2015-06-08 22:48:28', '2015-06-08 22:48:28', 'd2db1249-0450-4e66-b7e7-8aead4e67075');
INSERT INTO `craft_elements_i18n` (`id`, `elementId`, `locale`, `slug`, `uri`, `enabled`, `dateCreated`, `dateUpdated`, `uid`) VALUES ('134', '134', 'en_us', '', NULL, '1', '2015-06-08 22:48:28', '2015-06-08 22:48:28', '38f9f038-4ba4-4159-ba85-0a8b41be8704');
INSERT INTO `craft_elements_i18n` (`id`, `elementId`, `locale`, `slug`, `uri`, `enabled`, `dateCreated`, `dateUpdated`, `uid`) VALUES ('135', '135', 'en_us', '', NULL, '1', '2015-06-08 22:48:28', '2015-06-08 22:48:28', '6985997b-2a35-4b2c-a5cb-76fe66522089');
INSERT INTO `craft_elements_i18n` (`id`, `elementId`, `locale`, `slug`, `uri`, `enabled`, `dateCreated`, `dateUpdated`, `uid`) VALUES ('136', '136', 'en_us', 'medical-research', 'resources/medical-research', '1', '2015-06-08 22:49:47', '2015-06-08 22:49:47', 'b45c7e6c-7778-490d-b571-8eec1b11014a');
INSERT INTO `craft_elements_i18n` (`id`, `elementId`, `locale`, `slug`, `uri`, `enabled`, `dateCreated`, `dateUpdated`, `uid`) VALUES ('137', '137', 'en_us', '', NULL, '1', '2015-06-08 22:49:47', '2015-06-08 22:49:47', 'e01d8141-a2ba-40dd-9e65-2ddd8dcdb48e');
INSERT INTO `craft_elements_i18n` (`id`, `elementId`, `locale`, `slug`, `uri`, `enabled`, `dateCreated`, `dateUpdated`, `uid`) VALUES ('138', '138', 'en_us', '', NULL, '1', '2015-06-08 22:49:47', '2015-06-08 22:49:47', 'eb7a3735-dfb4-4614-95c7-3baa0829adc0');
INSERT INTO `craft_elements_i18n` (`id`, `elementId`, `locale`, `slug`, `uri`, `enabled`, `dateCreated`, `dateUpdated`, `uid`) VALUES ('139', '139', 'en_us', '', NULL, '1', '2015-06-08 22:49:47', '2015-06-08 22:49:47', 'da49957e-54c1-4bec-9a89-c8b5b44902a5');
INSERT INTO `craft_elements_i18n` (`id`, `elementId`, `locale`, `slug`, `uri`, `enabled`, `dateCreated`, `dateUpdated`, `uid`) VALUES ('140', '140', 'en_us', 'alcohol-drugs-safer-sex', 'resources/alcohol-drugs-safer-sex', '1', '2015-06-08 22:50:52', '2015-06-08 22:50:52', '007d3102-1c93-4b49-b2c3-e2e02a372c47');
INSERT INTO `craft_elements_i18n` (`id`, `elementId`, `locale`, `slug`, `uri`, `enabled`, `dateCreated`, `dateUpdated`, `uid`) VALUES ('141', '141', 'en_us', '', NULL, '1', '2015-06-08 22:50:52', '2015-06-08 22:50:52', 'f6f149a5-eae1-4a8f-b44a-8e24b3196b2b');
INSERT INTO `craft_elements_i18n` (`id`, `elementId`, `locale`, `slug`, `uri`, `enabled`, `dateCreated`, `dateUpdated`, `uid`) VALUES ('142', '142', 'en_us', '', NULL, '1', '2015-06-08 22:50:52', '2015-06-08 22:50:52', '453a5b49-4e89-4e37-86bb-5534c1cae272');
INSERT INTO `craft_elements_i18n` (`id`, `elementId`, `locale`, `slug`, `uri`, `enabled`, `dateCreated`, `dateUpdated`, `uid`) VALUES ('143', '143', 'en_us', '', NULL, '1', '2015-06-08 22:50:52', '2015-06-08 22:50:52', '80a1e29a-c9b6-4cde-b990-e89d5758384d');
INSERT INTO `craft_elements_i18n` (`id`, `elementId`, `locale`, `slug`, `uri`, `enabled`, `dateCreated`, `dateUpdated`, `uid`) VALUES ('144', '144', 'en_us', '', NULL, '1', '2015-06-08 22:50:52', '2015-06-08 22:50:52', 'a18aa1c3-f7b3-4aba-8e44-f606760fe816');
INSERT INTO `craft_elements_i18n` (`id`, `elementId`, `locale`, `slug`, `uri`, `enabled`, `dateCreated`, `dateUpdated`, `uid`) VALUES ('145', '145', 'en_us', '', NULL, '1', '2015-06-08 22:50:52', '2015-06-08 22:50:52', 'f359e4bd-aa3b-4eaa-a160-1c425a53b4d9');
INSERT INTO `craft_elements_i18n` (`id`, `elementId`, `locale`, `slug`, `uri`, `enabled`, `dateCreated`, `dateUpdated`, `uid`) VALUES ('146', '146', 'en_us', 'lesbian-gay-bisexual-transgender', 'resources/lesbian-gay-bisexual-transgender', '1', '2015-06-08 22:55:01', '2015-06-08 22:55:01', '8d86e2b6-ca67-4a51-9dcc-350e707ba19e');
INSERT INTO `craft_elements_i18n` (`id`, `elementId`, `locale`, `slug`, `uri`, `enabled`, `dateCreated`, `dateUpdated`, `uid`) VALUES ('147', '147', 'en_us', '', NULL, '1', '2015-06-08 22:55:01', '2015-06-08 22:55:01', '613d14f5-1196-4bee-b80a-048a42c4386c');
INSERT INTO `craft_elements_i18n` (`id`, `elementId`, `locale`, `slug`, `uri`, `enabled`, `dateCreated`, `dateUpdated`, `uid`) VALUES ('148', '148', 'en_us', '', NULL, '1', '2015-06-08 22:55:01', '2015-06-08 22:55:01', '45ec6bef-a748-40d9-9eba-c28de0b3c3f2');
INSERT INTO `craft_elements_i18n` (`id`, `elementId`, `locale`, `slug`, `uri`, `enabled`, `dateCreated`, `dateUpdated`, `uid`) VALUES ('149', '149', 'en_us', '', NULL, '1', '2015-06-08 22:55:01', '2015-06-08 22:55:01', '0fb3dd8a-4312-461b-8caa-de812ae3c798');
INSERT INTO `craft_elements_i18n` (`id`, `elementId`, `locale`, `slug`, `uri`, `enabled`, `dateCreated`, `dateUpdated`, `uid`) VALUES ('150', '150', 'en_us', '', NULL, '1', '2015-06-08 22:55:01', '2015-06-08 22:55:01', '75ea4acd-ea75-465c-bb33-60850ced0c21');
INSERT INTO `craft_elements_i18n` (`id`, `elementId`, `locale`, `slug`, `uri`, `enabled`, `dateCreated`, `dateUpdated`, `uid`) VALUES ('151', '151', 'en_us', '', NULL, '1', '2015-06-08 22:55:01', '2015-06-08 22:55:01', '15043df1-5997-490e-93ce-94914fd25b82');
INSERT INTO `craft_elements_i18n` (`id`, `elementId`, `locale`, `slug`, `uri`, `enabled`, `dateCreated`, `dateUpdated`, `uid`) VALUES ('152', '152', 'en_us', '', NULL, '1', '2015-06-08 22:55:01', '2015-06-08 22:55:01', '929ee5fc-3e87-4d90-978c-80a4d1eeaff4');
INSERT INTO `craft_elements_i18n` (`id`, `elementId`, `locale`, `slug`, `uri`, `enabled`, `dateCreated`, `dateUpdated`, `uid`) VALUES ('153', '153', 'en_us', '', NULL, '1', '2015-06-08 22:55:01', '2015-06-08 22:55:01', 'a87b9ab6-c6b6-4150-8db8-0a92e9878ffd');
INSERT INTO `craft_elements_i18n` (`id`, `elementId`, `locale`, `slug`, `uri`, `enabled`, `dateCreated`, `dateUpdated`, `uid`) VALUES ('154', '154', 'en_us', '', NULL, '1', '2015-06-08 22:55:01', '2015-06-08 22:55:01', 'b26de7f1-757f-4124-b018-2dc8431d0f2c');
INSERT INTO `craft_elements_i18n` (`id`, `elementId`, `locale`, `slug`, `uri`, `enabled`, `dateCreated`, `dateUpdated`, `uid`) VALUES ('155', '155', 'en_us', '', NULL, '1', '2015-06-08 22:55:01', '2015-06-08 22:55:01', '579afb63-414c-4501-80a5-950455a860a0');
INSERT INTO `craft_elements_i18n` (`id`, `elementId`, `locale`, `slug`, `uri`, `enabled`, `dateCreated`, `dateUpdated`, `uid`) VALUES ('156', '156', 'en_us', '', NULL, '1', '2015-06-08 22:55:01', '2015-06-08 22:55:01', '4b3a520d-340c-424f-bbae-88a4b62169d5');
INSERT INTO `craft_elements_i18n` (`id`, `elementId`, `locale`, `slug`, `uri`, `enabled`, `dateCreated`, `dateUpdated`, `uid`) VALUES ('157', '157', 'en_us', '', NULL, '1', '2015-06-08 22:55:01', '2015-06-08 22:55:01', 'f5e2a198-fab4-4f05-a202-5152efe19d64');
INSERT INTO `craft_elements_i18n` (`id`, `elementId`, `locale`, `slug`, `uri`, `enabled`, `dateCreated`, `dateUpdated`, `uid`) VALUES ('158', '158', 'en_us', '', NULL, '1', '2015-06-08 22:55:01', '2015-06-08 22:55:01', '6b2b9494-a978-4f0b-a57d-7abdabf2cd84');
INSERT INTO `craft_elements_i18n` (`id`, `elementId`, `locale`, `slug`, `uri`, `enabled`, `dateCreated`, `dateUpdated`, `uid`) VALUES ('159', '159', 'en_us', '', NULL, '1', '2015-06-08 22:55:01', '2015-06-08 22:55:01', '9f01098b-1dbb-4ded-a677-689975f388a0');



DROP TABLE IF EXISTS `craft_emailmessages`;


--
-- Schema for table `craft_emailmessages`
--
CREATE TABLE `craft_emailmessages` (
  `id` int(11) NOT NULL AUTO_INCREMENT,
  `key` char(150) COLLATE utf8_unicode_ci NOT NULL,
  `locale` char(12) COLLATE utf8_unicode_ci NOT NULL,
  `subject` varchar(1000) COLLATE utf8_unicode_ci NOT NULL,
  `body` text COLLATE utf8_unicode_ci NOT NULL,
  `dateCreated` datetime NOT NULL,
  `dateUpdated` datetime NOT NULL,
  `uid` char(36) COLLATE utf8_unicode_ci NOT NULL DEFAULT '0',
  PRIMARY KEY (`id`),
  UNIQUE KEY `craft_emailmessages_key_locale_unq_idx` (`key`,`locale`),
  KEY `craft_emailmessages_locale_fk` (`locale`)
) ENGINE=InnoDB DEFAULT CHARSET=utf8 COLLATE=utf8_unicode_ci;

DROP TABLE IF EXISTS `craft_entries`;


--
-- Schema for table `craft_entries`
--
CREATE TABLE `craft_entries` (
  `id` int(11) NOT NULL,
  `sectionId` int(11) NOT NULL,
  `typeId` int(11) DEFAULT NULL,
  `authorId` int(11) DEFAULT NULL,
  `postDate` datetime DEFAULT NULL,
  `expiryDate` datetime DEFAULT NULL,
  `dateCreated` datetime NOT NULL,
  `dateUpdated` datetime NOT NULL,
  `uid` char(36) COLLATE utf8_unicode_ci NOT NULL DEFAULT '0',
  PRIMARY KEY (`id`),
  KEY `craft_entries_sectionId_idx` (`sectionId`),
  KEY `craft_entries_typeId_idx` (`typeId`),
  KEY `craft_entries_postDate_idx` (`postDate`),
  KEY `craft_entries_expiryDate_idx` (`expiryDate`),
  KEY `craft_entries_authorId_fk` (`authorId`)
) ENGINE=InnoDB DEFAULT CHARSET=utf8 COLLATE=utf8_unicode_ci;

--
-- Data for table `craft_entries`
--

INSERT INTO `craft_entries` (`id`, `sectionId`, `typeId`, `authorId`, `postDate`, `expiryDate`, `dateCreated`, `dateUpdated`, `uid`) VALUES ('2', '1', '1', NULL, '2015-05-26 01:28:53', NULL, '2015-05-26 00:03:46', '2015-05-26 01:28:53', '57dbbda8-19d9-4fe0-a95f-033bd5702b06');
INSERT INTO `craft_entries` (`id`, `sectionId`, `typeId`, `authorId`, `postDate`, `expiryDate`, `dateCreated`, `dateUpdated`, `uid`) VALUES ('3', '2', '2', NULL, '2015-05-26 01:28:53', NULL, '2015-05-26 00:03:46', '2015-05-26 01:28:53', 'fd876c52-097f-43bd-a39f-81521af93185');
INSERT INTO `craft_entries` (`id`, `sectionId`, `typeId`, `authorId`, `postDate`, `expiryDate`, `dateCreated`, `dateUpdated`, `uid`) VALUES ('4', '3', '3', NULL, '2015-05-26 01:28:53', NULL, '2015-05-26 01:28:53', '2015-05-26 01:28:53', '3e3bfa69-6ee2-4246-bc0d-a8e9f247f49e');
INSERT INTO `craft_entries` (`id`, `sectionId`, `typeId`, `authorId`, `postDate`, `expiryDate`, `dateCreated`, `dateUpdated`, `uid`) VALUES ('5', '4', '4', NULL, '2015-05-26 01:28:53', NULL, '2015-05-26 01:28:53', '2015-05-26 01:28:53', '91f91ecd-9346-49f7-9715-6fbcb2a4a2a5');
INSERT INTO `craft_entries` (`id`, `sectionId`, `typeId`, `authorId`, `postDate`, `expiryDate`, `dateCreated`, `dateUpdated`, `uid`) VALUES ('6', '5', '5', NULL, '2015-05-26 01:28:53', NULL, '2015-05-26 01:28:53', '2015-05-26 01:28:53', 'bf5f411a-4103-4d0e-8603-75beb800b630');
INSERT INTO `craft_entries` (`id`, `sectionId`, `typeId`, `authorId`, `postDate`, `expiryDate`, `dateCreated`, `dateUpdated`, `uid`) VALUES ('7', '6', '6', NULL, '2015-05-26 01:28:53', NULL, '2015-05-26 01:28:53', '2015-06-07 00:07:32', 'a1fe6c08-5150-4100-857f-20aaf27be191');
INSERT INTO `craft_entries` (`id`, `sectionId`, `typeId`, `authorId`, `postDate`, `expiryDate`, `dateCreated`, `dateUpdated`, `uid`) VALUES ('9', '10', '10', NULL, '2015-05-26 01:28:53', NULL, '2015-05-26 01:28:53', '2015-05-26 01:28:53', '6eefecdb-63c9-4ea8-9bb2-feabbef4673b');
INSERT INTO `craft_entries` (`id`, `sectionId`, `typeId`, `authorId`, `postDate`, `expiryDate`, `dateCreated`, `dateUpdated`, `uid`) VALUES ('10', '12', '12', NULL, '2015-05-26 01:28:53', NULL, '2015-05-26 01:28:53', '2015-05-26 01:28:53', '1d5a1cf4-ef03-4bac-9262-e2f2d4a6bf94');
INSERT INTO `craft_entries` (`id`, `sectionId`, `typeId`, `authorId`, `postDate`, `expiryDate`, `dateCreated`, `dateUpdated`, `uid`) VALUES ('12', '14', '14', NULL, '2015-05-26 01:28:53', NULL, '2015-05-26 01:28:53', '2015-05-26 01:28:53', '287e546c-71a4-46d0-8b43-e53ec73d9ef5');
INSERT INTO `craft_entries` (`id`, `sectionId`, `typeId`, `authorId`, `postDate`, `expiryDate`, `dateCreated`, `dateUpdated`, `uid`) VALUES ('14', '16', '16', '1', '2015-05-26 02:47:00', NULL, '2015-05-26 02:47:09', '2015-05-31 23:15:55', '14c30c41-9e06-41be-bdf9-ad27f4596bd7');
INSERT INTO `craft_entries` (`id`, `sectionId`, `typeId`, `authorId`, `postDate`, `expiryDate`, `dateCreated`, `dateUpdated`, `uid`) VALUES ('18', '16', '16', '1', '2015-05-26 03:38:00', NULL, '2015-05-26 03:38:08', '2015-05-31 23:18:31', '9a1cd4d3-e66d-4d5b-b5b1-d049361113c2');
INSERT INTO `craft_entries` (`id`, `sectionId`, `typeId`, `authorId`, `postDate`, `expiryDate`, `dateCreated`, `dateUpdated`, `uid`) VALUES ('23', '16', '16', '1', '2015-05-26 04:08:00', NULL, '2015-05-26 04:08:25', '2015-05-31 23:22:29', '4e84b149-8688-4373-a0e5-9681e56b8121');
INSERT INTO `craft_entries` (`id`, `sectionId`, `typeId`, `authorId`, `postDate`, `expiryDate`, `dateCreated`, `dateUpdated`, `uid`) VALUES ('26', '16', '16', '1', '2015-05-26 04:21:00', NULL, '2015-05-26 04:21:04', '2015-05-31 23:23:57', '725aa9ec-9a01-4eee-a1b3-00511b2c1799');
INSERT INTO `craft_entries` (`id`, `sectionId`, `typeId`, `authorId`, `postDate`, `expiryDate`, `dateCreated`, `dateUpdated`, `uid`) VALUES ('29', '16', '16', '1', '2015-05-26 04:39:00', NULL, '2015-05-26 04:39:32', '2015-05-31 23:26:47', '9c6ec7b2-ea41-416c-a6ce-9edc8dc8b814');
INSERT INTO `craft_entries` (`id`, `sectionId`, `typeId`, `authorId`, `postDate`, `expiryDate`, `dateCreated`, `dateUpdated`, `uid`) VALUES ('36', '16', '16', '1', '2015-05-26 05:47:00', NULL, '2015-05-26 05:47:36', '2015-05-31 23:29:38', '09f633bf-eeb4-4aef-b3f4-ec73ed767a6f');
INSERT INTO `craft_entries` (`id`, `sectionId`, `typeId`, `authorId`, `postDate`, `expiryDate`, `dateCreated`, `dateUpdated`, `uid`) VALUES ('40', '16', '16', '1', '2015-05-26 05:49:00', NULL, '2015-05-26 05:49:58', '2015-05-31 23:30:20', '9ecfed1e-e848-4510-85c3-544fa7949dec');
INSERT INTO `craft_entries` (`id`, `sectionId`, `typeId`, `authorId`, `postDate`, `expiryDate`, `dateCreated`, `dateUpdated`, `uid`) VALUES ('43', '16', '16', '1', '2015-05-26 05:55:00', NULL, '2015-05-26 05:55:39', '2015-05-31 23:31:24', '2fed3be0-3cef-4b36-ba2e-44c06c8e14ec');
INSERT INTO `craft_entries` (`id`, `sectionId`, `typeId`, `authorId`, `postDate`, `expiryDate`, `dateCreated`, `dateUpdated`, `uid`) VALUES ('54', '7', '7', '1', '2015-06-07 02:44:00', NULL, '2015-06-07 02:44:10', '2015-06-07 02:50:45', '7537c6af-6e39-4ad7-a095-3ff6c99fbe8d');
INSERT INTO `craft_entries` (`id`, `sectionId`, `typeId`, `authorId`, `postDate`, `expiryDate`, `dateCreated`, `dateUpdated`, `uid`) VALUES ('67', '7', '7', '1', '2015-06-07 03:45:33', NULL, '2015-06-07 03:45:33', '2015-06-07 03:45:33', 'bc4435d8-e6ef-46c5-8ed8-442e115305cb');
INSERT INTO `craft_entries` (`id`, `sectionId`, `typeId`, `authorId`, `postDate`, `expiryDate`, `dateCreated`, `dateUpdated`, `uid`) VALUES ('70', '7', '7', '1', '2015-06-07 03:49:52', NULL, '2015-06-07 03:49:52', '2015-06-07 03:49:52', '68e1b13b-99cb-49da-9f63-92490c5178c9');
INSERT INTO `craft_entries` (`id`, `sectionId`, `typeId`, `authorId`, `postDate`, `expiryDate`, `dateCreated`, `dateUpdated`, `uid`) VALUES ('76', '7', '7', '1', '2015-06-07 03:55:40', NULL, '2015-06-07 03:55:40', '2015-06-07 03:55:40', 'a43848f1-4417-4a50-80f2-41f27d0ecb85');
INSERT INTO `craft_entries` (`id`, `sectionId`, `typeId`, `authorId`, `postDate`, `expiryDate`, `dateCreated`, `dateUpdated`, `uid`) VALUES ('81', '7', '7', '1', '2015-06-07 03:56:41', NULL, '2015-06-07 03:56:41', '2015-06-07 03:56:41', '646d32c0-578b-4894-9978-8851cf97c20b');
INSERT INTO `craft_entries` (`id`, `sectionId`, `typeId`, `authorId`, `postDate`, `expiryDate`, `dateCreated`, `dateUpdated`, `uid`) VALUES ('84', '7', '7', '1', '2015-06-07 04:03:00', NULL, '2015-06-07 04:03:33', '2015-06-07 04:11:14', '5e3fc06b-2eeb-4a8e-b370-6d3c1866c034');
INSERT INTO `craft_entries` (`id`, `sectionId`, `typeId`, `authorId`, `postDate`, `expiryDate`, `dateCreated`, `dateUpdated`, `uid`) VALUES ('88', '13', '13', '1', '2015-06-08 22:11:37', NULL, '2015-06-08 22:11:37', '2015-06-08 22:11:37', '67e6cc10-1eca-4552-904c-761c74ebed4b');
INSERT INTO `craft_entries` (`id`, `sectionId`, `typeId`, `authorId`, `postDate`, `expiryDate`, `dateCreated`, `dateUpdated`, `uid`) VALUES ('107', '13', '13', '1', '2015-06-08 22:15:25', NULL, '2015-06-08 22:15:26', '2015-06-08 22:15:26', '3b07eccf-60be-49eb-8eaf-b9eeba18a630');
INSERT INTO `craft_entries` (`id`, `sectionId`, `typeId`, `authorId`, `postDate`, `expiryDate`, `dateCreated`, `dateUpdated`, `uid`) VALUES ('117', '13', '13', '1', '2015-06-08 22:42:00', NULL, '2015-06-08 22:48:28', '2015-06-08 22:48:28', '64a7be94-d50b-4e21-8fe0-b3f546cfb7b6');
INSERT INTO `craft_entries` (`id`, `sectionId`, `typeId`, `authorId`, `postDate`, `expiryDate`, `dateCreated`, `dateUpdated`, `uid`) VALUES ('136', '13', '13', '1', '2015-06-08 22:49:47', NULL, '2015-06-08 22:49:47', '2015-06-08 22:49:47', '013216a6-9fb6-43b2-8bc8-1b92ebf6d452');
INSERT INTO `craft_entries` (`id`, `sectionId`, `typeId`, `authorId`, `postDate`, `expiryDate`, `dateCreated`, `dateUpdated`, `uid`) VALUES ('140', '13', '13', '1', '2015-06-08 22:50:52', NULL, '2015-06-08 22:50:52', '2015-06-08 22:50:52', '65e09305-fd5f-48b4-9881-aefd8c78692a');
INSERT INTO `craft_entries` (`id`, `sectionId`, `typeId`, `authorId`, `postDate`, `expiryDate`, `dateCreated`, `dateUpdated`, `uid`) VALUES ('146', '13', '13', '1', '2015-06-08 22:55:01', NULL, '2015-06-08 22:55:01', '2015-06-08 22:55:01', '1d1b478c-d465-497d-b5eb-21ced6133f58');



DROP TABLE IF EXISTS `craft_entrydrafts`;


--
-- Schema for table `craft_entrydrafts`
--
CREATE TABLE `craft_entrydrafts` (
  `id` int(11) NOT NULL AUTO_INCREMENT,
  `entryId` int(11) NOT NULL,
  `sectionId` int(11) NOT NULL,
  `creatorId` int(11) NOT NULL,
  `locale` char(12) COLLATE utf8_unicode_ci NOT NULL,
  `name` varchar(255) COLLATE utf8_unicode_ci NOT NULL,
  `notes` tinytext COLLATE utf8_unicode_ci,
  `data` mediumtext COLLATE utf8_unicode_ci NOT NULL,
  `dateCreated` datetime NOT NULL,
  `dateUpdated` datetime NOT NULL,
  `uid` char(36) COLLATE utf8_unicode_ci NOT NULL DEFAULT '0',
  PRIMARY KEY (`id`),
  KEY `craft_entrydrafts_entryId_locale_idx` (`entryId`,`locale`),
  KEY `craft_entrydrafts_sectionId_fk` (`sectionId`),
  KEY `craft_entrydrafts_creatorId_fk` (`creatorId`),
  KEY `craft_entrydrafts_locale_fk` (`locale`)
) ENGINE=InnoDB DEFAULT CHARSET=utf8 COLLATE=utf8_unicode_ci;

DROP TABLE IF EXISTS `craft_entrytypes`;


--
-- Schema for table `craft_entrytypes`
--
CREATE TABLE `craft_entrytypes` (
  `id` int(11) NOT NULL AUTO_INCREMENT,
  `sectionId` int(11) NOT NULL,
  `fieldLayoutId` int(11) DEFAULT NULL,
  `name` varchar(255) COLLATE utf8_unicode_ci NOT NULL,
  `handle` varchar(255) COLLATE utf8_unicode_ci NOT NULL,
  `hasTitleField` tinyint(1) unsigned NOT NULL DEFAULT '1',
  `titleLabel` varchar(255) COLLATE utf8_unicode_ci DEFAULT 'Title',
  `titleFormat` varchar(255) COLLATE utf8_unicode_ci DEFAULT NULL,
  `sortOrder` tinyint(4) DEFAULT NULL,
  `dateCreated` datetime NOT NULL,
  `dateUpdated` datetime NOT NULL,
  `uid` char(36) COLLATE utf8_unicode_ci NOT NULL DEFAULT '0',
  PRIMARY KEY (`id`),
  UNIQUE KEY `craft_entrytypes_name_sectionId_unq_idx` (`name`,`sectionId`),
  UNIQUE KEY `craft_entrytypes_handle_sectionId_unq_idx` (`handle`,`sectionId`),
  KEY `craft_entrytypes_sectionId_fk` (`sectionId`),
  KEY `craft_entrytypes_fieldLayoutId_fk` (`fieldLayoutId`)
) ENGINE=InnoDB AUTO_INCREMENT=17 DEFAULT CHARSET=utf8 COLLATE=utf8_unicode_ci;

--
-- Data for table `craft_entrytypes`
--

INSERT INTO `craft_entrytypes` (`id`, `sectionId`, `fieldLayoutId`, `name`, `handle`, `hasTitleField`, `titleLabel`, `titleFormat`, `sortOrder`, `dateCreated`, `dateUpdated`, `uid`) VALUES ('1', '1', '18', 'Homepage', 'homepage', '1', 'Title', NULL, NULL, '2015-05-26 00:03:46', '2015-05-26 01:28:53', '9e0cae44-06d4-45ee-90aa-8ffc5cb06352');
INSERT INTO `craft_entrytypes` (`id`, `sectionId`, `fieldLayoutId`, `name`, `handle`, `hasTitleField`, `titleLabel`, `titleFormat`, `sortOrder`, `dateCreated`, `dateUpdated`, `uid`) VALUES ('2', '2', '23', 'News', 'news', '0', NULL, '{section.name|raw}', NULL, '2015-05-26 00:03:46', '2015-05-26 01:28:53', '2bc02674-099a-45a5-ab8b-ee39c3562cea');
INSERT INTO `craft_entrytypes` (`id`, `sectionId`, `fieldLayoutId`, `name`, `handle`, `hasTitleField`, `titleLabel`, `titleFormat`, `sortOrder`, `dateCreated`, `dateUpdated`, `uid`) VALUES ('3', '3', '7', 'About', 'about', '0', NULL, '{section.name|raw}', NULL, '2015-05-26 01:28:53', '2015-05-26 01:28:53', 'bc39105d-62f3-4591-aa37-be6480766c2a');
INSERT INTO `craft_entrytypes` (`id`, `sectionId`, `fieldLayoutId`, `name`, `handle`, `hasTitleField`, `titleLabel`, `titleFormat`, `sortOrder`, `dateCreated`, `dateUpdated`, `uid`) VALUES ('4', '4', '9', 'Contact', 'contact', '0', NULL, '{section.name|raw}', NULL, '2015-05-26 01:28:53', '2015-05-26 01:28:53', '85668f65-e35c-4173-a4d7-00c7016c162d');
INSERT INTO `craft_entrytypes` (`id`, `sectionId`, `fieldLayoutId`, `name`, `handle`, `hasTitleField`, `titleLabel`, `titleFormat`, `sortOrder`, `dateCreated`, `dateUpdated`, `uid`) VALUES ('5', '5', '11', 'Donation', 'donation', '0', NULL, '{section.name|raw}', NULL, '2015-05-26 01:28:53', '2015-05-26 01:28:53', 'eb36cc0f-1f64-4278-b1ea-a02e33bd5e27');
INSERT INTO `craft_entrytypes` (`id`, `sectionId`, `fieldLayoutId`, `name`, `handle`, `hasTitleField`, `titleLabel`, `titleFormat`, `sortOrder`, `dateCreated`, `dateUpdated`, `uid`) VALUES ('6', '6', '47', 'Events', 'events', '0', NULL, '{section.name|raw}', NULL, '2015-05-26 01:28:53', '2015-06-06 21:28:00', '5fc20482-9b91-4ef4-a652-5695ce2eae0b');
INSERT INTO `craft_entrytypes` (`id`, `sectionId`, `fieldLayoutId`, `name`, `handle`, `hasTitleField`, `titleLabel`, `titleFormat`, `sortOrder`, `dateCreated`, `dateUpdated`, `uid`) VALUES ('7', '7', '54', 'FAQ', 'faq', '1', 'Title', NULL, NULL, '2015-05-26 01:28:53', '2015-06-07 02:21:06', '1ba2c093-6097-4bbb-a719-b2add8876799');
INSERT INTO `craft_entrytypes` (`id`, `sectionId`, `fieldLayoutId`, `name`, `handle`, `hasTitleField`, `titleLabel`, `titleFormat`, `sortOrder`, `dateCreated`, `dateUpdated`, `uid`) VALUES ('9', '9', '20', 'Job Description', 'jobDescription', '1', 'Title', NULL, NULL, '2015-05-26 01:28:53', '2015-05-26 01:28:53', '7505ea90-fd8a-438e-915a-2ab581497c34');
INSERT INTO `craft_entrytypes` (`id`, `sectionId`, `fieldLayoutId`, `name`, `handle`, `hasTitleField`, `titleLabel`, `titleFormat`, `sortOrder`, `dateCreated`, `dateUpdated`, `uid`) VALUES ('10', '10', '22', 'Job Openings', 'jobOpenings', '0', NULL, '{section.name|raw}', NULL, '2015-05-26 01:28:53', '2015-05-26 01:28:53', 'ba39f13f-8e63-4d4d-a626-02ca468915a8');
INSERT INTO `craft_entrytypes` (`id`, `sectionId`, `fieldLayoutId`, `name`, `handle`, `hasTitleField`, `titleLabel`, `titleFormat`, `sortOrder`, `dateCreated`, `dateUpdated`, `uid`) VALUES ('11', '11', '25', 'News Article', 'newsArticle', '1', 'Title', NULL, NULL, '2015-05-26 01:28:53', '2015-05-26 01:28:53', '5f5bc065-d4bf-4453-9e1c-aa117971e7de');
INSERT INTO `craft_entrytypes` (`id`, `sectionId`, `fieldLayoutId`, `name`, `handle`, `hasTitleField`, `titleLabel`, `titleFormat`, `sortOrder`, `dateCreated`, `dateUpdated`, `uid`) VALUES ('12', '12', '27', 'Publications', 'publications', '0', NULL, '{section.name|raw}', NULL, '2015-05-26 01:28:53', '2015-05-26 01:28:53', '62d23846-6c6a-4d4c-be32-82088edc73b2');
INSERT INTO `craft_entrytypes` (`id`, `sectionId`, `fieldLayoutId`, `name`, `handle`, `hasTitleField`, `titleLabel`, `titleFormat`, `sortOrder`, `dateCreated`, `dateUpdated`, `uid`) VALUES ('13', '13', '64', 'Resources', 'resources', '1', 'Resources Group', NULL, NULL, '2015-05-26 01:28:53', '2015-06-08 21:56:49', '5ebf1ad0-467c-4c55-9294-2c4723558644');
INSERT INTO `craft_entrytypes` (`id`, `sectionId`, `fieldLayoutId`, `name`, `handle`, `hasTitleField`, `titleLabel`, `titleFormat`, `sortOrder`, `dateCreated`, `dateUpdated`, `uid`) VALUES ('14', '14', '31', 'Staff', 'staff', '0', NULL, '{section.name|raw}', NULL, '2015-05-26 01:28:53', '2015-05-26 01:28:53', '63eea737-3535-4016-9558-64fb3edb76a5');
INSERT INTO `craft_entrytypes` (`id`, `sectionId`, `fieldLayoutId`, `name`, `handle`, `hasTitleField`, `titleLabel`, `titleFormat`, `sortOrder`, `dateCreated`, `dateUpdated`, `uid`) VALUES ('16', '16', '37', 'Testing', 'testing', '1', 'County Name', NULL, NULL, '2015-05-26 02:34:51', '2015-05-26 02:44:29', '93f1ccb4-fd0f-40bb-8f21-fc54d6573185');



DROP TABLE IF EXISTS `craft_entryversions`;


--
-- Schema for table `craft_entryversions`
--
CREATE TABLE `craft_entryversions` (
  `id` int(11) NOT NULL AUTO_INCREMENT,
  `entryId` int(11) NOT NULL,
  `sectionId` int(11) NOT NULL,
  `creatorId` int(11) DEFAULT NULL,
  `locale` char(12) COLLATE utf8_unicode_ci NOT NULL,
  `num` smallint(6) unsigned NOT NULL,
  `notes` tinytext COLLATE utf8_unicode_ci,
  `data` mediumtext COLLATE utf8_unicode_ci NOT NULL,
  `dateCreated` datetime NOT NULL,
  `dateUpdated` datetime NOT NULL,
  `uid` char(36) COLLATE utf8_unicode_ci NOT NULL DEFAULT '0',
  PRIMARY KEY (`id`),
  KEY `craft_entryversions_entryId_locale_idx` (`entryId`,`locale`),
  KEY `craft_entryversions_sectionId_fk` (`sectionId`),
  KEY `craft_entryversions_creatorId_fk` (`creatorId`),
  KEY `craft_entryversions_locale_fk` (`locale`)
) ENGINE=InnoDB AUTO_INCREMENT=37 DEFAULT CHARSET=utf8 COLLATE=utf8_unicode_ci;

--
-- Data for table `craft_entryversions`
--

INSERT INTO `craft_entryversions` (`id`, `entryId`, `sectionId`, `creatorId`, `locale`, `num`, `notes`, `data`, `dateCreated`, `dateUpdated`, `uid`) VALUES ('1', '14', '16', '1', 'en_us', '1', '', '{\"typeId\":null,\"authorId\":\"1\",\"title\":\"Broome\",\"slug\":\"broome\",\"postDate\":1432608429,\"expiryDate\":null,\"enabled\":1,\"fields\":{\"3\":{\"new1\":{\"type\":\"location\",\"enabled\":\"1\",\"fields\":{\"locationName\":\"Broome County Health Department\",\"address1\":\"225 Front Street\",\"addres2\":\"\",\"city\":\"Binghamton\",\"state\":\"NY\",\"zip\":\"13905\",\"phone\":\"(607) 778-2839\",\"website\":\"\",\"services\":[\"Anonymous Testing\",\"Confidential Testing\",\"Rapid Testing\",\"Oral Testing\"]}}}}}', '2015-05-26 02:47:09', '2015-05-26 02:47:09', '4c9a77de-b0ff-465b-826b-7aee62cf81af');
INSERT INTO `craft_entryversions` (`id`, `entryId`, `sectionId`, `creatorId`, `locale`, `num`, `notes`, `data`, `dateCreated`, `dateUpdated`, `uid`) VALUES ('2', '14', '16', '1', 'en_us', '2', '', '{\"typeId\":\"16\",\"authorId\":\"1\",\"title\":\"Broome\",\"slug\":\"broome\",\"postDate\":1432608420,\"expiryDate\":null,\"enabled\":1,\"fields\":{\"3\":{\"15\":{\"type\":\"location\",\"enabled\":\"1\",\"fields\":{\"locationName\":\"Broome County Health Department\",\"address1\":\"225 Front Street\",\"addres2\":\"\",\"city\":\"Binghamton\",\"state\":\"NY\",\"zip\":\"13905\",\"phone\":\"(607) 778-2839\",\"phone2\":\"\",\"website\":\"\",\"hours\":\"Varied\",\"fees\":\"Free of charge\",\"eligiblePopulation\":\"General Public\",\"appointmentType\":\"Walk in or by appointment\",\"services\":[\"Anonymous Testing\",\"Confidential Testing\",\"Rapid Testing\",\"Oral Testing\"]}},\"new1\":{\"type\":\"location\",\"enabled\":\"1\",\"fields\":{\"locationName\":\"Southern Tier AIDS Program \",\"address1\":\"277 Main Street\",\"addres2\":\"\",\"city\":\"Johnson City\",\"state\":\"NY\",\"zip\":\"13790\",\"phone\":\"(607) 798-1706\",\"phone2\":\"(800) 333-0982\",\"website\":\"http:\\/\\/www.stapinc.org\",\"hours\":\"Monday 1 - 4:30, Thursday 9 - Noon, Thursday 1 - 3:00\",\"fees\":\"Free of charge\",\"eligiblePopulation\":\"General Public\",\"appointmentType\":\"Walk in or by appointment\",\"services\":[\"Anonymous Testing\",\"Confidential Testing\",\"Rapid Testing\",\"Oral Testing\"]}},\"new2\":{\"type\":\"location\",\"enabled\":\"1\",\"fields\":{\"locationName\":\"Planned Parenthood of South Central New York - Binghamton\",\"address1\":\"117 Hawley Street\",\"addres2\":\"\",\"city\":\"Binghamton\",\"state\":\"NY\",\"zip\":\"13901\",\"phone\":\"(607) 723-8306\",\"phone2\":\"\",\"website\":\"http:\\/\\/www.ppscny.org\",\"hours\":\"Varied\",\"fees\":\"Varied\",\"eligiblePopulation\":\"General Public\",\"appointmentType\":\"By appointment, evening and weekend hours available \",\"services\":[\"Confidential Testing\",\"Rapid Testing\"]}}}}}', '2015-05-26 03:33:40', '2015-05-26 03:33:40', '41db31d3-4969-48f9-a737-2d518e71e5d6');
INSERT INTO `craft_entryversions` (`id`, `entryId`, `sectionId`, `creatorId`, `locale`, `num`, `notes`, `data`, `dateCreated`, `dateUpdated`, `uid`) VALUES ('3', '18', '16', '1', 'en_us', '1', '', '{\"typeId\":null,\"authorId\":\"1\",\"title\":\"Chemung\",\"slug\":\"chemung\",\"postDate\":1432611488,\"expiryDate\":null,\"enabled\":1,\"fields\":{\"3\":{\"new1\":{\"type\":\"location\",\"enabled\":\"1\",\"fields\":{\"locationName\":\"Chemung County Health Department\",\"address1\":\"103 Washington Street\",\"addres2\":\"\",\"city\":\"Elmira\",\"state\":\"NY\",\"zip\":\"14901\",\"phone\":\"(607) 737-2028\",\"phone2\":\"\",\"website\":\"\",\"hours\":\"Varied\",\"fees\":\"Free of charge\",\"eligiblePopulation\":\"General Public\",\"appointmentType\":\"Walk in\",\"services\":[\"Anonymous Testing\",\"Confidential Testing\",\"Rapid Testing\"]}}}}}', '2015-05-26 03:38:08', '2015-05-26 03:38:08', '2b99d4f4-5e2b-4899-b423-fcd13f5ad336');
INSERT INTO `craft_entryversions` (`id`, `entryId`, `sectionId`, `creatorId`, `locale`, `num`, `notes`, `data`, `dateCreated`, `dateUpdated`, `uid`) VALUES ('4', '18', '16', '1', 'en_us', '2', '', '{\"typeId\":\"16\",\"authorId\":\"1\",\"title\":\"Chemung\",\"slug\":\"chemung\",\"postDate\":1432611480,\"expiryDate\":null,\"enabled\":1,\"fields\":{\"3\":{\"19\":{\"type\":\"location\",\"enabled\":\"1\",\"fields\":{\"locationName\":\"Chemung County Health Department\",\"address1\":\"103 Washington Street\",\"addres2\":\"\",\"city\":\"Elmira\",\"state\":\"NY\",\"zip\":\"14901\",\"phone\":\"(607) 737-2028\",\"phone2\":\"\",\"website\":\"\",\"hours\":\"Varied\",\"fees\":\"Free of charge\",\"eligiblePopulation\":\"General Public\",\"appointmentType\":\"Walk in\",\"services\":[\"Anonymous Testing\",\"Confidential Testing\",\"Rapid Testing\"]}},\"new1\":{\"type\":\"location\",\"enabled\":\"1\",\"fields\":{\"locationName\":\"Southern Tier AIDS Program \",\"address1\":\"451 East Market Street\",\"addres2\":\"\",\"city\":\"Elmira\",\"state\":\"NY\",\"zip\":\"14901\",\"phone\":\"(607) 737-4081\",\"phone2\":\"(888) 564-5693\",\"website\":\"http:\\/\\/www.stapinc.org\",\"hours\":\"Varied\",\"fees\":\"Free of charge\",\"eligiblePopulation\":\"General Public\",\"appointmentType\":\"By appointment\",\"services\":[\"Confidential Testing\",\"Rapid Testing\",\"Oral Testing\"]}},\"new2\":{\"type\":\"location\",\"enabled\":\"1\",\"fields\":{\"locationName\":\"Planned Parenthood of the Southern Finger Lakes\",\"address1\":\"775 East Church Street\",\"addres2\":\"\",\"city\":\"Elmira\",\"state\":\"NY\",\"zip\":\"14901\",\"phone\":\"(607) 734-3313\",\"phone2\":\"\",\"website\":\"http:\\/\\/www.plannedparenthood.org\\/ppst\",\"hours\":\"Varied\",\"fees\":\"Free of charge or reduced fee based on income, accepts 3rd party insurace\",\"eligiblePopulation\":\"General Public\",\"appointmentType\":\"Walk in or by appointment, evening and weekend hours available \",\"services\":[\"Confidential Testing\",\"Rapid Testing\",\"Oral Testing\"]}},\"new3\":{\"type\":\"location\",\"enabled\":\"1\",\"fields\":{\"locationName\":\"Arnot Ogden Medical Center\",\"address1\":\"600 Roe Avenue\",\"addres2\":\"\",\"city\":\"Elmira\",\"state\":\"NY\",\"zip\":\"14905\",\"phone\":\"(607) 737-8188\",\"phone2\":\"\",\"website\":\"http:\\/\\/www.aomc.org\",\"hours\":\"M\\/T\\/W\\/F 8:00 - 4:30\",\"fees\":\"Bills insurance\",\"eligiblePopulation\":\"General Public\",\"appointmentType\":\"By appointment\",\"services\":[\"Confidential Testing\",\"Rapid Testing\"]}}}}}', '2015-05-26 04:04:02', '2015-05-26 04:04:02', '388429c5-f246-4013-81c2-17cc2114f0a9');
INSERT INTO `craft_entryversions` (`id`, `entryId`, `sectionId`, `creatorId`, `locale`, `num`, `notes`, `data`, `dateCreated`, `dateUpdated`, `uid`) VALUES ('5', '23', '16', '1', 'en_us', '1', '', '{\"typeId\":null,\"authorId\":\"1\",\"title\":\"Chenango\",\"slug\":\"chenango\",\"postDate\":1432613304,\"expiryDate\":null,\"enabled\":1,\"fields\":{\"3\":{\"new1\":{\"type\":\"location\",\"enabled\":\"1\",\"fields\":{\"locationName\":\"Planned Parenthood of South Central New York - Norwich\",\"address1\":\"26 Conkey Avenue\",\"addres2\":\"The Eaton Center, Suite 208\",\"city\":\"Norwich\",\"state\":\"NY\",\"zip\":\"13815\",\"phone\":\"(607) 334-6378\",\"phone2\":\"\",\"website\":\"http:\\/\\/www.ppscny.org\",\"hours\":\"Mon. 10 AM - 6 PM, Tue. & Wed. & Fri. 8:30 AM - 4:30 PM, Thur. 11:30 AM - 7:30 PM, Please call for Saturday hours\",\"fees\":\"Sliding Fee Scale\",\"eligiblePopulation\":\"All are welcome\",\"appointmentType\":\"By appointment  \",\"services\":[\"Confidential Testing\",\"Rapid Testing\"]}},\"new2\":{\"type\":\"location\",\"enabled\":\"1\",\"fields\":{\"locationName\":\"Chenango Memorial Hospital Family Health Center \",\"address1\":\"4 Newton Avenue\",\"addres2\":\"\",\"city\":\"Norwich\",\"state\":\"NY\",\"zip\":\"13815\",\"phone\":\"(607) 337-4139\",\"phone2\":\"\",\"website\":\"\",\"hours\":\"M-F 8:00 - 4:00\",\"fees\":\"Free of charge or reducted fee based on client income\",\"eligiblePopulation\":\"General Public\",\"appointmentType\":\"By appointment\",\"services\":[\"Anonymous Testing\",\"Confidential Testing\"]}}}}}', '2015-05-26 04:08:25', '2015-05-26 04:08:25', '4977fe88-f7f1-4f6a-91b4-65e9ee7a05df');
INSERT INTO `craft_entryversions` (`id`, `entryId`, `sectionId`, `creatorId`, `locale`, `num`, `notes`, `data`, `dateCreated`, `dateUpdated`, `uid`) VALUES ('6', '26', '16', '1', 'en_us', '1', '', '{\"typeId\":null,\"authorId\":\"1\",\"title\":\"Cortland\",\"slug\":\"cortland\",\"postDate\":1432614064,\"expiryDate\":null,\"enabled\":1,\"fields\":{\"3\":{\"new1\":{\"type\":\"location\",\"enabled\":\"1\",\"fields\":{\"locationName\":\"Jacobus Center for Reproductive Health\",\"address1\":\"60 Central Aveune\",\"addres2\":\"\",\"city\":\"Cortland\",\"state\":\"NY\",\"zip\":\"13045\",\"phone\":\"(607) 753-5027\",\"phone2\":\"\",\"website\":\"\",\"hours\":\"Varied\",\"fees\":\"No Charge for STD Clinic, Sliding Fee Scale for Family Planning, $20 for General Public\",\"eligiblePopulation\":\"Family planning, STD patients, and General Public\",\"appointmentType\":\"By appointment \",\"services\":[\"Confidential Testing\",\"Rapid Testing\"]}},\"new2\":{\"type\":\"location\",\"enabled\":\"1\",\"fields\":{\"locationName\":\"Family Health Network of Central New York\",\"address1\":\"17 Main Street\",\"addres2\":\"\",\"city\":\"Cortland\",\"state\":\"NY\",\"zip\":\"13045\",\"phone\":\"(607) 753-3797\",\"phone2\":\"\",\"website\":\"\",\"hours\":\"Varied, evening and weekend hours available\",\"fees\":\"Free of charge or reducted fee based on client income\",\"eligiblePopulation\":\"General Public\",\"appointmentType\":\"By appointment\",\"services\":[\"Confidential Testing\"]}}}}}', '2015-05-26 04:21:04', '2015-05-26 04:21:04', '56b51863-767d-45d7-b899-c3e893892e76');
INSERT INTO `craft_entryversions` (`id`, `entryId`, `sectionId`, `creatorId`, `locale`, `num`, `notes`, `data`, `dateCreated`, `dateUpdated`, `uid`) VALUES ('7', '29', '16', '1', 'en_us', '1', '', '{\"typeId\":null,\"authorId\":\"1\",\"title\":\"Delaware\",\"slug\":\"delaware\",\"postDate\":1432615172,\"expiryDate\":null,\"enabled\":1,\"fields\":{\"3\":{\"new1\":{\"type\":\"location\",\"enabled\":\"1\",\"fields\":{\"locationName\":\"Planned Parenthood of South Central New York- Sidney\",\"address1\":\"37 Pleasant Street\",\"addres2\":\"\",\"city\":\"Sidney\",\"state\":\"NY\",\"zip\":\"13838\",\"phone\":\"(607) 563-4363\",\"phone2\":\"http:\\/\\/www.ppscny.org\",\"website\":\"\",\"hours\":\"Varied, evening hours available\",\"fees\":\"Sliding fee scale\",\"eligiblePopulation\":\"General Public\",\"appointmentType\":\"Walk in or by appointment\",\"services\":[\"Anonymous Testing\",\"Confidential Testing\",\"Rapid Testing\"]}},\"new2\":{\"type\":\"location\",\"enabled\":\"1\",\"fields\":{\"locationName\":\"Planned Parenthood of South Central New York - Walton\",\"address1\":\"130 North Street\",\"addres2\":\"\",\"city\":\"Walton\",\"state\":\"NY\",\"zip\":\"13856\",\"phone\":\"(607) 865-6579\",\"phone2\":\"\",\"website\":\"http:\\/\\/www.ppscny.org\",\"hours\":\"Varied, evening hours available\",\"fees\":\"Sliding Fee Scale\",\"eligiblePopulation\":\"General Public\",\"appointmentType\":\"Walk in or by appointment \",\"services\":[\"Anonymous Testing\",\"Confidential Testing\"]}},\"new3\":{\"type\":\"location\",\"enabled\":\"1\",\"fields\":{\"locationName\":\"Colchester Health Center\",\"address1\":\"Main Street, PO Box 327\",\"addres2\":\"\",\"city\":\"Downsville\",\"state\":\"NY\",\"zip\":\"13755\",\"phone\":\"(607) 363-2517\",\"phone2\":\"\",\"website\":\"\",\"hours\":\"Varied\",\"fees\":\"Free for PCAPclients only\",\"eligiblePopulation\":\"General Public\",\"appointmentType\":\"By appointment\",\"services\":[\"Confidential Testing\"]}},\"new4\":{\"type\":\"location\",\"enabled\":\"1\",\"fields\":{\"locationName\":\"Delaware Valley Family Health Center\",\"address1\":\"2 Titus Place\",\"addres2\":\"\",\"city\":\"Walton\",\"state\":\"NY\",\"zip\":\"13856\",\"phone\":\"(607) 865-2400\",\"phone2\":\"\",\"website\":\"\",\"hours\":\"Varied, evening hours available\",\"fees\":\"Free for PCAPclients only, accepts 3rd party insurance \",\"eligiblePopulation\":\"General Public\",\"appointmentType\":\"By appointment\",\"services\":[\"Confidential Testing\"]}},\"new5\":{\"type\":\"location\",\"enabled\":\"1\",\"fields\":{\"locationName\":\"Hancock Health Center \",\"address1\":\"36 East Front Street\",\"addres2\":\"\",\"city\":\"Hancock\",\"state\":\"NY\",\"zip\":\"13783\",\"phone\":\"(607) 637-4715\",\"phone2\":\"\",\"website\":\"\",\"hours\":\"Varied, evening hours available\",\"fees\":\"Free for PCAP clients only, $67.00 for others, accepts 3rd party insurance \",\"eligiblePopulation\":\"General Public\",\"appointmentType\":\"By appointment\",\"services\":[\"Confidential Testing\"]}},\"new6\":{\"type\":\"location\",\"enabled\":\"1\",\"fields\":{\"locationName\":\"The Hospital - Sidney \",\"address1\":\"43 Pearl Street West\",\"addres2\":\"\",\"city\":\"Sidney\",\"state\":\"NY\",\"zip\":\"13838\",\"phone\":\"(607) 561-2022\",\"phone2\":\"\",\"website\":\"\",\"hours\":\"Varied\",\"fees\":\"Free of charge or reduced fee based on client income\",\"eligiblePopulation\":\"General Public\",\"appointmentType\":\"Walk in or by appointment\",\"services\":[\"Confidential Testing\"]}}}}}', '2015-05-26 04:39:32', '2015-05-26 04:39:32', '38b8fca6-ee5d-461c-963c-1e51967bfd8d');
INSERT INTO `craft_entryversions` (`id`, `entryId`, `sectionId`, `creatorId`, `locale`, `num`, `notes`, `data`, `dateCreated`, `dateUpdated`, `uid`) VALUES ('8', '36', '16', '1', 'en_us', '1', '', '{\"typeId\":null,\"authorId\":\"1\",\"title\":\"Otsego\",\"slug\":\"otsego\",\"postDate\":1432619256,\"expiryDate\":null,\"enabled\":1,\"fields\":{\"3\":{\"new1\":{\"type\":\"location\",\"enabled\":\"1\",\"fields\":{\"locationName\":\"Otsego County Health Department\",\"address1\":\"125 Main Street\",\"addres2\":\"\",\"city\":\"Oneonta\",\"state\":\"NY\",\"zip\":\"13820\",\"phone\":\"(607) 433-0042\",\"phone2\":\"\",\"website\":\"\",\"hours\":\"Varied, evening hours available\",\"fees\":\"Free of charge\",\"eligiblePopulation\":\"General Public\",\"appointmentType\":\"Walk in or by appointment\",\"services\":[\"Anonymous Testing\",\"Confidential Testing\"]}},\"new2\":{\"type\":\"location\",\"enabled\":\"1\",\"fields\":{\"locationName\":\"Planned Parenthood of South Central New York - Oneonta\",\"address1\":\"37 Dietz Street\",\"addres2\":\"\",\"city\":\"Oneonta\",\"state\":\"NY\",\"zip\":\"13820\",\"phone\":\"(607) 432-2250\",\"phone2\":\"\",\"website\":\"http:\\/\\/www.ppscny.org\",\"hours\":\"Varied, evening hours avaliable\",\"fees\":\"Sliding fee scale\",\"eligiblePopulation\":\"General Public\",\"appointmentType\":\"Walk in or by appointment\",\"services\":[\"Anonymous Testing\",\"Confidential Testing\",\"Rapid Testing\"]}},\"new3\":{\"type\":\"location\",\"enabled\":\"1\",\"fields\":{\"locationName\":\"Oneonta Family Practice of Fox Hospital\",\"address1\":\"1 Fox Care Drive\",\"addres2\":\"\",\"city\":\"Oneonta\",\"state\":\"NY\",\"zip\":\"13820\",\"phone\":\"(607) 431-5555\",\"phone2\":\"\",\"website\":\"http:\\/\\/www.foxcarenetnetwork.com\",\"hours\":\"Varied, evening hours available\",\"fees\":\"Accepts 3rd party insurance\",\"eligiblePopulation\":\"General Public\",\"appointmentType\":\"By appointment\",\"services\":[\"Confidential Testing\"]}}}}}', '2015-05-26 05:47:36', '2015-05-26 05:47:36', 'b0b20d7b-93b4-4cea-9951-abb108bfca9b');
INSERT INTO `craft_entryversions` (`id`, `entryId`, `sectionId`, `creatorId`, `locale`, `num`, `notes`, `data`, `dateCreated`, `dateUpdated`, `uid`) VALUES ('9', '40', '16', '1', 'en_us', '1', '', '{\"typeId\":null,\"authorId\":\"1\",\"title\":\"Tioga\",\"slug\":\"tioga\",\"postDate\":1432619398,\"expiryDate\":null,\"enabled\":1,\"fields\":{\"3\":{\"new1\":{\"type\":\"location\",\"enabled\":\"1\",\"fields\":{\"locationName\":\"Tioga County Health Department\",\"address1\":\"1062 State Route 38\",\"addres2\":\"\",\"city\":\"Owego\",\"state\":\"NY\",\"zip\":\"13827\",\"phone\":\"(607) 687-8600\",\"phone2\":\"\",\"website\":\"\",\"hours\":\"Varied\",\"fees\":\"Free of charge or reduced fee based on income\",\"eligiblePopulation\":\"General Public\",\"appointmentType\":\"By appointment\",\"services\":[\"Anonymous Testing\",\"Confidential Testing\",\"Rapid Testing\"]}},\"new2\":{\"type\":\"location\",\"enabled\":\"1\",\"fields\":{\"locationName\":\"Tioga County Family Health Services\",\"address1\":\"110 Central Aveune\",\"addres2\":\"\",\"city\":\"Owego\",\"state\":\"NY\",\"zip\":\"13827\",\"phone\":\"(607) 687-5333\",\"phone2\":\"\",\"website\":\"\",\"hours\":\"Varied\",\"fees\":\"Free of charge or reduced fee based on income, accepts 3rd party insurace\",\"eligiblePopulation\":\"General Public\",\"appointmentType\":\"Walk in or by appointment, evening hours available\",\"services\":[\"Confidential Testing\"]}}}}}', '2015-05-26 05:49:58', '2015-05-26 05:49:58', '6f186340-3412-4d77-a2c4-1bbfbb8869c6');
INSERT INTO `craft_entryversions` (`id`, `entryId`, `sectionId`, `creatorId`, `locale`, `num`, `notes`, `data`, `dateCreated`, `dateUpdated`, `uid`) VALUES ('10', '43', '16', '1', 'en_us', '1', '', '{\"typeId\":null,\"authorId\":\"1\",\"title\":\"Tompkins\",\"slug\":\"tompkins\",\"postDate\":1432619739,\"expiryDate\":null,\"enabled\":1,\"fields\":{\"3\":{\"new1\":{\"type\":\"location\",\"enabled\":\"1\",\"fields\":{\"locationName\":\"Tompkins County Health Department\",\"address1\":\"55 Brown Road\",\"addres2\":\"\",\"city\":\"Ithaca\",\"state\":\"NY\",\"zip\":\"14850\",\"phone\":\"(607) 274-6604\",\"phone2\":\"\",\"website\":\"http:\\/\\/www.tompkinscountyny.gov\\/health\",\"hours\":\"Varied\",\"fees\":\"Free of charge\",\"eligiblePopulation\":\"General Public\",\"appointmentType\":\"Walk in or by appointment, evening hours avaliable\",\"services\":[\"Anonymous Testing\",\"Confidential Testing\",\"Rapid Testing\"]}},\"new2\":{\"type\":\"location\",\"enabled\":\"1\",\"fields\":{\"locationName\":\"Southern Tier AIDS Program \",\"address1\":\"501 South Meadow Street\",\"addres2\":\"\",\"city\":\"Ithaca\",\"state\":\"NY\",\"zip\":\"14850\",\"phone\":\"(607) 272-4098\",\"phone2\":\"(888) 206-2870\",\"website\":\"http:\\/\\/www.stapinc.org\",\"hours\":\"Thursday 9 - 11:30 (confidential)\",\"fees\":\"Free of charge\",\"eligiblePopulation\":\"General Public\",\"appointmentType\":\"Walk in or by appointment\",\"services\":[\"Confidential Testing\",\"Rapid Testing\",\"Oral Testing\"]}},\"new3\":{\"type\":\"location\",\"enabled\":\"1\",\"fields\":{\"locationName\":\"Planned Parenthood of the Southern Finger Lakes \",\"address1\":\"620 West Seneca Street\",\"addres2\":\"\",\"city\":\"Ithaca\",\"state\":\"NY\",\"zip\":\"14850\",\"phone\":\"(607) 273-1513\",\"phone2\":\"\",\"website\":\"http:\\/\\/www.sextalk.org\",\"hours\":\"Varied\",\"fees\":\"Free of charge or reduced fee based on income, accepts 3rd party insurace\",\"eligiblePopulation\":\"General Public\",\"appointmentType\":\"By appointment, evening and weekend hours available \",\"services\":[\"Confidential Testing\",\"Rapid Testing\",\"Oral Testing\"]}}}}}', '2015-05-26 05:55:39', '2015-05-26 05:55:39', 'f03d2f09-53e9-41e5-a439-ff1742444064');
INSERT INTO `craft_entryversions` (`id`, `entryId`, `sectionId`, `creatorId`, `locale`, `num`, `notes`, `data`, `dateCreated`, `dateUpdated`, `uid`) VALUES ('11', '14', '16', '1', 'en_us', '3', '', '{\"typeId\":\"16\",\"authorId\":\"1\",\"title\":\"Broome\",\"slug\":\"broome\",\"postDate\":1432608420,\"expiryDate\":null,\"enabled\":1,\"fields\":{\"3\":{\"15\":{\"type\":\"location\",\"enabled\":\"1\",\"fields\":{\"locationName\":\"Broome County Health Department\",\"latitude\":\"42.1052726\",\"longitude\":\"-75.9167228\",\"address1\":\"225 Front Street\",\"addres2\":\"\",\"city\":\"Binghamton\",\"state\":\"NY\",\"zip\":\"13905\",\"phone\":\"(607) 778-2839\",\"phone2\":\"\",\"website\":\"\",\"hours\":\"Varied\",\"fees\":\"Free of charge\",\"eligiblePopulation\":\"General Public\",\"appointmentType\":\"Walk in or by appointment\",\"services\":[\"Anonymous Testing\",\"Confidential Testing\",\"Rapid Testing\",\"Oral Testing\"]}},\"16\":{\"type\":\"location\",\"enabled\":\"1\",\"fields\":{\"locationName\":\"Southern Tier AIDS Program \",\"latitude\":\"42.1158695\",\"longitude\":\"-75.9567031\",\"address1\":\"277 Main Street\",\"addres2\":\"\",\"city\":\"Johnson City\",\"state\":\"NY\",\"zip\":\"13790\",\"phone\":\"(607) 798-1706\",\"phone2\":\"(800) 333-0982\",\"website\":\"http:\\/\\/www.stapinc.org\",\"hours\":\"Monday 1 - 4:30, Thursday 9 - Noon, Thursday 1 - 3:00\",\"fees\":\"Free of charge\",\"eligiblePopulation\":\"General Public\",\"appointmentType\":\"Walk in or by appointment\",\"services\":[\"Anonymous Testing\",\"Confidential Testing\",\"Rapid Testing\",\"Oral Testing\"]}},\"17\":{\"type\":\"location\",\"enabled\":\"1\",\"fields\":{\"locationName\":\"Planned Parenthood of South Central New York - Binghamton\",\"latitude\":\"42.0981424\",\"longitude\":\"-75.9074523\",\"address1\":\"117 Hawley Street\",\"addres2\":\"\",\"city\":\"Binghamton\",\"state\":\"NY\",\"zip\":\"13901\",\"phone\":\"(607) 723-8306\",\"phone2\":\"\",\"website\":\"http:\\/\\/www.ppscny.org\",\"hours\":\"Varied\",\"fees\":\"Varied\",\"eligiblePopulation\":\"General Public\",\"appointmentType\":\"By appointment, evening and weekend hours available \",\"services\":[\"Confidential Testing\",\"Rapid Testing\"]}}}}}', '2015-05-31 23:15:55', '2015-05-31 23:15:55', '40beaa88-fa56-4fa9-b2bc-ca322e88ba75');
INSERT INTO `craft_entryversions` (`id`, `entryId`, `sectionId`, `creatorId`, `locale`, `num`, `notes`, `data`, `dateCreated`, `dateUpdated`, `uid`) VALUES ('12', '18', '16', '1', 'en_us', '3', '', '{\"typeId\":\"16\",\"authorId\":\"1\",\"title\":\"Chemung\",\"slug\":\"chemung\",\"postDate\":1432611480,\"expiryDate\":null,\"enabled\":1,\"fields\":{\"3\":{\"19\":{\"type\":\"location\",\"enabled\":\"1\",\"fields\":{\"locationName\":\"Chemung County Health Department\",\"latitude\":\"42.0906592\",\"longitude\":\"-76.7950159\",\"address1\":\"103 Washington Street\",\"addres2\":\"\",\"city\":\"Elmira\",\"state\":\"NY\",\"zip\":\"14901\",\"phone\":\"(607) 737-2028\",\"phone2\":\"\",\"website\":\"\",\"hours\":\"Varied\",\"fees\":\"Free of charge\",\"eligiblePopulation\":\"General Public\",\"appointmentType\":\"Walk in\",\"services\":[\"Anonymous Testing\",\"Confidential Testing\",\"Rapid Testing\"]}},\"20\":{\"type\":\"location\",\"enabled\":\"1\",\"fields\":{\"locationName\":\"Southern Tier AIDS Program \",\"latitude\":\"42.09059\",\"longitude\":\"-76.8001568\",\"address1\":\"451 East Market Street\",\"addres2\":\"\",\"city\":\"Elmira\",\"state\":\"NY\",\"zip\":\"14901\",\"phone\":\"(607) 737-4081\",\"phone2\":\"(888) 564-5693\",\"website\":\"http:\\/\\/www.stapinc.org\",\"hours\":\"Varied\",\"fees\":\"Free of charge\",\"eligiblePopulation\":\"General Public\",\"appointmentType\":\"By appointment\",\"services\":[\"Confidential Testing\",\"Rapid Testing\",\"Oral Testing\"]}},\"21\":{\"type\":\"location\",\"enabled\":\"1\",\"fields\":{\"locationName\":\"Planned Parenthood of the Southern Finger Lakes\",\"latitude\":\"42.0940975\",\"longitude\":\"-76.794044\",\"address1\":\"775 East Church Street\",\"addres2\":\"\",\"city\":\"Elmira\",\"state\":\"NY\",\"zip\":\"14901\",\"phone\":\"(607) 734-3313\",\"phone2\":\"\",\"website\":\"http:\\/\\/www.plannedparenthood.org\\/ppst\",\"hours\":\"Varied\",\"fees\":\"Free of charge or reduced fee based on income, accepts 3rd party insurace\",\"eligiblePopulation\":\"General Public\",\"appointmentType\":\"Walk in or by appointment, evening and weekend hours available \",\"services\":[\"Confidential Testing\",\"Rapid Testing\",\"Oral Testing\"]}},\"22\":{\"type\":\"location\",\"enabled\":\"1\",\"fields\":{\"locationName\":\"Arnot Ogden Medical Center\",\"latitude\":\"42.1002359\",\"longitude\":\"-76.8286155\",\"address1\":\"600 Roe Avenue\",\"addres2\":\"\",\"city\":\"Elmira\",\"state\":\"NY\",\"zip\":\"14905\",\"phone\":\"(607) 737-8188\",\"phone2\":\"\",\"website\":\"http:\\/\\/www.aomc.org\",\"hours\":\"M\\/T\\/W\\/F 8:00 - 4:30\",\"fees\":\"Bills insurance\",\"eligiblePopulation\":\"General Public\",\"appointmentType\":\"By appointment\",\"services\":[\"Confidential Testing\",\"Rapid Testing\"]}}}}}', '2015-05-31 23:18:31', '2015-05-31 23:18:31', '41978858-4759-450f-a756-0ec74204332b');
INSERT INTO `craft_entryversions` (`id`, `entryId`, `sectionId`, `creatorId`, `locale`, `num`, `notes`, `data`, `dateCreated`, `dateUpdated`, `uid`) VALUES ('13', '23', '16', '1', 'en_us', '2', '', '{\"typeId\":\"16\",\"authorId\":\"1\",\"title\":\"Chenango\",\"slug\":\"chenango\",\"postDate\":1432613280,\"expiryDate\":null,\"enabled\":1,\"fields\":{\"3\":{\"24\":{\"type\":\"location\",\"enabled\":\"1\",\"fields\":{\"locationName\":\"Planned Parenthood of South Central New York - Norwich\",\"latitude\":\"42.5257407\",\"longitude\":\"-75.525915\",\"address1\":\"26 Conkey Avenue\",\"addres2\":\"The Eaton Center, Suite 208\",\"city\":\"Norwich\",\"state\":\"NY\",\"zip\":\"13815\",\"phone\":\"(607) 334-6378\",\"phone2\":\"\",\"website\":\"http:\\/\\/www.ppscny.org\",\"hours\":\"Mon. 10 AM - 6 PM, Tue. & Wed. & Fri. 8:30 AM - 4:30 PM, Thur. 11:30 AM - 7:30 PM, Please call for Saturday hours\",\"fees\":\"Sliding Fee Scale\",\"eligiblePopulation\":\"All are welcome\",\"appointmentType\":\"By appointment  \",\"services\":[\"Confidential Testing\",\"Rapid Testing\"]}},\"25\":{\"type\":\"location\",\"enabled\":\"1\",\"fields\":{\"locationName\":\"Chenango Memorial Hospital Family Health Center \",\"latitude\":\"42.5395633\",\"longitude\":\"-75.5254416\",\"address1\":\"4 Newton Avenue\",\"addres2\":\"\",\"city\":\"Norwich\",\"state\":\"NY\",\"zip\":\"13815\",\"phone\":\"(607) 337-4139\",\"phone2\":\"\",\"website\":\"\",\"hours\":\"M-F 8:00 - 4:00\",\"fees\":\"Free of charge or reducted fee based on client income\",\"eligiblePopulation\":\"General Public\",\"appointmentType\":\"By appointment\",\"services\":[\"Anonymous Testing\",\"Confidential Testing\"]}}}}}', '2015-05-31 23:22:29', '2015-05-31 23:22:29', '922f4b19-9d06-45c7-a933-3dc503f40dd6');
INSERT INTO `craft_entryversions` (`id`, `entryId`, `sectionId`, `creatorId`, `locale`, `num`, `notes`, `data`, `dateCreated`, `dateUpdated`, `uid`) VALUES ('14', '26', '16', '1', 'en_us', '2', '', '{\"typeId\":\"16\",\"authorId\":\"1\",\"title\":\"Cortland\",\"slug\":\"cortland\",\"postDate\":1432614060,\"expiryDate\":null,\"enabled\":1,\"fields\":{\"3\":{\"27\":{\"type\":\"location\",\"enabled\":\"1\",\"fields\":{\"locationName\":\"Jacobus Center for Reproductive Health\",\"latitude\":\"42.601083\",\"longitude\":\"-76.176411\",\"address1\":\"60 Central Aveune\",\"addres2\":\"\",\"city\":\"Cortland\",\"state\":\"NY\",\"zip\":\"13045\",\"phone\":\"(607) 753-5027\",\"phone2\":\"\",\"website\":\"\",\"hours\":\"Varied\",\"fees\":\"No Charge for STD Clinic, Sliding Fee Scale for Family Planning, $20 for General Public\",\"eligiblePopulation\":\"Family planning, STD patients, and General Public\",\"appointmentType\":\"By appointment \",\"services\":[\"Confidential Testing\",\"Rapid Testing\"]}},\"28\":{\"type\":\"location\",\"enabled\":\"1\",\"fields\":{\"locationName\":\"Family Health Network of Central New York\",\"latitude\":\"42.6005466\",\"longitude\":\"-76.1800998\",\"address1\":\"17 Main Street\",\"addres2\":\"\",\"city\":\"Cortland\",\"state\":\"NY\",\"zip\":\"13045\",\"phone\":\"(607) 753-3797\",\"phone2\":\"\",\"website\":\"\",\"hours\":\"Varied, evening and weekend hours available\",\"fees\":\"Free of charge or reducted fee based on client income\",\"eligiblePopulation\":\"General Public\",\"appointmentType\":\"By appointment\",\"services\":[\"Confidential Testing\"]}}}}}', '2015-05-31 23:23:57', '2015-05-31 23:23:57', '39c4d290-7c30-4a3b-9dbc-6e786e73dd14');
INSERT INTO `craft_entryversions` (`id`, `entryId`, `sectionId`, `creatorId`, `locale`, `num`, `notes`, `data`, `dateCreated`, `dateUpdated`, `uid`) VALUES ('15', '29', '16', '1', 'en_us', '2', '', '{\"typeId\":\"16\",\"authorId\":\"1\",\"title\":\"Delaware\",\"slug\":\"delaware\",\"postDate\":1432615140,\"expiryDate\":null,\"enabled\":1,\"fields\":{\"3\":{\"30\":{\"type\":\"location\",\"enabled\":\"1\",\"fields\":{\"locationName\":\"Planned Parenthood of South Central New York- Sidney\",\"latitude\":\"42.316674\",\"longitude\":\"-75.387794\",\"address1\":\"37 Pleasant Street\",\"addres2\":\"\",\"city\":\"Sidney\",\"state\":\"NY\",\"zip\":\"13838\",\"phone\":\"(607) 563-4363\",\"phone2\":\"http:\\/\\/www.ppscny.org\",\"website\":\"\",\"hours\":\"Varied, evening hours available\",\"fees\":\"Sliding fee scale\",\"eligiblePopulation\":\"General Public\",\"appointmentType\":\"Walk in or by appointment\",\"services\":[\"Anonymous Testing\",\"Confidential Testing\",\"Rapid Testing\"]}},\"31\":{\"type\":\"location\",\"enabled\":\"1\",\"fields\":{\"locationName\":\"Planned Parenthood of South Central New York - Walton\",\"latitude\":\"42.175554\",\"longitude\":\"-75.124806\",\"address1\":\"130 North Street\",\"addres2\":\"\",\"city\":\"Walton\",\"state\":\"NY\",\"zip\":\"13856\",\"phone\":\"(607) 865-6579\",\"phone2\":\"\",\"website\":\"http:\\/\\/www.ppscny.org\",\"hours\":\"Varied, evening hours available\",\"fees\":\"Sliding Fee Scale\",\"eligiblePopulation\":\"General Public\",\"appointmentType\":\"Walk in or by appointment \",\"services\":[\"Anonymous Testing\",\"Confidential Testing\"]}},\"32\":{\"type\":\"location\",\"enabled\":\"1\",\"fields\":{\"locationName\":\"Colchester Health Center\",\"latitude\":\"42.0786532\",\"longitude\":\"-74.9936221\",\"address1\":\"Main Street, PO Box 327\",\"addres2\":\"\",\"city\":\"Downsville\",\"state\":\"NY\",\"zip\":\"13755\",\"phone\":\"(607) 363-2517\",\"phone2\":\"\",\"website\":\"\",\"hours\":\"Varied\",\"fees\":\"Free for PCAPclients only\",\"eligiblePopulation\":\"General Public\",\"appointmentType\":\"By appointment\",\"services\":[\"Confidential Testing\"]}},\"33\":{\"type\":\"location\",\"enabled\":\"1\",\"fields\":{\"locationName\":\"Delaware Valley Family Health Center\",\"latitude\":\"42.1646379\",\"longitude\":\"-75.127915\",\"address1\":\"2 Titus Place\",\"addres2\":\"\",\"city\":\"Walton\",\"state\":\"NY\",\"zip\":\"13856\",\"phone\":\"(607) 865-2400\",\"phone2\":\"\",\"website\":\"\",\"hours\":\"Varied, evening hours available\",\"fees\":\"Free for PCAPclients only, accepts 3rd party insurance \",\"eligiblePopulation\":\"General Public\",\"appointmentType\":\"By appointment\",\"services\":[\"Confidential Testing\"]}},\"34\":{\"type\":\"location\",\"enabled\":\"1\",\"fields\":{\"locationName\":\"Hancock Health Center \",\"latitude\":\"41.9541255\",\"longitude\":\"-75.2796085\",\"address1\":\"36 East Front Street\",\"addres2\":\"\",\"city\":\"Hancock\",\"state\":\"NY\",\"zip\":\"13783\",\"phone\":\"(607) 637-4715\",\"phone2\":\"\",\"website\":\"\",\"hours\":\"Varied, evening hours available\",\"fees\":\"Free for PCAP clients only, $67.00 for others, accepts 3rd party insurance \",\"eligiblePopulation\":\"General Public\",\"appointmentType\":\"By appointment\",\"services\":[\"Confidential Testing\"]}},\"35\":{\"type\":\"location\",\"enabled\":\"1\",\"fields\":{\"locationName\":\"The Hospital - Sidney \",\"latitude\":\"42.3041666\",\"longitude\":\"-75.3955434\",\"address1\":\"43 Pearl Street West\",\"addres2\":\"\",\"city\":\"Sidney\",\"state\":\"NY\",\"zip\":\"13838\",\"phone\":\"(607) 561-2022\",\"phone2\":\"\",\"website\":\"\",\"hours\":\"Varied\",\"fees\":\"Free of charge or reduced fee based on client income\",\"eligiblePopulation\":\"General Public\",\"appointmentType\":\"Walk in or by appointment\",\"services\":[\"Confidential Testing\"]}}}}}', '2015-05-31 23:26:47', '2015-05-31 23:26:47', 'e95807d9-0124-4b89-99a3-84367abd978d');
INSERT INTO `craft_entryversions` (`id`, `entryId`, `sectionId`, `creatorId`, `locale`, `num`, `notes`, `data`, `dateCreated`, `dateUpdated`, `uid`) VALUES ('16', '36', '16', '1', 'en_us', '2', '', '{\"typeId\":\"16\",\"authorId\":\"1\",\"title\":\"Otsego\",\"slug\":\"otsego\",\"postDate\":1432619220,\"expiryDate\":null,\"enabled\":1,\"fields\":{\"3\":{\"37\":{\"type\":\"location\",\"enabled\":\"1\",\"fields\":{\"locationName\":\"Otsego County Health Department\",\"latitude\":\"42.4528708\",\"longitude\":\"-75.0635944\",\"address1\":\"125 Main Street\",\"addres2\":\"\",\"city\":\"Oneonta\",\"state\":\"NY\",\"zip\":\"13820\",\"phone\":\"(607) 433-0042\",\"phone2\":\"\",\"website\":\"\",\"hours\":\"Varied, evening hours available\",\"fees\":\"Free of charge\",\"eligiblePopulation\":\"General Public\",\"appointmentType\":\"Walk in or by appointment\",\"services\":[\"Anonymous Testing\",\"Confidential Testing\"]}},\"38\":{\"type\":\"location\",\"enabled\":\"1\",\"fields\":{\"locationName\":\"Planned Parenthood of South Central New York - Oneonta\",\"latitude\":\"42.455772\",\"longitude\":\"-75.06318\",\"address1\":\"37 Dietz Street\",\"addres2\":\"\",\"city\":\"Oneonta\",\"state\":\"NY\",\"zip\":\"13820\",\"phone\":\"(607) 432-2250\",\"phone2\":\"\",\"website\":\"http:\\/\\/www.ppscny.org\",\"hours\":\"Varied, evening hours avaliable\",\"fees\":\"Sliding fee scale\",\"eligiblePopulation\":\"General Public\",\"appointmentType\":\"Walk in or by appointment\",\"services\":[\"Anonymous Testing\",\"Confidential Testing\",\"Rapid Testing\"]}},\"39\":{\"type\":\"location\",\"enabled\":\"1\",\"fields\":{\"locationName\":\"Oneonta Family Practice of Fox Hospital\",\"latitude\":\"42.4564101\",\"longitude\":\"-75.0292819\",\"address1\":\"1 Fox Care Drive\",\"addres2\":\"\",\"city\":\"Oneonta\",\"state\":\"NY\",\"zip\":\"13820\",\"phone\":\"(607) 431-5555\",\"phone2\":\"\",\"website\":\"http:\\/\\/www.foxcarenetnetwork.com\",\"hours\":\"Varied, evening hours available\",\"fees\":\"Accepts 3rd party insurance\",\"eligiblePopulation\":\"General Public\",\"appointmentType\":\"By appointment\",\"services\":[\"Confidential Testing\"]}}}}}', '2015-05-31 23:29:38', '2015-05-31 23:29:38', 'ee2d1cc5-2879-4d10-9667-11a52b252cb0');
INSERT INTO `craft_entryversions` (`id`, `entryId`, `sectionId`, `creatorId`, `locale`, `num`, `notes`, `data`, `dateCreated`, `dateUpdated`, `uid`) VALUES ('17', '40', '16', '1', 'en_us', '2', '', '{\"typeId\":\"16\",\"authorId\":\"1\",\"title\":\"Tioga\",\"slug\":\"tioga\",\"postDate\":1432619340,\"expiryDate\":null,\"enabled\":1,\"fields\":{\"3\":{\"41\":{\"type\":\"location\",\"enabled\":\"1\",\"fields\":{\"locationName\":\"Tioga County Health Department\",\"latitude\":\"42.1418028\",\"longitude\":\"-76.263659\",\"address1\":\"1062 State Route 38\",\"addres2\":\"\",\"city\":\"Owego\",\"state\":\"NY\",\"zip\":\"13827\",\"phone\":\"(607) 687-8600\",\"phone2\":\"\",\"website\":\"\",\"hours\":\"Varied\",\"fees\":\"Free of charge or reduced fee based on income\",\"eligiblePopulation\":\"General Public\",\"appointmentType\":\"By appointment\",\"services\":[\"Anonymous Testing\",\"Confidential Testing\",\"Rapid Testing\"]}},\"42\":{\"type\":\"location\",\"enabled\":\"1\",\"fields\":{\"locationName\":\"Tioga County Family Health Services\",\"latitude\":\"42.1053275\",\"longitude\":\"-76.2651361\",\"address1\":\"110 Central Aveune\",\"addres2\":\"\",\"city\":\"Owego\",\"state\":\"NY\",\"zip\":\"13827\",\"phone\":\"(607) 687-5333\",\"phone2\":\"\",\"website\":\"\",\"hours\":\"Varied\",\"fees\":\"Free of charge or reduced fee based on income, accepts 3rd party insurace\",\"eligiblePopulation\":\"General Public\",\"appointmentType\":\"Walk in or by appointment, evening hours available\",\"services\":[\"Confidential Testing\"]}}}}}', '2015-05-31 23:30:20', '2015-05-31 23:30:20', '3ede61db-8a00-4741-808d-6732bb57ad33');
INSERT INTO `craft_entryversions` (`id`, `entryId`, `sectionId`, `creatorId`, `locale`, `num`, `notes`, `data`, `dateCreated`, `dateUpdated`, `uid`) VALUES ('18', '43', '16', '1', 'en_us', '2', '', '{\"typeId\":\"16\",\"authorId\":\"1\",\"title\":\"Tompkins\",\"slug\":\"tompkins\",\"postDate\":1432619700,\"expiryDate\":null,\"enabled\":1,\"fields\":{\"3\":{\"44\":{\"type\":\"location\",\"enabled\":\"1\",\"fields\":{\"locationName\":\"Tompkins County Health Department\",\"latitude\":\"42.4860913\",\"longitude\":\"-76.4622914\",\"address1\":\"55 Brown Road\",\"addres2\":\"\",\"city\":\"Ithaca\",\"state\":\"NY\",\"zip\":\"14850\",\"phone\":\"(607) 274-6604\",\"phone2\":\"\",\"website\":\"http:\\/\\/www.tompkinscountyny.gov\\/health\",\"hours\":\"Varied\",\"fees\":\"Free of charge\",\"eligiblePopulation\":\"General Public\",\"appointmentType\":\"Walk in or by appointment, evening hours avaliable\",\"services\":[\"Anonymous Testing\",\"Confidential Testing\",\"Rapid Testing\"]}},\"45\":{\"type\":\"location\",\"enabled\":\"1\",\"fields\":{\"locationName\":\"Southern Tier AIDS Program \",\"latitude\":\"42.4351719\",\"longitude\":\"-76.5077508\",\"address1\":\"501 South Meadow Street\",\"addres2\":\"\",\"city\":\"Ithaca\",\"state\":\"NY\",\"zip\":\"14850\",\"phone\":\"(607) 272-4098\",\"phone2\":\"(888) 206-2870\",\"website\":\"http:\\/\\/www.stapinc.org\",\"hours\":\"Thursday 9 - 11:30 (confidential)\",\"fees\":\"Free of charge\",\"eligiblePopulation\":\"General Public\",\"appointmentType\":\"Walk in or by appointment\",\"services\":[\"Confidential Testing\",\"Rapid Testing\",\"Oral Testing\"]}},\"46\":{\"type\":\"location\",\"enabled\":\"1\",\"fields\":{\"locationName\":\"Planned Parenthood of the Southern Finger Lakes \",\"latitude\":\"42.440078\",\"longitude\":\"-76.5096737\",\"address1\":\"620 West Seneca Street\",\"addres2\":\"\",\"city\":\"Ithaca\",\"state\":\"NY\",\"zip\":\"14850\",\"phone\":\"(607) 273-1513\",\"phone2\":\"\",\"website\":\"http:\\/\\/www.sextalk.org\",\"hours\":\"Varied\",\"fees\":\"Free of charge or reduced fee based on income, accepts 3rd party insurace\",\"eligiblePopulation\":\"General Public\",\"appointmentType\":\"By appointment, evening and weekend hours available \",\"services\":[\"Confidential Testing\",\"Rapid Testing\",\"Oral Testing\"]}}}}}', '2015-05-31 23:31:24', '2015-05-31 23:31:24', '61d062a9-58b8-4e79-89ba-fa81ce5cd75c');
INSERT INTO `craft_entryversions` (`id`, `entryId`, `sectionId`, `creatorId`, `locale`, `num`, `notes`, `data`, `dateCreated`, `dateUpdated`, `uid`) VALUES ('19', '7', '6', '1', 'en_us', '1', '', '{\"typeId\":\"6\",\"authorId\":null,\"title\":\"Events\",\"slug\":\"events\",\"postDate\":1432603733,\"expiryDate\":null,\"enabled\":1,\"fields\":{\"20\":{\"new1\":{\"type\":\"event\",\"enabled\":\"1\",\"fields\":{\"eventName\":\"Mud Gauntlet 2015\",\"description\":\"<p>Seriously challenge yourself by running, crawling, sprinting and splashing through the Mud Gauntlet, Broome County\'s premier hardcore outdoor obstacle course!<\\/p>\",\"photo\":[\"48\"]}}}}}', '2015-06-06 21:35:03', '2015-06-06 21:35:03', '0395270e-2cfb-4ed0-9b30-43cef5a5d921');
INSERT INTO `craft_entryversions` (`id`, `entryId`, `sectionId`, `creatorId`, `locale`, `num`, `notes`, `data`, `dateCreated`, `dateUpdated`, `uid`) VALUES ('20', '7', '6', '1', 'en_us', '2', '', '{\"typeId\":\"6\",\"authorId\":null,\"title\":\"Events\",\"slug\":\"events\",\"postDate\":1432603733,\"expiryDate\":null,\"enabled\":1,\"fields\":{\"20\":{\"new1\":{\"type\":\"event\",\"enabled\":\"1\",\"fields\":{\"eventName\":\"AIDS Ride for Life 2015\",\"when\":{\"date\":\"9\\/12\\/2015\"},\"description\":\"<p>A great opportunity to combine a challenging route, beautiful scenery with a chance to make a difference, on one of the best supported rides anywhere. Ride a 100 miles or take it easy with 42 miles.<\\/p>\",\"photo\":[\"50\"]}},\"49\":{\"type\":\"event\",\"enabled\":\"1\",\"fields\":{\"eventName\":\"Mud Gauntlet 2015\",\"when\":{\"date\":\"4\\/19\\/2015\"},\"description\":\"<p>Seriously challenge yourself by running, crawling, sprinting and splashing through the Mud Gauntlet, Broome County\'s premier hardcore outdoor obstacle course!<\\/p>\",\"photo\":[\"48\"]}}}}}', '2015-06-06 21:38:54', '2015-06-06 21:38:54', '09de3b9b-749f-4aa7-9aa6-7f539a51b223');
INSERT INTO `craft_entryversions` (`id`, `entryId`, `sectionId`, `creatorId`, `locale`, `num`, `notes`, `data`, `dateCreated`, `dateUpdated`, `uid`) VALUES ('21', '7', '6', '1', 'en_us', '3', '', '{\"typeId\":\"6\",\"authorId\":null,\"title\":\"Events\",\"slug\":\"events\",\"postDate\":1432603733,\"expiryDate\":null,\"enabled\":1,\"fields\":{\"20\":{\"51\":{\"type\":\"event\",\"enabled\":\"1\",\"fields\":{\"eventName\":\"AIDS Ride for Life 2015\",\"when\":{\"date\":\"9\\/12\\/2015\"},\"description\":\"<p>A great opportunity to combine a challenging route, beautiful scenery with a chance to make a difference, on one of the best supported rides anywhere. Ride a 100 miles or take it easy with 42 miles.<\\/p>\",\"photo\":[\"50\"]}},\"49\":{\"type\":\"event\",\"enabled\":\"1\",\"fields\":{\"eventName\":\"Mud Gauntlet 2015\",\"when\":{\"date\":\"4\\/19\\/2015\"},\"description\":\"<p>Seriously challenge yourself by running, crawling, sprinting and splashing through the Mud Gauntlet, Broome County\'s premier hardcore outdoor obstacle course!<\\/p>\",\"photo\":[\"48\"]}},\"new1\":{\"type\":\"event\",\"enabled\":\"1\",\"fields\":{\"eventName\":\"Hot Cross Run 2014\",\"when\":{\"date\":\"10\\/11\\/2014\"},\"description\":\"<p>Calling all fitness heroes! The ringmasters at STAP have thrown down the gauntlet and have devised the perfect trio of tasks to test you and your fitness.<\\/p>\",\"photo\":[\"52\"]}}}}}', '2015-06-06 23:50:48', '2015-06-06 23:50:48', 'e918d111-79a1-477f-8bd5-d24a18d79b12');
INSERT INTO `craft_entryversions` (`id`, `entryId`, `sectionId`, `creatorId`, `locale`, `num`, `notes`, `data`, `dateCreated`, `dateUpdated`, `uid`) VALUES ('22', '7', '6', '1', 'en_us', '4', '', '{\"typeId\":\"6\",\"authorId\":null,\"title\":\"Events\",\"slug\":\"events\",\"postDate\":1432603733,\"expiryDate\":null,\"enabled\":1,\"fields\":{\"20\":{\"51\":{\"type\":\"event\",\"enabled\":\"1\",\"fields\":{\"eventName\":\"AIDS Ride for Life 2015\",\"when\":{\"date\":\"9\\/12\\/2015\"},\"description\":\"<p>A great opportunity to combine a challenging route, beautiful scenery with a chance to make a difference, on one of the best supported rides anywhere. Ride a 100 miles or take it easy with 42 miles.<\\/p>\",\"photo\":[\"50\"],\"signUpLink\":\"http:\\/\\/aidsrideforlife.org\\/rider\\/registration\",\"photosLink\":\"\"}},\"49\":{\"type\":\"event\",\"enabled\":\"1\",\"fields\":{\"eventName\":\"Mud Gauntlet 2015\",\"when\":{\"date\":\"4\\/19\\/2015\"},\"description\":\"<p>Seriously challenge yourself by running, crawling, sprinting and splashing through the Mud Gauntlet, Broome County\'s premier hardcore outdoor obstacle course!<\\/p>\",\"photo\":[\"48\"],\"signUpLink\":\"\",\"photosLink\":\"https:\\/\\/www.facebook.com\\/media\\/set\\/?set=a.1057036687644019.1073741868.194458827235147&type=3\"}},\"53\":{\"type\":\"event\",\"enabled\":\"1\",\"fields\":{\"eventName\":\"Hot Cross Run 2014\",\"when\":{\"date\":\"10\\/11\\/2014\"},\"description\":\"<p>Calling all fitness heroes! The ringmasters at STAP have thrown down the gauntlet and have devised the perfect trio of tasks to test you and your fitness.<\\/p>\",\"photo\":[\"52\"],\"signUpLink\":\"http:\\/\\/aidsrideforlife.org\\/rider\\/registration\",\"photosLink\":\"https:\\/\\/www.facebook.com\\/media\\/set\\/?set=a.939412246073131.1073741856.194458827235147&type=3\"}}}}}', '2015-06-07 00:07:32', '2015-06-07 00:07:32', '4fbd3349-d1c9-49ed-a1e6-96087978a1d1');
INSERT INTO `craft_entryversions` (`id`, `entryId`, `sectionId`, `creatorId`, `locale`, `num`, `notes`, `data`, `dateCreated`, `dateUpdated`, `uid`) VALUES ('23', '54', '7', '1', 'en_us', '1', '', '{\"typeId\":null,\"authorId\":\"1\",\"title\":\"HIV \\/ AIDS 101\",\"slug\":\"hiv-aids-101\",\"postDate\":1433645050,\"expiryDate\":null,\"enabled\":1,\"fields\":{\"27\":{\"new1\":{\"type\":\"qA\",\"enabled\":\"1\",\"fields\":{\"question\":\"What does HIV and AIDS stand for?\",\"answer\":\"<p><strong>HIV <\\/strong>stands for Human Immunodeficiency Virus. It is the virus that attacks the body\\u2019s immune system and over time, people become less able to fight off illness and diseases.<\\/p><p><strong>AIDS <\\/strong>stands for Acquired Immune Deficiency Syndrome. AIDS is a condition that results from your body\\u2019s weakened immune system as a result of infection with HIV. Doctors make an AIDS diagnosis based on a set of symptoms and conditions identified by the U.S. Centers for Disease Control (CDC). These conditions include: being HIV+ and having a T-Cell (CD4) cell count lower than 200 and\\/or having had one or more opportunistic infections (these can include: toxoplasmosis, Kaposi\'s sarcoma, and several others).<\\/p>\"}}}}}', '2015-06-07 02:44:10', '2015-06-07 02:44:10', 'ec9cc6af-1bac-41c3-a408-15c692adfa15');
INSERT INTO `craft_entryversions` (`id`, `entryId`, `sectionId`, `creatorId`, `locale`, `num`, `notes`, `data`, `dateCreated`, `dateUpdated`, `uid`) VALUES ('24', '54', '7', '1', 'en_us', '2', '', '{\"typeId\":\"7\",\"authorId\":\"1\",\"title\":\"HIV \\/ AIDS 101\",\"slug\":\"hiv-aids-101\",\"postDate\":1433645040,\"expiryDate\":null,\"enabled\":1,\"fields\":{\"27\":{\"55\":{\"type\":\"qA\",\"enabled\":\"1\",\"fields\":{\"question\":\"What does HIV and AIDS stand for?\",\"answer\":\"<p><strong>HIV <\\/strong>stands for Human Immunodeficiency Virus. It is the virus that attacks the body\\u2019s immune system and over time, people become less able to fight off illness and diseases.<\\/p><p><strong>AIDS <\\/strong>stands for Acquired Immune Deficiency Syndrome. AIDS is a condition that results from your body\\u2019s weakened immune system as a result of infection with HIV. Doctors make an AIDS diagnosis based on a set of symptoms and conditions identified by the U.S. Centers for Disease Control (CDC). These conditions include: being HIV+ and having a T-Cell (CD4) cell count lower than 200 and\\/or having had one or more opportunistic infections (these can include: toxoplasmosis, Kaposi\'s sarcoma, and several others).<\\/p>\"}},\"new1\":{\"type\":\"qA\",\"enabled\":\"1\",\"fields\":{\"question\":\"What are the ways that HIV is transmitted?\",\"answer\":\"<p>The three most common ways that HIV is transmitted are:<br>\\r\\n<\\/p><ul>\\r\\n\\t<li><strong>UNPROTECTED SEX<\\/strong> \\u2013 That\\u2019s having anal, vaginal or oral sex without a condom or other barrier with an HIV infected person and\\/or<\\/li>\\r\\n\\t<li><strong>SHARING NEEDLES<\\/strong> \\u2013 That\\u2019s sharing intravenous (IV) drug needles, syringes and\\/or other equipment (works) with an HIV infected person<\\/li>\\r\\n\\t<li><strong>MOTHER TO CHILD<\\/strong> \\u2013 From HIV-infected woman to babies before or during birth, or through breast feeding<\\/li>\\r\\n<\\/ul><p>HIV is not the only infection that you can get from sexual contact. You can also get other sexually transmitted infections (STIs) \\u2014 such as Chlamydia, HPV, gonorrhea, hepatitis B\\/C, herpes, intestinal parasites, non-gonococcal urethritis, and syphilis \\u2014 through unprotected anal, vaginal, and oral sex as well as other sexual practices like rimming.\\r\\n<\\/p><p>If you have any of these STIs and do anything sexually that can transmit HIV, you\'re also at much greater risk of actually getting HIV. In fact, having one of these STIs can increase your risk for contracting HIV.\\r\\n<\\/p>\"}},\"new2\":{\"type\":\"qA\",\"enabled\":\"1\",\"fields\":{\"question\":\"Can I get HIV from casual contact?\",\"answer\":\"<p><strong>NO!<\\/strong> Shaking hands, hugging, using a toilet, drinking from the same glass, or the sneezing and coughing of an infected person will not put you at risk for contracting HIV. You can only get HIV from intimate contact with specific body fluids from an infected. You can\'t get HIV from day-to-day contact in the workplace, schools, or social settings, and you can\'t get HIV from shaking hands, hugging, or a casual kiss. You also can\'t get infected from a toilet seat, a drinking fountain, a doorknob, dishes, drinking glasses, food, or pets. HIV is not an airborne or food-borne virus and does not live long outside the body.<\\/p>\"}},\"new3\":{\"type\":\"qA\",\"enabled\":\"1\",\"fields\":{\"question\":\"Is there a cure for HIV or AIDS?\",\"answer\":\"<p>No. There is no cure or vaccine for HIV infection or AIDS. Research scientists in the United States and other countries are actively working towards the development of a cure. To date, no one has ever been able to cure any virus known to mankind, however there are many treatments and medications to help treat HIV.<\\/p>\"}},\"new4\":{\"type\":\"qA\",\"enabled\":\"1\",\"fields\":{\"question\":\"Can I tell if someone is HIV positive just from looking at them?\",\"answer\":\"<p>No, you can\\u2019t. Many of the typical outward symptoms of HIV are not necessarily clear indicators that someone is HIV positive. The only sure way to find out is to ask the guy if he knows his HIV status and hope that they answer honestly. And if they don\\u2019t know their status, it\'s probably a good idea to assume they are HIV positive and play safely.<\\/p>\"}},\"new5\":{\"type\":\"qA\",\"enabled\":\"1\",\"fields\":{\"question\":\"Can I get HIV from anal sex?\",\"answer\":\"<p>Yes, it is possible for either sex partner to become infected with HIV during anal sex. HIV can be found in the blood, semen, pre-cum, or vaginal fluid of a person infected with the virus. In general, the person being penetrated or receiving the semen is at greater risk of getting HIV because the lining of the rectum is thin and may allow the virus to enter the body during anal sex. However, the person doing the penetrating (or inserting his penis into an infected partner) is also at risk because HIV can enter through the urethra (the piss-slit or opening at the tip of the penis) or through small cuts, abrasions, or open sores on the penis. Having unprotected (without a condom) anal sex is considered to be very risky behavior. If you\'re going to have anal sex, you can reduce the risk of HIV transmission significantly by using a latex or polyurethane condom. Most of the time, condoms work well. However, condoms are more likely to break during anal sex than during vaginal sex. So, even with a condom, anal sex can be risky. You should also be sure to use a water-based lubricant (rather than an oil-based lube) in addition to the condom to reduce the chances of the condom breaking. If you are barebacking, have the insertive partner (top) pull out before ejaculating. Avoid douching (enema) beforehand as this actually puts you at a higher risk for becoming infected with HIV. Douching may wash away helpful or \\u2018good\\u2019 bacteria in the mucous membrane lining your ass as well as reducing your natural lubrication. This increases the friction of being penetrated, which can cause tears in the rectum and anus. It\'s also not good to douche after being penetrated since this could spread the virus around even more. Also, use lots of lube, to make sure that your anus and rectum are as thoroughly lubricated as possible, which also helps to avoid cuts and tears which would make it easier for HIV to get into your body\'s blood stream.<\\/p>\"}},\"new6\":{\"type\":\"qA\",\"enabled\":\"1\",\"fields\":{\"question\":\"Can I get HIV from having vaginal sex?\",\"answer\":\"<p>Yes, it is possible to become infected with HIV through vaginal intercourse. In fact, it is the most common way the virus is transmitted in much of the world. HIV can be found in the blood, semen, pre-cum, or vaginal fluid of a person infected with the virus. The lining of the vagina can tear and possibly allow HIV to enter the body more easily. Direct absorption of HIV through the mucous membranes that line the vagina also is a possibility. Men may be at less risk for HIV transmission than women are through vaginal intercourse. However, HIV can enter the body of the male through his urethra (the piss-slit or opening at the tip of the penis), or through small cuts or open sores on the penis. The risk for HIV infection also increases if you or a partner has a sexually transmitted disease (STI). If you choose to have vaginal intercourse, use a latex condom to help protect both you and your partner from the risk of HIV and other STIs. Studies have shown that latex condoms are very effective, though not perfect, in preventing HIV transmission when used correctly and consistently. If either partner is allergic to latex, plastic (polyurethane) condoms for either the male or female can be used.<\\/p>\"}},\"new7\":{\"type\":\"qA\",\"enabled\":\"1\",\"fields\":{\"question\":\"Can I get HIV from performing oral sex?\",\"answer\":\"<p>Yes, it is possible for you to become infected with HIV through performing oral sex, but it is considered low to medium risk. There have been a few cases of HIV transmission from performing oral sex on a person infected with HIV. While no one knows exactly what the degree of risk is, evidence suggests that the risk is less than that of unprotected anal or vaginal sex. Blood, semen, pre-cum, and vaginal fluid all may contain the virus. Cells in the mucous lining of the mouth may carry HIV into the lymph nodes or the bloodstream.<\\/p><p>The risk increases if:<\\/p><ul><li>You have cuts or sores around or in your mouth or throat,<\\/li><\\/ul><ul><li>Your partner ejaculates in your mouth, or<\\/li><\\/ul><ul><li>Your partner has another sexually transmitted infection (STI)<\\/li><\\/ul>\"}},\"new8\":{\"type\":\"qA\",\"enabled\":\"1\",\"fields\":{\"question\":\"Can I get HIV from someone performing oral sex on me?\",\"answer\":\"<p>Yes, it is possible for you to become infected with HIV through receiving oral sex, but it is considered low risk, though no one knows exactly what the degree of risk is. Evidence suggests that the risk is less than that of unprotected anal or vaginal sex. If your partner has HIV, blood from his or her mouth may enter the urethra (the piss-slit, or opening at the tip of the penis), the vagina, the anus, or directly into the body through small cuts or open sores.<\\/p><p><em>If you choose to have oral sex, and your partner is male:<\\/em><\\/p><ul><li>Use a latex condom on the penis; or<\\/li><\\/ul><ul><li>If you or your partner is allergic to latex, use a polyurethane condom. <\\/li><li>If you aren\\u2019t going to use a condom, you can reduce your risk of HIV infection by avoiding deep throating, which makes it easier for the slit of your penis to come into contact with the mucous membranes at the back of your partner\\u2019s throat, providing a good entry point for HIV to get into the body\'s blood stream.<\\/li><\\/ul><p><em>If you choose to have oral sex, and your partner is female:<\\/em><\\/p><ul><li>Use a latex barrier (such as a dental dam or a cut-open condom that makes a square) between your mouth and the vagina. <\\/li><li>Plastic food wrap also can be used as a barrier. Using a barrier will reduce the risk of blood or vaginal fluids entering your mouth. Research has shown the effectiveness of latex condoms used on the penis to prevent the transmission of HIV. <\\/li><li>Condoms are not risk-free, but they greatly reduce your risk of becoming HIV-infected if your partner has the virus.<span><\\/span><\\/li><\\/ul>\"}},\"new9\":{\"type\":\"qA\",\"enabled\":\"1\",\"fields\":{\"question\":\"If you aren\\u2019t going to use a condom for oral sex condom, the following are ways to reduce the risk of HIV transmission.\",\"answer\":\"<ul><li>Don\'t brush or floss your teeth for at least an hour before giving head. You can use a mouthwash, breath mint, or gum instead. This will keep the number of tears and cuts in your mouth to a minimum.<\\/li><\\/ul><ul><li>Try not to eat abrasive foods (like tortilla chips, French bread, pretzels, etc.) for the same reasons.<\\/li><\\/ul><ul><li>In general, it\'s also a good idea to maintain excellent oral hygiene to prevent the possibility of easy tears\\/cuts in the mouth.<\\/li><\\/ul><ul><li>Avoid getting semen in your mouth; semen contains active HIV. If you do get semen in your mouth, as the saying goes: \\u2018Swallow or spit, just don\\u2019t let it sit.\\u2019 The longer semen is in your mouth, the more potential for HIV to find an entry point into your body.<\\/li><\\/ul><ul><li>Avoid deep throating since this can cause abrasions in the throat. Precum and semen can come into contact with these abrasions, creating an effective entry point for HIV infection<\\/li><\\/ul>\"}},\"new10\":{\"type\":\"qA\",\"enabled\":\"1\",\"fields\":{\"question\":\"If someone is HIV positive, but has an undetectable viral load, is it \\u2018safe\\u2019 to perform oral sex without a condom?\",\"answer\":\"<p>An undetectable viral load is only a measure of the HIV levels in a blood sample, but there is still no sure way to know or average how much HIV virus there is in semen or pre-cum since it varies from man to man.<\\/p>\"}},\"new11\":{\"type\":\"qA\",\"enabled\":\"1\",\"fields\":{\"question\":\"Can I get HIV from kissing on the cheek, open-mouth or deep kissing (\\u2018swapping saliva\\u2019)?\",\"answer\":\"<p>HIV is not casually transmitted, so kissing on the cheek is very safe. Even if the other person has the virus, your unbroken skin is a good barrier. No one has become infected from such ordinary social contact as dry kisses, hugs, and handshakes. Open-mouth kissing is considered a very low-risk activity for the transmission of HIV because the amount of HIV in saliva is very small and relatively inactive. However, prolonged open-mouth kissing could damage the mouth or lips which would then allow HIV to pass from an infected person to a partner and then enter the body through cuts or sores in the mouth.<\\/p>\"}}}}}', '2015-06-07 02:50:45', '2015-06-07 02:50:45', 'ff1fcdd5-0e6a-4608-9200-f763c7c71ffe');
INSERT INTO `craft_entryversions` (`id`, `entryId`, `sectionId`, `creatorId`, `locale`, `num`, `notes`, `data`, `dateCreated`, `dateUpdated`, `uid`) VALUES ('25', '67', '7', '1', 'en_us', '1', '', '{\"typeId\":null,\"authorId\":\"1\",\"title\":\"Harm & Risk Reduction\",\"slug\":\"harm-risk-reduction\",\"postDate\":1433648733,\"expiryDate\":null,\"enabled\":1,\"fields\":{\"27\":{\"new1\":{\"type\":\"qA\",\"enabled\":\"1\",\"fields\":{\"question\":\"How can I reduce my risk from getting HIV and other STIs?\",\"answer\":\"<p>The following practices can help reduce your risk of becoming infected with HIV or other STIs\\u2026<\\/p><ul><li>Keep semen and blood (including blood from piercing, shaving, or menstruation) out of the mouth, anus, or vagina and away from other mucous membranes (like the eyes or nose) and any cuts\\/breaks in the skin.<\\/li><\\/ul><ul><li>Use latex or polyurethane condoms for oral, anal and vaginal sex, and pull out of your partner before ejaculation for added safety.<\\/li><\\/ul><ul><li>Use only water-based or silicone-based lubricants with latex condoms. Oil based lubes like Crisco, Vaseline, baby oil, hand creams, etc., can cause latex to break. If you must use oil-based lubricants, use polyurethane condoms since these are safe to use with oil.<\\/li><\\/ul><ul><li>If you are barebacking (unprotected anal sex), the insertive partner (top) should pull out before ejaculating. Avoid douching or using an enema beforehand as this actually puts you at a higher risk for becoming infected with HIV. Douching may wash away helpful or \\u2018good\\u2019 bacteria in the mucous membrane lining your rectum as well as reducing your natural lubrication. This increases the friction during anal penetration, which can cause tears in the rectum and anus. It\'s also not good to douche after anal penetration since this could spread the virus around even more. Also, use lots of lube, to make sure that your anus and rectum are as thoroughly lubricated as possible, which also helps to avoid cuts and tears which make it easier for HIV to get into your body\'s blood stream.<\\/li><\\/ul><ul><li>Use a condom during oral sex even if your partner does not ejaculate in your mouth. HIV from semen or pre-cum could enter the blood stream through cuts or sores in your mouth. If you don\'t like the taste of plain latex, try flavored condoms\\u2014they can turn oral sex into a whole new experience for both you and your partner.<\\/li><\\/ul><ul><li>Use dental dams, latex squares, cut-open condoms, or saran wrap for mouth to anus contact (rimming) or performing oral sex on a woman.<\\/li><\\/ul><ul><li>Use latex gloves or finger cots for fingering, especially if you have any cuts or sores on your hands.<\\/li><\\/ul><ul><li>Don\'t brush or floss your teeth for at least an hour before kissing or performing oral sex. You can use a mouthwash, breath mint, or gum instead. This will keep the number of tears and cuts in your mouth to a minimum. Try not to eat abrasive foods (tortilla chips, French bread, pretzels, etc.) for the same reasons. You should also try to be aware of whether or not you have any cuts or sores in your mouth. In general, it\'s a good idea to maintain excellent oral hygiene to prevent the possibility of having any easy tears\\/cuts in your mouth.<\\/li><\\/ul><ul><li>Avoid getting semen in your mouth; semen contains HIV. If you do get semen in your mouth, as the saying goes: \\u2018Swallow or spit, just don\\u2019t let it sit.\\u2019 The longer semen stays in your mouth, the more potential for HIV to find an entry point into your body. Also, avoid deep-throating since this can cause abrasions in your throat. Precum and semen can come into contact with these abrasions, creating an effective entry point for HIV infection.<\\/li><\\/ul><ul><li>Don\'t share sex toys. Use condoms on dildos or vibrators, and\\/or clean them with soap and water or in hydrogen peroxide after use.<\\/li><\\/ul><ul><li>Alcohol and other drugs can impair your judgment and put you at risk for HIV infection or, if you already have HIV, for transmitting it to others. Many people have trouble keeping to their commitments to safe\\/healthy sexual behaviors after getting high.<\\/li><\\/ul><ul><li>Massage, hugging, masturbation (solo or with others), and other activities that don\'t let blood or semen into your bloodstream are always safe.<\\/li><\\/ul>\"}},\"new2\":{\"type\":\"qA\",\"enabled\":\"1\",\"fields\":{\"question\":\"Can I get HIV from getting a tattoo or through body piercing?\",\"answer\":\"<p>A risk of HIV transmission does exist if instruments contaminated with blood are not sterilized or disinfected, or if they are shared inappropriately between clients.<\\/p><p>CDC recommends that instruments that are intended to penetrate the skin be used once, then disposed of or thoroughly cleaned and sterilized.<\\/p><p>Personal service workers who do tattooing or body piercing should be educated about how HIV is transmitted and take precautions to prevent transmission of HIV and other blood-borne infections in their settings. If you are considering getting a tattoo or having your body pierced, ask staff at the establishment what procedures they use to prevent the spread of HIV and other blood-borne infections, such as hepatitis B virus.<\\/p><p>You also may call the local health department to find out what sterilization procedures are in place in the local area for these types of establishments.<\\/p>\"}}}}}', '2015-06-07 03:45:33', '2015-06-07 03:45:33', '6c59f033-5d36-44a3-85f5-83344fceab13');
INSERT INTO `craft_entryversions` (`id`, `entryId`, `sectionId`, `creatorId`, `locale`, `num`, `notes`, `data`, `dateCreated`, `dateUpdated`, `uid`) VALUES ('26', '70', '7', '1', 'en_us', '1', '', '{\"typeId\":null,\"authorId\":\"1\",\"title\":\"Condoms\",\"slug\":\"condoms\",\"postDate\":1433648992,\"expiryDate\":null,\"enabled\":1,\"fields\":{\"27\":{\"new1\":{\"type\":\"qA\",\"enabled\":\"1\",\"fields\":{\"question\":\"How effective are latex condoms in preventing HIV?\",\"answer\":\"<p>Studies have shown that latex condoms are highly effective in preventing HIV transmission when used consistently and correctly. These studies looked at uninfected people considered to be at very high risk of infection because they were involved in sexual relationships with HIV-infected people. The studies found that even with repeated sexual contact, 98-100% of those people who used latex condoms correctly and consistently did not become infected with HIV.<\\/p>\"}},\"new2\":{\"type\":\"qA\",\"enabled\":\"1\",\"fields\":{\"question\":\"I\'m allergic to latex (and\\/or my partner is). What brands of polyurethane condoms are available as an alternative?\",\"answer\":\"<p>There are currently several available brands of polyurethane condoms that can be used as alternatives to latex condoms.<\\/p><p>1) The Female Condom (f2): The first condom designed to be worn by women for vaginal sex: it\'s also easily used by men for anal sex. Made of soft polyurethane, this product actually offers more protection against pregnancy and disease because it covers more area and is compatible with water-, silicon-, and oil-based lubricants.<\\/p><p>2) Avanti Duron Condom: Avanti was the first polyurethane condom. It\'s strong, nonporous, and non-permeable to all viruses and protects against STIs including HIV. It\'s hypoallergenic and thinner than latex, so it can transmit more sensation and warm to the body\'s temperature unlike latex. It\'s safe to use with water-, silicon-, and oil-based lubricants. Because polyurethane isn\'t quite as elastic as latex, the Avanti is slightly larger than the average latex condom.<\\/p><p>**For the record, Consumer Reports and the FDA have both reported that the Avanti breaks more readily than a latex condom, and are recommending them exclusively for those with latex allergies.**<\\/p><p>3) Trojan Supra Condom: The Supra is made from a medical-grade, advanced material called Microsheer, it\'s ultra-thin, strong, and clear (almost invisible), and has no latex allergens. It\'s compatible with water-,silicon-, and oil-based lubricants, has no taste or smell, and can transmit body heat, unlike latex. Supras are also quite a bit larger than the average condom.<\\/p><p>4) LifeStyles Skyn condom: This condom is made from a technologically advanced material called Polyisoprene, which is thin, strong and clear, with no latex allergens. It is compatible with water-based and silicone-based lubricants. These are approximately the same size as a standard condom.<\\/p><p><strong>DO NOT use lambskin condoms; they do not prevent transmission of HIV.<\\/strong><\\/p>\"}},\"new3\":{\"type\":\"qA\",\"enabled\":\"1\",\"fields\":{\"question\":\"Is it safe\\/safer to use two condoms (instead of one) at the same time?\",\"answer\":\"<p>This is sometimes referred to as \\\"double bagging.\\\" It is better to use a single condom at a time. When a single condom is used properly, the resulting safety factor for prevention of HIV transmission increases dramatically. When two condoms are used, there is a much bigger chance of friction between the two latex barriers. Friction (heat) is a condom\'s worst\\/biggest enemy. Heat contact with latex will increase the chance of breakage. (Hot temperatures, humidity, and even ultraviolet light can contribute to the deterioration of latex condoms.)<\\/p>\"}},\"new4\":{\"type\":\"qA\",\"enabled\":\"1\",\"fields\":{\"question\":\"Does the spermicide nonoxyl-9 (N-9) help prevent HIV infection?\",\"answer\":\"<p>No. Recent scientific studies have conclusively proven nonoxyl-9 ineffective in preventing HIV transmission. In fact, it actually appears to increase your chances of becoming infected with HIV. Given the risks and the lack of any preventive benefits, <strong>the use of nonoxyl-9 is no longer recommended <\\/strong>as a preventive measure against HIV transmission\\/infection.<\\/p>\"}},\"new5\":{\"type\":\"qA\",\"enabled\":\"1\",\"fields\":{\"question\":\"What kinds of lubricants should I use?\",\"answer\":\"<p>It is always safe to use <strong>water-based <\\/strong>lubricants and <strong>silicone-based <\\/strong>lubricants with latex condoms. The lubrication heightens the sexual experience and, if you put a few drops of lube inside the tip of the condom, you\'ll have better stimulation along with added safety.<\\/p><p>It is NEVER safe to use oil-based lubricants (skin lotions, baby oil, Vaseline, Crisco, cold cream, or even whipped cream) with latex condoms because oil dramatically weakens latex and definitely increases the chances of condom failure\\/breakage. For example, mineral oil is a common ingredient in many lotions. According to the CDC, within as little as 60 seconds of exposure, a 90% decrease in latex strength will occur in a condom when using an oil based lubricant. To demonstrate this phenomenon, blow up a latex condom, place a dab of oil or lotion on it, and watch it explode. The moral of the story? Don\\u2019t use oil on latex!<\\/p><p>Only polyurethane condoms can safely be used with oil-based lubricants, so if you must use an oil-based lubricant, please use only polyurethane condoms. Polyurethane condoms also work well with water-based and silicone-based lubricants.<\\/p>\"}}}}}', '2015-06-07 03:49:52', '2015-06-07 03:49:52', '605c2e1e-fe12-4c05-9241-5356a74a45a5');
INSERT INTO `craft_entryversions` (`id`, `entryId`, `sectionId`, `creatorId`, `locale`, `num`, `notes`, `data`, `dateCreated`, `dateUpdated`, `uid`) VALUES ('27', '76', '7', '1', 'en_us', '1', '', '{\"typeId\":null,\"authorId\":\"1\",\"title\":\"Post Exposure Prophylaxis\",\"slug\":\"post-exposure-prophylaxis\",\"postDate\":1433649340,\"expiryDate\":null,\"enabled\":1,\"fields\":{\"27\":{\"new1\":{\"type\":\"qA\",\"enabled\":\"1\",\"fields\":{\"question\":\"What is Post Exposure Prophylaxis (PEP)?\",\"answer\":\"<p>There are many ways to prevent HIV infection. Two of the most common are the use of condoms or dental dams, and not sharing needles when injecting drugs. Unfortunately, things don\'t always work out as planned. Accidents happen. Sometimes having unprotected sex wasn\'t a decision we made, but happened as a result of sexual assault. Other times we decide to have unprotected sex and then worry about it afterwards.<\\/p><p>For these events, there is an option called PEP (Post Exposure Prophylaxis). PEP is the use of medications to reduce the chances of HIV infection after a person may have been exposed to the virus. A high-risk exposure includes unprotected anal or vaginal sex or needle exposure with someone who is HIV infected or someone of unknown status. Unprotected oral sex is lower risk for HIV infection. PEP is usually not given to people who had unprotected oral sex but you can talk to you doctor about whether it is right for you.<br><\\/p><p><em>This therapy should NEVER be routine. It is a complicated medical therapy that should be attempted only in urgent situations.<\\/em><\\/p>\"}},\"new2\":{\"type\":\"qA\",\"enabled\":\"1\",\"fields\":{\"question\":\"Should I Take PEP?\",\"answer\":\"<p>If you are considering PEP, realize that potential benefits have to be weighed against the significant costs and health risks. You might be anxious about the experience that put you at risk for HIV. While some researchers believe PEP may help prevent HIV infection, this has not been proven and its use is currently being evaluated.<\\/p>\"}},\"new3\":{\"type\":\"qA\",\"enabled\":\"1\",\"fields\":{\"question\":\"What are the possible side effects?\",\"answer\":\"<p>These medications can have severe side effects such as nausea, headaches, weight loss, dehydration and vomiting. Current recommendations for PEP treatments include a combination of a 2-3 antiretroviral therapy for a period of 28 days. The program requires a commitment to taking medications daily. The therapy may not be effective for everyone. If a person becomes infected with HIV, there is a risk that the virus will be difficult to treat because it may develop resistance to the PEP medications.<\\/p>\"}},\"new4\":{\"type\":\"qA\",\"enabled\":\"1\",\"fields\":{\"question\":\"How do I get PEP?\",\"answer\":\"<p>If you have had a high-risk exposure within the past 72 hours, call your medical provider and ask to speak to a doctor about PEP. You can also visit the local emergency rooms. Each hospital emergency room has a protocol in place for PEP.<br><\\/p><p><strong><em>Please note that medication is best started as soon as possible, and no later than 72 hours after an exposure from unprotected anal or vaginal sex or from sharing needles.<\\/em><\\/strong><\\/p>\"}}}}}', '2015-06-07 03:55:40', '2015-06-07 03:55:40', '5523d846-6af4-41c9-9626-45c512ab2ac6');
INSERT INTO `craft_entryversions` (`id`, `entryId`, `sectionId`, `creatorId`, `locale`, `num`, `notes`, `data`, `dateCreated`, `dateUpdated`, `uid`) VALUES ('28', '81', '7', '1', 'en_us', '1', '', '{\"typeId\":null,\"authorId\":\"1\",\"title\":\"Prevention for Positives\",\"slug\":\"prevention-for-positives\",\"postDate\":1433649401,\"expiryDate\":null,\"enabled\":1,\"fields\":{\"27\":{\"new1\":{\"type\":\"qA\",\"enabled\":\"1\",\"fields\":{\"question\":\"I\'m HIV positive. Where can I get information about treatments?\",\"answer\":\"<p>The CDC recommends that you be in the care of a doctor or medical service, ideally one with experience treating people living with HIV. Your doctor can provide you with relevant information and guidance. You can also contact STAP for more information.<\\/p>\"}},\"new2\":{\"type\":\"qA\",\"enabled\":\"1\",\"fields\":{\"question\":\"Can HIV-positive people become re-infected?\",\"answer\":\"<p>The short, simple answer is yes, because there are different strains of the virus. Therefore, it is possible for someone who\'s HIV positive to become infected with multiple and more virulent strains of HIV. This is one of the reasons that medical providers will encourage couples who are both HIV+ to still use condoms. <\\/p>\"}}}}}', '2015-06-07 03:56:41', '2015-06-07 03:56:41', 'e8e5eafa-3979-4edc-bd82-b29b15a862f1');
INSERT INTO `craft_entryversions` (`id`, `entryId`, `sectionId`, `creatorId`, `locale`, `num`, `notes`, `data`, `dateCreated`, `dateUpdated`, `uid`) VALUES ('29', '84', '7', '1', 'en_us', '1', '', '{\"typeId\":null,\"authorId\":\"1\",\"title\":\"Sexually Transmitted Infections\",\"slug\":\"sexually-transmitted-infections\",\"postDate\":1433649813,\"expiryDate\":null,\"enabled\":1,\"fields\":{\"27\":{\"new1\":{\"type\":\"qA\",\"enabled\":\"1\",\"fields\":{\"question\":\"Is there a connection between HIV and other sexually transmitted infections (STIs)?\",\"answer\":\"<p>Yes. Having an STI can increase a person\'s risk of becoming infected with HIV, whether the STI causes open sores or breaks in the skin (e.g., syphilis, herpes, chancroid), or does not cause breaks in the skin (e.g., Chlamydia, gonorrhea). If the STI infection causes irritation of the skin, breaks or sores may make it easier for HIV to enter the body during sexual contact. Even when the STI causes no breaks or open sores, the infection can stimulate an immune response in the genital area that can make HIV transmission more likely. In addition, if an HIV-infected person is also infected with another STI, that person is three to five times more likely than other HIV-infected persons (who don\'t have an STI) to transmit HIV through sexual contact. For those are sexually active, the following HIV prevention activities are highly effective:<\\/p><ul><li>Engaging in sex that does not involve vaginal, anal, or oral sex;<\\/li><li>Having intercourse with only one uninfected partner; or<\\/li><li>Using latex or polyurethane condoms every time you have sex<\\/li><\\/ul>\"}},\"new2\":{\"type\":\"qA\",\"enabled\":\"1\",\"fields\":{\"question\":\"What are the most common symptoms associated with STIs?\",\"answer\":\"<p>First of all, remember that some sexually transmitted diseases (STIs) cause no symptoms, and when symptoms do occur, they often go unrecognized. <strong>Most people with STIs have no symptoms\\u2014none! <\\/strong>So you can be infected and even infect someone else without knowing it. However, there are some common signs to watch for. The symptoms listed below are tricky, as they can show up anywhere from two days to a couple of months after initial exposure to the disease. Sometimes symptoms can show up as much as several years after the initial STI infection.<\\/p><p>If you have any of these symptoms or think you have been exposed to an STI, contact a healthcare provider immediately.<\\/p><p><strong>Take note of any:<\\/strong><\\/p><p>* sores, bumps, or blisters near the mouth or genitals<\\/p><p>* burning or pain during urination or a bowel movement<\\/p><p>* flu-like symptoms including fever, chills, and aches<\\/p><p>* swelling in the groin area<\\/p><p><strong>For women only:<\\/strong><\\/p><p>* unusual odor or discharge from the vagina<\\/p><p>* pelvic pain<\\/p><p>* burning or itching around the vagina<\\/p><p>* unusual bleeding<\\/p><p>* pain during intercourse<\\/p><p>* increased severity of menstrual cramps or abnormal period<\\/p><p><strong>Just for men:<\\/strong><\\/p><p>* discharge from the penis<\\/p><p>* pain in the testicles<\\/p>\"}},\"new3\":{\"type\":\"qA\",\"enabled\":\"1\",\"fields\":{\"question\":\"Guide to Sexually Transmitted Infections (STI\\u2019s)\",\"answer\":\"<h1>nfection<\\/h1><p><strong>What is it?<\\/strong><\\/p><p><strong>How do I get it?<\\/strong><\\/p><p><strong>How can I tell?<\\/strong><\\/p><p><strong>How do I get rid of it?<\\/strong><\\/p><p><strong>How do I lower my risk?<\\/strong><\\/p><p><strong>Chlamydia<\\/strong><\\/p><p>Bacteria that can infect the urethra (the opening of your penis), throat, anus or testicles<\\/p><p>Oral, vaginal or anal sex without protection<\\/p><p>After 7-14 days, there is a smelly discharge or burning, particularly when urinating, and itching or pain and swelling in the testicles.<\\/p><p>Antibiotics<\\/p><p>Pay attention to any odors. Use condoms for anal and vaginal sex.<\\/p><p><strong>Genital Herpes<\\/strong><\\/p><p>A virus that causes sores on sex organ or mouth.<\\/p><p>Skin to skin contact even when there are no symptoms.<\\/p><p>After 5-21 days, there are small, painful sores that will go away. They may itch, burn, tingle or ooze. Sore reappear later.<\\/p><p>NO Cure. Treatments lessen symptoms and help prevent recurrence.<\\/p><p>Pay attention to outbreaks and sores. Avoid contact as much as possible.<\\/p><p><strong>Genital Warts<\\/strong><\\/p><p><strong>(HPV)<\\/strong><\\/p><p>A virus that infects the sex organs and causes warts or bumps, some very small.<\\/p><p>Contact with warts.<\\/p><p>After many months, small, painless bumps appear on the genitals or anal area.<\\/p><p>NO Cure. Warts are removed through different methods.<\\/p><p>Pay attention to warts around someone\\u2019s penis\\/vagina, anus and genital area.<\\/p><p><strong>Gonorrhea<\\/strong><\\/p><p>Bacteria that can infect the urethra (opening of your penis), throat, anus or testicles.<\\/p><p>Oral, vaginal or anal sex without protection.<\\/p><p>After 3-5 days, there is a smelly discharge or burning, particularly when urinating.<\\/p><p>Antibiotics<\\/p><p>Pay attention to any odors. Use condoms for anal and vaginal sex.<\\/p><p><strong>Hepatitis A<\\/strong><\\/p><p>A virus that causes inflammation of the liver.<\\/p><p>Orally transmitted. Sharing silverware or toothbrushes, eating contaminated food, or oral-to-anal contact with an infected person.<\\/p><p>After 10-50 days, there is fever, abdominal pain, nausea and fatigue.<\\/p><p>NO Cure. May take 6-12 months to resolve and is rarely fatal.<\\/p><p>Get vaccinated. Use a latex barrier for anal and vaginal contact.<\\/p><p><strong>Hepatitis B<\\/strong><\\/p><p>A virus that causes inflammation of the liver. May lead to cancer or cirrhosis.<\\/p><p>Contact with infected blood or bodily fluids, unprotected anal sex or sharing needles with an infected person.<\\/p><p>After 60-90 days, fatigue, loss of appetite, nausea, yellowing of skin and eyes, dark urine.<\\/p><p>NO Cure. Liver infection can become chronic and sometimes be fatal.<\\/p><p>Get vaccinated. Use a latex barrier for anal and vaginal contact.<\\/p><p><strong>Hepatitis C<\\/strong><\\/p><p>A virus that causes a more serious inflammation of the liver and liver failure over time.<\\/p><p>Contact with infected blood or bodily fluids, unprotected anal sex or sharing needles.<\\/p><p>After 60-90 days, fatigue, loss of appetite, nausea, but mostly no symptoms.<\\/p><p>NO Cure or vaccine. High chance of becoming chronic or fatal.<\\/p><p>Don\\u2019t share needles. Use a condom for anal and vaginal sex.<\\/p><p><strong>HIV<\\/strong><\\/p><p>A virus that attacks the immune system.<\\/p><p>Unprotected anal and vaginal sex, sharing needles.<\\/p><p>Get an HIV test. During the first weeks: flu-like symptoms, fever, night sweats, weight loss, sore\\/swollen lymph nodes occur. After some years, people may develop illnesses, infections, and cancers (AIDS diagnosis).<\\/p><p>NO Cure or vaccine. HIV treatments help many people with HIV\\/AIDS to live longer and healthier lives.<\\/p><p>Don\\u2019t share needles. Use a condom for anal and vaginal sex.<\\/p><p><strong>Lympho-granuloma<\\/strong><\\/p><p><strong>venereum<\\/strong><\\/p><p>A bacterial infection that can cause ulcers on the penis or anus.<\\/p><p>Anal or oral sex \\u2013 unprotected anal intercourse is a common risk factor.<\\/p><p>Within 30 days, pimple or blister turns into ulcer. Painful lymph nodes, anal discharge, bloody diarrhea.<\\/p><p>Three weeks of uninterrupted antibiotics.<\\/p><p>Use a condom for anal and vaginal sex. Pay attention to any open sores.<\\/p><p><strong>Syphilis<\\/strong><\\/p><p>A bacteria that causes a chancre sore on butt, penis or mouth. Untreated, it spreads throughout the body.<\\/p><p>Oral or anal sex without protection. Contact with sores.<\\/p><p>After 3 weeks, sores on genitals or mouth rash, swollen glands and fever.<\\/p><p>Antibiotics<\\/p><p>Use a condom for anal and vaginal sex. Pay attention to any open sores.<\\/p>\"}}}}}', '2015-06-07 04:03:33', '2015-06-07 04:03:33', '1c8053a0-c869-43f3-92c1-14922e0428ca');
INSERT INTO `craft_entryversions` (`id`, `entryId`, `sectionId`, `creatorId`, `locale`, `num`, `notes`, `data`, `dateCreated`, `dateUpdated`, `uid`) VALUES ('30', '84', '7', '1', 'en_us', '2', '', '{\"typeId\":\"7\",\"authorId\":\"1\",\"title\":\"Sexually Transmitted Infections\",\"slug\":\"sexually-transmitted-infections\",\"postDate\":1433649780,\"expiryDate\":null,\"enabled\":1,\"fields\":{\"27\":{\"85\":{\"type\":\"qA\",\"enabled\":\"1\",\"fields\":{\"question\":\"Is there a connection between HIV and other sexually transmitted infections (STIs)?\",\"answer\":\"<p>Yes. Having an STI can increase a person\'s risk of becoming infected with HIV, whether the STI causes open sores or breaks in the skin (e.g., syphilis, herpes, chancroid), or does not cause breaks in the skin (e.g., Chlamydia, gonorrhea). If the STI infection causes irritation of the skin, breaks or sores may make it easier for HIV to enter the body during sexual contact. Even when the STI causes no breaks or open sores, the infection can stimulate an immune response in the genital area that can make HIV transmission more likely. In addition, if an HIV-infected person is also infected with another STI, that person is three to five times more likely than other HIV-infected persons (who don\'t have an STI) to transmit HIV through sexual contact. For those are sexually active, the following HIV prevention activities are highly effective:<\\/p><ul><li>Engaging in sex that does not involve vaginal, anal, or oral sex;<\\/li><li>Having intercourse with only one uninfected partner; or<\\/li><li>Using latex or polyurethane condoms every time you have sex<\\/li><\\/ul>\"}},\"86\":{\"type\":\"qA\",\"enabled\":\"1\",\"fields\":{\"question\":\"What are the most common symptoms associated with STIs?\",\"answer\":\"<p>First of all, remember that some sexually transmitted diseases (STIs) cause no symptoms, and when symptoms do occur, they often go unrecognized. <strong>Most people with STIs have no symptoms\\u2014none! <\\/strong>So you can be infected and even infect someone else without knowing it. However, there are some common signs to watch for. The symptoms listed below are tricky, as they can show up anywhere from two days to a couple of months after initial exposure to the disease. Sometimes symptoms can show up as much as several years after the initial STI infection.<\\/p><p>If you have any of these symptoms or think you have been exposed to an STI, contact a healthcare provider immediately.<\\/p><p><strong>Take note of any:<\\/strong><\\/p><p>* sores, bumps, or blisters near the mouth or genitals<\\/p><p>* burning or pain during urination or a bowel movement<\\/p><p>* flu-like symptoms including fever, chills, and aches<\\/p><p>* swelling in the groin area<\\/p><p><strong>For women only:<\\/strong><\\/p><p>* unusual odor or discharge from the vagina<\\/p><p>* pelvic pain<\\/p><p>* burning or itching around the vagina<\\/p><p>* unusual bleeding<\\/p><p>* pain during intercourse<\\/p><p>* increased severity of menstrual cramps or abnormal period<\\/p><p><strong>Just for men:<\\/strong><\\/p><p>* discharge from the penis<\\/p><p>* pain in the testicles<\\/p>\"}},\"87\":{\"type\":\"qA\",\"enabled\":\"1\",\"fields\":{\"question\":\"Guide to Sexually Transmitted Infections (STI\\u2019s)\",\"answer\":\"<h1>Infection<\\/h1><p><strong>What is it?<\\/strong><\\/p><p><strong>How do I get it?<\\/strong><\\/p><p><strong>How can I tell?<\\/strong><\\/p><p><strong>How do I get rid of it?<\\/strong><\\/p><p><strong>How do I lower my risk?<\\/strong><\\/p><p><strong>Chlamydia<\\/strong><\\/p><p>Bacteria that can infect the urethra (the opening of your penis), throat, anus or testicles<\\/p><p>Oral, vaginal or anal sex without protection<\\/p><p>After 7-14 days, there is a smelly discharge or burning, particularly when urinating, and itching or pain and swelling in the testicles.<\\/p><p>Antibiotics<\\/p><p>Pay attention to any odors. Use condoms for anal and vaginal sex.<\\/p><p><strong>Genital Herpes<\\/strong><\\/p><p>A virus that causes sores on sex organ or mouth.<\\/p><p>Skin to skin contact even when there are no symptoms.<\\/p><p>After 5-21 days, there are small, painful sores that will go away. They may itch, burn, tingle or ooze. Sore reappear later.<\\/p><p>NO Cure. Treatments lessen symptoms and help prevent recurrence.<\\/p><p>Pay attention to outbreaks and sores. Avoid contact as much as possible.<\\/p><p><strong>Genital Warts<\\/strong><\\/p><p><strong>(HPV)<\\/strong><\\/p><p>A virus that infects the sex organs and causes warts or bumps, some very small.<\\/p><p>Contact with warts.<\\/p><p>After many months, small, painless bumps appear on the genitals or anal area.<\\/p><p>NO Cure. Warts are removed through different methods.<\\/p><p>Pay attention to warts around someone\\u2019s penis\\/vagina, anus and genital area.<\\/p><p><strong>Gonorrhea<\\/strong><\\/p><p>Bacteria that can infect the urethra (opening of your penis), throat, anus or testicles.<\\/p><p>Oral, vaginal or anal sex without protection.<\\/p><p>After 3-5 days, there is a smelly discharge or burning, particularly when urinating.<\\/p><p>Antibiotics<\\/p><p>Pay attention to any odors. Use condoms for anal and vaginal sex.<\\/p><p><strong>Hepatitis A<\\/strong><\\/p><p>A virus that causes inflammation of the liver.<\\/p><p>Orally transmitted. Sharing silverware or toothbrushes, eating contaminated food, or oral-to-anal contact with an infected person.<\\/p><p>After 10-50 days, there is fever, abdominal pain, nausea and fatigue.<\\/p><p>NO Cure. May take 6-12 months to resolve and is rarely fatal.<\\/p><p>Get vaccinated. Use a latex barrier for anal and vaginal contact.<\\/p><p><strong>Hepatitis B<\\/strong><\\/p><p>A virus that causes inflammation of the liver. May lead to cancer or cirrhosis.<\\/p><p>Contact with infected blood or bodily fluids, unprotected anal sex or sharing needles with an infected person.<\\/p><p>After 60-90 days, fatigue, loss of appetite, nausea, yellowing of skin and eyes, dark urine.<\\/p><p>NO Cure. Liver infection can become chronic and sometimes be fatal.<\\/p><p>Get vaccinated. Use a latex barrier for anal and vaginal contact.<\\/p><p><strong>Hepatitis C<\\/strong><\\/p><p>A virus that causes a more serious inflammation of the liver and liver failure over time.<\\/p><p>Contact with infected blood or bodily fluids, unprotected anal sex or sharing needles.<\\/p><p>After 60-90 days, fatigue, loss of appetite, nausea, but mostly no symptoms.<\\/p><p>NO Cure or vaccine. High chance of becoming chronic or fatal.<\\/p><p>Don\\u2019t share needles. Use a condom for anal and vaginal sex.<\\/p><p><strong>HIV<\\/strong><\\/p><p>A virus that attacks the immune system.<\\/p><p>Unprotected anal and vaginal sex, sharing needles.<\\/p><p>Get an HIV test. During the first weeks: flu-like symptoms, fever, night sweats, weight loss, sore\\/swollen lymph nodes occur. After some years, people may develop illnesses, infections, and cancers (AIDS diagnosis).<\\/p><p>NO Cure or vaccine. HIV treatments help many people with HIV\\/AIDS to live longer and healthier lives.<\\/p><p>Don\\u2019t share needles. Use a condom for anal and vaginal sex.<\\/p><p><strong>Lympho-granuloma<\\/strong><\\/p><p><strong>venereum<\\/strong><\\/p><p>A bacterial infection that can cause ulcers on the penis or anus.<\\/p><p>Anal or oral sex \\u2013 unprotected anal intercourse is a common risk factor.<\\/p><p>Within 30 days, pimple or blister turns into ulcer. Painful lymph nodes, anal discharge, bloody diarrhea.<\\/p><p>Three weeks of uninterrupted antibiotics.<\\/p><p>Use a condom for anal and vaginal sex. Pay attention to any open sores.<\\/p><p><strong>Syphilis<\\/strong><\\/p><p>A bacteria that causes a chancre sore on butt, penis or mouth. Untreated, it spreads throughout the body.<\\/p><p>Oral or anal sex without protection. Contact with sores.<\\/p><p>After 3 weeks, sores on genitals or mouth rash, swollen glands and fever.<\\/p><p>Antibiotics<\\/p><p>Use a condom for anal and vaginal sex. Pay attention to any open sores.<\\/p><p>***It is important to always use a condom properly!***<br><\\/p><h4>For persons whose sexual behaviors place them at risk for HIV and STI\'s, correct and consistent use of a condom can reduce the risk of HIV and STI transmission. However, no protective method is 100% effective, and condom use cannot guarantee absolute protection against any STI\'s.<\\/h4>\"}}}}}', '2015-06-07 04:11:14', '2015-06-07 04:11:14', '933d3843-fb6b-4760-8810-2c5df2267902');
INSERT INTO `craft_entryversions` (`id`, `entryId`, `sectionId`, `creatorId`, `locale`, `num`, `notes`, `data`, `dateCreated`, `dateUpdated`, `uid`) VALUES ('31', '88', '13', '1', 'en_us', '1', '', '{\"typeId\":null,\"authorId\":\"1\",\"title\":\"Online Resources\",\"slug\":\"online-resources\",\"postDate\":1433801497,\"expiryDate\":null,\"enabled\":1,\"fields\":{\"30\":{\"new6\":{\"type\":\"resourcesHeader\",\"enabled\":\"1\",\"fields\":{\"resourceTitle\":\"FAQ\'s & Glossaries\"}},\"new1\":{\"type\":\"resourceLink\",\"enabled\":\"1\",\"fields\":{\"linkText\":\"AIDS Treatment News\",\"linkUrl\":\"http:\\/\\/www.aids.org\\/index.html\",\"description\":\"\"}},\"new2\":{\"type\":\"resourceLink\",\"enabled\":\"1\",\"fields\":{\"linkText\":\"Center for Disease Control and STD Prevention\",\"linkUrl\":\"http:\\/\\/www.cdc.gov\\/std\\/\",\"description\":\"\"}},\"new3\":{\"type\":\"resourceLink\",\"enabled\":\"1\",\"fields\":{\"linkText\":\"National Institute of Allergy and Infectious Diseases\",\"linkUrl\":\"http:\\/\\/www.niaid.nih.gov\\/factsheets\\/stdinfo.htm\",\"description\":\"\"}},\"new4\":{\"type\":\"resourceLink\",\"enabled\":\"1\",\"fields\":{\"linkText\":\"Engender Health\",\"linkUrl\":\"http:\\/\\/www.engenderhealth.org\\/res\\/onc\\/sti\\/preventing\\/sti6p4.html\",\"description\":\"\"}},\"new5\":{\"type\":\"resourceLink\",\"enabled\":\"1\",\"fields\":{\"linkText\":\"United States Department of Health and Human Services AIDS Info\",\"linkUrl\":\"http:\\/\\/aidsinfo.nih.gov\\/\",\"description\":\"\"}},\"new7\":{\"type\":\"resourcesHeader\",\"enabled\":\"1\",\"fields\":{\"resourceTitle\":\"Educational Resources\"}},\"new8\":{\"type\":\"resourceLink\",\"enabled\":\"1\",\"fields\":{\"linkText\":\"Survivorship A to Z\",\"linkUrl\":\"http:\\/\\/www.survivorshipatoz.org\\/hiv\\/\",\"description\":\"Practical information for living successfully after a diagnosis\"}},\"new9\":{\"type\":\"resourceLink\",\"enabled\":\"1\",\"fields\":{\"linkText\":\"Center for AIDS Prevention Studies\",\"linkUrl\":\"http:\\/\\/www.caps.ucsf.edu\\/\",\"description\":\"Useful resources for those working in the area of AIDS prevention and education including evaluation instruments, program ideas, fact sheets and educational tools.\"}},\"new10\":{\"type\":\"resourceLink\",\"enabled\":\"1\",\"fields\":{\"linkText\":\"PERSON\",\"linkUrl\":\"http:\\/\\/www.personproject.org\\/\",\"description\":\"(almost) everything you might need to know about LGBT equity organizing\"}},\"new11\":{\"type\":\"resourceLink\",\"enabled\":\"1\",\"fields\":{\"linkText\":\"American Red Cross Disease Prevention Education\",\"linkUrl\":\"http:\\/\\/www.redcross.org\\/services\\/hss\\/hivaids\\/\",\"description\":\"Educational programs for teaching people how to prevent transmission of HIV\"}},\"new12\":{\"type\":\"resourceLink\",\"enabled\":\"1\",\"fields\":{\"linkText\":\"CDC National Prevention Information Network\",\"linkUrl\":\"http:\\/\\/www.cdcnpin.org\\/scripts\\/hiv\\/index.asp\",\"description\":\"The CDC National Prevention Information Network has information on a wide variety of topics\"}},\"new13\":{\"type\":\"resourceLink\",\"enabled\":\"1\",\"fields\":{\"linkText\":\"Avert\",\"linkUrl\":\"http:\\/\\/www.avert.org\\/\",\"description\":\"Site focuses on information about education to prevent infection\"}},\"new14\":{\"type\":\"resourceLink\",\"enabled\":\"1\",\"fields\":{\"linkText\":\"Masters in Health Care\",\"linkUrl\":\"http:\\/\\/www.mastersinhealthcare.com\\/blog\\/2012\\/the-webs-clinical-handbook\\/\",\"description\":\"The Web\'s Clinical Handbook for Patients, Doctors and Students\"}},\"new15\":{\"type\":\"resourceLink\",\"enabled\":\"1\",\"fields\":{\"linkText\":\"HIV InSite\",\"linkUrl\":\"http:\\/\\/hivinsite.ucsf.edu\\/\",\"description\":\"Links to Spanish\"}},\"new16\":{\"type\":\"resourcesHeader\",\"enabled\":\"1\",\"fields\":{\"resourceTitle\":\"Tobacco Prevention Resources\"}},\"new17\":{\"type\":\"resourceLink\",\"enabled\":\"1\",\"fields\":{\"linkText\":\"\",\"linkUrl\":\"TobaccoFreeBT.org\",\"description\":\"Tobacco Free Broome\"}},\"new18\":{\"type\":\"resourceLink\",\"enabled\":\"1\",\"fields\":{\"linkText\":\"\",\"linkUrl\":\"http:\\/\\/www.tompkins-co.org\\/wellness\\/tobaccofree\",\"description\":\"Tobacco Free Tompkins\"}}}}}', '2015-06-08 22:11:37', '2015-06-08 22:11:37', '56ba00d4-02d0-4027-b81e-7ad80a36f05a');
INSERT INTO `craft_entryversions` (`id`, `entryId`, `sectionId`, `creatorId`, `locale`, `num`, `notes`, `data`, `dateCreated`, `dateUpdated`, `uid`) VALUES ('32', '107', '13', '1', 'en_us', '1', '', '{\"typeId\":null,\"authorId\":\"1\",\"title\":\"Local Resources\",\"slug\":\"local-resources\",\"postDate\":1433801725,\"expiryDate\":null,\"enabled\":1,\"fields\":{\"30\":{\"new1\":{\"type\":\"resourcesHeader\",\"enabled\":\"1\",\"fields\":{\"resourceTitle\":\"Local Health Departments\"}},\"new2\":{\"type\":\"resourceLink\",\"enabled\":\"1\",\"fields\":{\"linkText\":\"Broome County Health Department\",\"linkUrl\":\"http:\\/\\/www.gobroomecounty.com\\/hd\",\"description\":\"\"}},\"new3\":{\"type\":\"resourceLink\",\"enabled\":\"1\",\"fields\":{\"linkText\":\"Tompkins County Health Department\",\"linkUrl\":\"http:\\/\\/www.co.tompkins.ny.us\\/health\\/\",\"description\":\"\"}},\"new5\":{\"type\":\"resourcesHeader\",\"enabled\":\"1\",\"fields\":{\"resourceTitle\":\"Regional AIDS Service Organizations\"}},\"new6\":{\"type\":\"resourceLink\",\"enabled\":\"1\",\"fields\":{\"linkText\":\"AIDS Community Resources\",\"linkUrl\":\"http:\\/\\/www.aidscommunityresources.com\\/\",\"description\":\"Syracuse and surrounding regions\"}},\"new7\":{\"type\":\"resourceLink\",\"enabled\":\"1\",\"fields\":{\"linkText\":\"AIDS Rochester\",\"linkUrl\":\"http:\\/\\/www.aidsrochester.org\\/\",\"description\":\"Rochester and surrounding regions\"}},\"new8\":{\"type\":\"resourceLink\",\"enabled\":\"1\",\"fields\":{\"linkText\":\"AIDS Communtiy Services\",\"linkUrl\":\"http:\\/\\/www.aidscommunityservices.com\\/\",\"description\":\"Buffalo and surrounding regions\"}},\"new9\":{\"type\":\"resourceLink\",\"enabled\":\"1\",\"fields\":{\"linkText\":\"AIDS Council of Northeast New York\",\"linkUrl\":\"http:\\/\\/www.aidscouncil.org\\/\",\"description\":\"Albany and surrounding regions\"}},\"new10\":{\"type\":\"resourceLink\",\"enabled\":\"1\",\"fields\":{\"linkText\":\"AIDS Related Communtiy Servcies\",\"linkUrl\":\"http:\\/\\/www.arcs.org\\/\",\"description\":\"Lower Hudson regions\"}}}}}', '2015-06-08 22:15:26', '2015-06-08 22:15:26', 'e3f6bdf2-83bb-4ea6-b792-f824a120385a');
INSERT INTO `craft_entryversions` (`id`, `entryId`, `sectionId`, `creatorId`, `locale`, `num`, `notes`, `data`, `dateCreated`, `dateUpdated`, `uid`) VALUES ('33', '117', '13', '1', 'en_us', '1', '', '{\"typeId\":null,\"authorId\":\"1\",\"title\":\"HIV \\/ AIDS \\/ STD\",\"slug\":\"hiv-aids-std\",\"postDate\":1433803320,\"expiryDate\":null,\"enabled\":1,\"fields\":{\"30\":{\"new1\":{\"type\":\"resourceLink\",\"enabled\":\"1\",\"fields\":{\"linkText\":\"AEGIS\",\"linkUrl\":\"http:\\/\\/www.aegis.com\\/\",\"description\":\"The largest HIV knowledgebase in the world\"}},\"new2\":{\"type\":\"resourceLink\",\"enabled\":\"1\",\"fields\":{\"linkText\":\"National Library of Medicine HIV\\/AIDS Information\",\"linkUrl\":\"http:\\/\\/sis.nlm.nih.gov\\/HIV\\/HIVMain.html\",\"description\":\"\"}},\"new3\":{\"type\":\"resourceLink\",\"enabled\":\"1\",\"fields\":{\"linkText\":\"American Social Health Association\",\"linkUrl\":\"http:\\/\\/www.ashastd.org\\/\",\"description\":\"\"}},\"new4\":{\"type\":\"resourceLink\",\"enabled\":\"1\",\"fields\":{\"linkText\":\"YAHOO! Health: Diseases and Conditions: AIDS\",\"linkUrl\":\"http:\\/\\/dir.yahoo.com\\/Health\\/Diseases_and_Conditions\\/AIDS_HIV\\/\",\"description\":\"\"}},\"new5\":{\"type\":\"resourceLink\",\"enabled\":\"1\",\"fields\":{\"linkText\":\"The Body\",\"linkUrl\":\"http:\\/\\/www.thebody.com\\/\",\"description\":\"An AIDS and HIV Information Resource\"}},\"new6\":{\"type\":\"resourceLink\",\"enabled\":\"1\",\"fields\":{\"linkText\":\"AIDS Info\",\"linkUrl\":\"http:\\/\\/www.aidsinfo.nih.gov\\/\",\"description\":\"HIV\\/AIDS Treatment Information Service\"}},\"new7\":{\"type\":\"resourceLink\",\"enabled\":\"1\",\"fields\":{\"linkText\":\"HIV InSite\",\"linkUrl\":\"http:\\/\\/hivinsite.ucsf.edu\\/\",\"description\":\"Provides information on medical, prevention, and social issues and includes links to Spanish language HIV\\/AIDS resources\"}},\"new8\":{\"type\":\"resourceLink\",\"enabled\":\"1\",\"fields\":{\"linkText\":\"AIDS Infonet\",\"linkUrl\":\"http:\\/\\/www.aidsinfonet.org\\/\",\"description\":\"\"}},\"new9\":{\"type\":\"resourceLink\",\"enabled\":\"1\",\"fields\":{\"linkText\":\"AIDS Map\",\"linkUrl\":\"http:\\/\\/www.aidsmap.com\\/\",\"description\":\"International HIV and AIDS Information\"}},\"new10\":{\"type\":\"resourceLink\",\"enabled\":\"1\",\"fields\":{\"linkText\":\"AIDS Meds\",\"linkUrl\":\"http:\\/\\/www.aidsmeds.com\\/\",\"description\":\"AIDS Treatment Information\"}},\"new11\":{\"type\":\"resourceLink\",\"enabled\":\"1\",\"fields\":{\"linkText\":\"CDC National Prevention Information Network\",\"linkUrl\":\"http:\\/\\/www.cdcnpin.org\\/scripts\\/hiv\\/index.asp\",\"description\":\"The CDC National Prevention Information Network has information on a wide variety of topics\"}},\"new12\":{\"type\":\"resourceLink\",\"enabled\":\"1\",\"fields\":{\"linkText\":\"PubMed\",\"linkUrl\":\"http:\\/\\/www.ncbi.nlm.nih.gov\\/PubMed\",\"description\":\"NLM\'s search service to access the 9 million citations in\"}},\"new13\":{\"type\":\"resourceLink\",\"enabled\":\"1\",\"fields\":{\"linkText\":\"CHID\",\"linkUrl\":\"http:\\/\\/chid.nih.gov\\/\",\"description\":\"The Combined Health Information Database provides bibliographic information to health promotion and education materials and program descriptions\"}},\"new14\":{\"type\":\"resourceLink\",\"enabled\":\"1\",\"fields\":{\"linkText\":\"US Census Bureaus HIV\\/AIDS Surveillance Database\",\"linkUrl\":\"http:\\/\\/www.census.gov\\/ipc\\/www\\/hivaidsn.html\",\"description\":\"A compilation\"}},\"new15\":{\"type\":\"resourceLink\",\"enabled\":\"1\",\"fields\":{\"linkText\":\"UNAIDS\",\"linkUrl\":\"http:\\/\\/www.unaids.org\\/en\\/default.asp\",\"description\":\"\"}},\"new16\":{\"type\":\"resourceLink\",\"enabled\":\"1\",\"fields\":{\"linkText\":\"Western New York Law Center\",\"linkUrl\":\"http:\\/\\/www.wnylc.net\\/web\\/news\\/XcNewsPlus.asp\",\"description\":\"Recent news articles, welfare law,\"}},\"new17\":{\"type\":\"resourceLink\",\"enabled\":\"1\",\"fields\":{\"linkText\":\"Herpes\",\"linkUrl\":\"http:\\/\\/www.genitalherpes.com\\/\",\"description\":\"\"}},\"new18\":{\"type\":\"resourceLink\",\"enabled\":\"1\",\"fields\":{\"linkText\":\"Prison Legal News\",\"linkUrl\":\"http:\\/\\/www.prisonlegalnews.org\\/\",\"description\":\"Monthly newsletter and archive\"}}}}}', '2015-06-08 22:48:28', '2015-06-08 22:48:28', 'ab69a26c-d450-4ae9-adb3-358066f4aa26');
INSERT INTO `craft_entryversions` (`id`, `entryId`, `sectionId`, `creatorId`, `locale`, `num`, `notes`, `data`, `dateCreated`, `dateUpdated`, `uid`) VALUES ('34', '136', '13', '1', 'en_us', '1', '', '{\"typeId\":null,\"authorId\":\"1\",\"title\":\"Medical Research\",\"slug\":\"medical-research\",\"postDate\":1433803787,\"expiryDate\":null,\"enabled\":1,\"fields\":{\"30\":{\"new1\":{\"type\":\"resourceLink\",\"enabled\":\"1\",\"fields\":{\"linkText\":\"Loansome Doc\",\"linkUrl\":\"http:\\/\\/www.nlm.nih.gov\\/pubs\\/factsheets\\/loansome_doc.html\",\"description\":\"Loansome Doc allows users to order full-test copies of articles from a local medical library. Users must register to use this service\"}},\"new2\":{\"type\":\"resourceLink\",\"enabled\":\"1\",\"fields\":{\"linkText\":\"Medical Matrix\",\"linkUrl\":\"http:\\/\\/www.medmatrix.org\\/reg\\/login.asp\",\"description\":\"A physician peer-reviewed list. It has links to MEDLINE, CME, online publications. Useful topical and speciality categorizations.Registration is required, although free\"}},\"new3\":{\"type\":\"resourceLink\",\"enabled\":\"1\",\"fields\":{\"linkText\":\"National Library of Medicine HIV\\/AIDS Information\",\"linkUrl\":\"http:\\/\\/sis.nlm.nih.gov\\/HIV\\/HIVMain.html\",\"description\":\"\"}}}}}', '2015-06-08 22:49:47', '2015-06-08 22:49:47', '17b252f2-aa0f-4704-9f8b-1315722e7893');
INSERT INTO `craft_entryversions` (`id`, `entryId`, `sectionId`, `creatorId`, `locale`, `num`, `notes`, `data`, `dateCreated`, `dateUpdated`, `uid`) VALUES ('35', '140', '13', '1', 'en_us', '1', '', '{\"typeId\":null,\"authorId\":\"1\",\"title\":\"Alcohol \\/ Drugs Safer Sex\",\"slug\":\"alcohol-drugs-safer-sex\",\"postDate\":1433803852,\"expiryDate\":null,\"enabled\":1,\"fields\":{\"30\":{\"new1\":{\"type\":\"resourceLink\",\"enabled\":\"1\",\"fields\":{\"linkText\":\"DanceSafe\",\"linkUrl\":\"http:\\/\\/www.dancesafe.org\\/\",\"description\":\"\"}},\"new2\":{\"type\":\"resourceLink\",\"enabled\":\"1\",\"fields\":{\"linkText\":\"National Institute on Drug Abuse\",\"linkUrl\":\"http:\\/\\/www.nida.nih.gov\\/Infofax\\/clubdrugs.html\",\"description\":\"\"}},\"new3\":{\"type\":\"resourceLink\",\"enabled\":\"1\",\"fields\":{\"linkText\":\"Princeton University Health Services\",\"linkUrl\":\"http:\\/\\/www.princeton.edu\\/uhs\\/\",\"description\":\"\"}},\"new4\":{\"type\":\"resourceLink\",\"enabled\":\"1\",\"fields\":{\"linkText\":\"Midwest AIDS Prevention Project\",\"linkUrl\":\"http:\\/\\/www.aidsprevention.org\\/safersexinfo.htm\",\"description\":\"\"}},\"new5\":{\"type\":\"resourceLink\",\"enabled\":\"1\",\"fields\":{\"linkText\":\"Coalition for Positive Sexuality\",\"linkUrl\":\"http:\\/\\/www.positive.org\\/Home\\/index.html\",\"description\":\"Website has animations demonstrating safe sex techniques\"}}}}}', '2015-06-08 22:50:52', '2015-06-08 22:50:52', '8d3ff888-1970-440c-b0a5-a151869153eb');
INSERT INTO `craft_entryversions` (`id`, `entryId`, `sectionId`, `creatorId`, `locale`, `num`, `notes`, `data`, `dateCreated`, `dateUpdated`, `uid`) VALUES ('36', '146', '13', '1', 'en_us', '1', '', '{\"typeId\":null,\"authorId\":\"1\",\"title\":\"Lesbian, Gay, Bisexual & Transgender\",\"slug\":\"lesbian-gay-bisexual-transgender\",\"postDate\":1433804101,\"expiryDate\":null,\"enabled\":1,\"fields\":{\"30\":{\"new1\":{\"type\":\"resourceLink\",\"enabled\":\"1\",\"fields\":{\"linkText\":\"Bisexual Resource Center\",\"linkUrl\":\"http:\\/\\/www.biresource.org\\/\",\"description\":\"\"}},\"new2\":{\"type\":\"resourceLink\",\"enabled\":\"1\",\"fields\":{\"linkText\":\"GMHC\",\"linkUrl\":\"http:\\/\\/www.gmhc.org\\/\",\"description\":\"Gay Men\'s Health Crisis\"}},\"new3\":{\"type\":\"resourceLink\",\"enabled\":\"1\",\"fields\":{\"linkText\":\"Gay and Lesbian Activists Alliance \",\"linkUrl\":\"http:\\/\\/www.glaa.org\\/\",\"description\":\"\"}},\"new4\":{\"type\":\"resourceLink\",\"enabled\":\"1\",\"fields\":{\"linkText\":\"LesbiaNation\",\"linkUrl\":\"http:\\/\\/www.lesbianation.com\\/\",\"description\":\"One-stop cyber resource center of information, interaction, and entertainment\"}},\"new5\":{\"type\":\"resourceLink\",\"enabled\":\"1\",\"fields\":{\"linkText\":\"Gay and Lesbian Advocates and Defenders\",\"linkUrl\":\"http:\\/\\/www.glad.org\\/\",\"description\":\"\"}},\"new6\":{\"type\":\"resourceLink\",\"enabled\":\"1\",\"fields\":{\"linkText\":\"Parents, Families and Friends of Lesbians and Gays (PFLAG)\",\"linkUrl\":\"http:\\/\\/www.pflag.org\\/\",\"description\":\"\"}},\"new7\":{\"type\":\"resourceLink\",\"enabled\":\"1\",\"fields\":{\"linkText\":\"Gay and Lesbian National Hotline\",\"linkUrl\":\"http:\\/\\/www.glnh.org\\/\",\"description\":\"\"}},\"new8\":{\"type\":\"resourceLink\",\"enabled\":\"1\",\"fields\":{\"linkText\":\"Pridelinks Gay Lesbian Bi Trans Search Site\",\"linkUrl\":\"http:\\/\\/www.pridelinks.com\\/\",\"description\":\"\"}},\"new9\":{\"type\":\"resourceLink\",\"enabled\":\"1\",\"fields\":{\"linkText\":\"Transgender.org\",\"linkUrl\":\"http:\\/\\/www.transgender.org\\/\",\"description\":\"\"}},\"new10\":{\"type\":\"resourceLink\",\"enabled\":\"1\",\"fields\":{\"linkText\":\"Gayzoo\",\"linkUrl\":\"http:\\/\\/www.gayzoo.com\\/\",\"description\":\"Gay and Lesbian Search Engine\"}},\"new11\":{\"type\":\"resourceLink\",\"enabled\":\"1\",\"fields\":{\"linkText\":\"GLSEN\",\"linkUrl\":\"http:\\/\\/www.glsen.org\\/templates\\/index.html\",\"description\":\"Gay, Lesbian, and Straight Education Network\"}},\"new12\":{\"type\":\"resourceLink\",\"enabled\":\"1\",\"fields\":{\"linkText\":\"Oasis\",\"linkUrl\":\"http:\\/\\/www.oasismag.com\\/\",\"description\":\"A monthly magazine by and about queer youth\"}},\"new13\":{\"type\":\"resourceLink\",\"enabled\":\"1\",\"fields\":{\"linkText\":\"National Gay and Lesbian Taskforce\",\"linkUrl\":\"http:\\/\\/www.ngltf.org\\/\",\"description\":\"\"}}}}}', '2015-06-08 22:55:01', '2015-06-08 22:55:01', '47b16ed9-190c-4cce-8210-03a152a12d6d');



DROP TABLE IF EXISTS `craft_fieldgroups`;


--
-- Schema for table `craft_fieldgroups`
--
CREATE TABLE `craft_fieldgroups` (
  `id` int(11) NOT NULL AUTO_INCREMENT,
  `name` varchar(255) COLLATE utf8_unicode_ci NOT NULL,
  `dateCreated` datetime NOT NULL,
  `dateUpdated` datetime NOT NULL,
  `uid` char(36) COLLATE utf8_unicode_ci NOT NULL DEFAULT '0',
  PRIMARY KEY (`id`),
  UNIQUE KEY `craft_fieldgroups_name_unq_idx` (`name`)
) ENGINE=InnoDB AUTO_INCREMENT=2 DEFAULT CHARSET=utf8 COLLATE=utf8_unicode_ci;

--
-- Data for table `craft_fieldgroups`
--

INSERT INTO `craft_fieldgroups` (`id`, `name`, `dateCreated`, `dateUpdated`, `uid`) VALUES ('1', 'Default', '2015-05-26 00:03:46', '2015-05-26 01:28:53', '949fccb5-fec1-4720-8731-2fee7e846ee8');



DROP TABLE IF EXISTS `craft_fieldlayoutfields`;


--
-- Schema for table `craft_fieldlayoutfields`
--
CREATE TABLE `craft_fieldlayoutfields` (
  `id` int(11) NOT NULL AUTO_INCREMENT,
  `layoutId` int(11) NOT NULL,
  `tabId` int(11) NOT NULL,
  `fieldId` int(11) NOT NULL,
  `required` tinyint(1) unsigned NOT NULL DEFAULT '0',
  `sortOrder` tinyint(4) DEFAULT NULL,
  `dateCreated` datetime NOT NULL,
  `dateUpdated` datetime NOT NULL,
  `uid` char(36) COLLATE utf8_unicode_ci NOT NULL DEFAULT '0',
  PRIMARY KEY (`id`),
  UNIQUE KEY `craft_fieldlayoutfields_layoutId_fieldId_unq_idx` (`layoutId`,`fieldId`),
  KEY `craft_fieldlayoutfields_sortOrder_idx` (`sortOrder`),
  KEY `craft_fieldlayoutfields_tabId_fk` (`tabId`),
  KEY `craft_fieldlayoutfields_fieldId_fk` (`fieldId`)
) ENGINE=InnoDB AUTO_INCREMENT=130 DEFAULT CHARSET=utf8 COLLATE=utf8_unicode_ci;

--
-- Data for table `craft_fieldlayoutfields`
--

INSERT INTO `craft_fieldlayoutfields` (`id`, `layoutId`, `tabId`, `fieldId`, `required`, `sortOrder`, `dateCreated`, `dateUpdated`, `uid`) VALUES ('4', '18', '3', '1', '1', '1', '2015-05-26 01:28:53', '2015-05-26 01:28:53', '008b3856-b670-460d-9ac8-55856bc07015');
INSERT INTO `craft_fieldlayoutfields` (`id`, `layoutId`, `tabId`, `fieldId`, `required`, `sortOrder`, `dateCreated`, `dateUpdated`, `uid`) VALUES ('12', '37', '6', '3', '0', '1', '2015-05-26 02:44:29', '2015-05-26 02:44:29', 'eaf65af2-f503-48c2-b0d5-6714ef178089');
INSERT INTO `craft_fieldlayoutfields` (`id`, `layoutId`, `tabId`, `fieldId`, `required`, `sortOrder`, `dateCreated`, `dateUpdated`, `uid`) VALUES ('76', '43', '12', '4', '1', '1', '2015-05-31 22:54:38', '2015-05-31 22:54:38', 'be6198fc-2e94-436a-978f-212490f18470');
INSERT INTO `craft_fieldlayoutfields` (`id`, `layoutId`, `tabId`, `fieldId`, `required`, `sortOrder`, `dateCreated`, `dateUpdated`, `uid`) VALUES ('77', '43', '12', '18', '1', '2', '2015-05-31 22:54:38', '2015-05-31 22:54:38', 'a0ccdfd1-033c-4811-9eaf-f5b4cb58c923');
INSERT INTO `craft_fieldlayoutfields` (`id`, `layoutId`, `tabId`, `fieldId`, `required`, `sortOrder`, `dateCreated`, `dateUpdated`, `uid`) VALUES ('78', '43', '12', '19', '1', '3', '2015-05-31 22:54:38', '2015-05-31 22:54:38', 'daafd723-d395-465f-88ed-7fc3de4cba75');
INSERT INTO `craft_fieldlayoutfields` (`id`, `layoutId`, `tabId`, `fieldId`, `required`, `sortOrder`, `dateCreated`, `dateUpdated`, `uid`) VALUES ('79', '43', '12', '5', '1', '4', '2015-05-31 22:54:38', '2015-05-31 22:54:38', '7bcca7ea-a0c8-4a72-a97f-21beca32641e');
INSERT INTO `craft_fieldlayoutfields` (`id`, `layoutId`, `tabId`, `fieldId`, `required`, `sortOrder`, `dateCreated`, `dateUpdated`, `uid`) VALUES ('80', '43', '12', '6', '0', '5', '2015-05-31 22:54:38', '2015-05-31 22:54:38', '9e0888e8-01c1-4012-9910-924e039afe86');
INSERT INTO `craft_fieldlayoutfields` (`id`, `layoutId`, `tabId`, `fieldId`, `required`, `sortOrder`, `dateCreated`, `dateUpdated`, `uid`) VALUES ('81', '43', '12', '10', '0', '6', '2015-05-31 22:54:38', '2015-05-31 22:54:38', '0f4d268e-b89b-4576-94f2-8c641064b943');
INSERT INTO `craft_fieldlayoutfields` (`id`, `layoutId`, `tabId`, `fieldId`, `required`, `sortOrder`, `dateCreated`, `dateUpdated`, `uid`) VALUES ('82', '43', '12', '11', '0', '7', '2015-05-31 22:54:38', '2015-05-31 22:54:38', '4da95eaf-9ca6-43c8-ae25-391eec6801b7');
INSERT INTO `craft_fieldlayoutfields` (`id`, `layoutId`, `tabId`, `fieldId`, `required`, `sortOrder`, `dateCreated`, `dateUpdated`, `uid`) VALUES ('83', '43', '12', '12', '0', '8', '2015-05-31 22:54:38', '2015-05-31 22:54:38', '439c161b-6ef7-468f-a463-ee43793ef276');
INSERT INTO `craft_fieldlayoutfields` (`id`, `layoutId`, `tabId`, `fieldId`, `required`, `sortOrder`, `dateCreated`, `dateUpdated`, `uid`) VALUES ('84', '43', '12', '7', '0', '9', '2015-05-31 22:54:38', '2015-05-31 22:54:38', '550812b1-9a16-4d3e-ad7b-7f07d82e2bd1');
INSERT INTO `craft_fieldlayoutfields` (`id`, `layoutId`, `tabId`, `fieldId`, `required`, `sortOrder`, `dateCreated`, `dateUpdated`, `uid`) VALUES ('85', '43', '12', '17', '0', '10', '2015-05-31 22:54:38', '2015-05-31 22:54:38', '3145a49c-3455-4601-b597-1a48106d4785');
INSERT INTO `craft_fieldlayoutfields` (`id`, `layoutId`, `tabId`, `fieldId`, `required`, `sortOrder`, `dateCreated`, `dateUpdated`, `uid`) VALUES ('86', '43', '12', '8', '0', '11', '2015-05-31 22:54:38', '2015-05-31 22:54:38', 'd1607507-6e21-4eda-831d-fb99ced628f4');
INSERT INTO `craft_fieldlayoutfields` (`id`, `layoutId`, `tabId`, `fieldId`, `required`, `sortOrder`, `dateCreated`, `dateUpdated`, `uid`) VALUES ('87', '43', '12', '13', '0', '12', '2015-05-31 22:54:38', '2015-05-31 22:54:38', 'b8a3a150-2ee0-4c4d-9577-25c3ab4e4075');
INSERT INTO `craft_fieldlayoutfields` (`id`, `layoutId`, `tabId`, `fieldId`, `required`, `sortOrder`, `dateCreated`, `dateUpdated`, `uid`) VALUES ('88', '43', '12', '14', '0', '13', '2015-05-31 22:54:38', '2015-05-31 22:54:38', '313c1046-d34b-421a-885b-2845bbde2fdf');
INSERT INTO `craft_fieldlayoutfields` (`id`, `layoutId`, `tabId`, `fieldId`, `required`, `sortOrder`, `dateCreated`, `dateUpdated`, `uid`) VALUES ('89', '43', '12', '15', '0', '14', '2015-05-31 22:54:38', '2015-05-31 22:54:38', '2f217583-ff69-4c45-9223-3efcaa1e1d50');
INSERT INTO `craft_fieldlayoutfields` (`id`, `layoutId`, `tabId`, `fieldId`, `required`, `sortOrder`, `dateCreated`, `dateUpdated`, `uid`) VALUES ('90', '43', '12', '16', '0', '15', '2015-05-31 22:54:38', '2015-05-31 22:54:38', '5dfbf071-9963-45ae-8e4f-e121df9d5a7b');
INSERT INTO `craft_fieldlayoutfields` (`id`, `layoutId`, `tabId`, `fieldId`, `required`, `sortOrder`, `dateCreated`, `dateUpdated`, `uid`) VALUES ('91', '43', '12', '9', '0', '16', '2015-05-31 22:54:38', '2015-05-31 22:54:38', 'f4af14d7-9c50-4dfe-b38d-9ded7ea6d4e2');
INSERT INTO `craft_fieldlayoutfields` (`id`, `layoutId`, `tabId`, `fieldId`, `required`, `sortOrder`, `dateCreated`, `dateUpdated`, `uid`) VALUES ('97', '47', '15', '20', '0', '1', '2015-06-06 21:28:00', '2015-06-06 21:28:00', '92a9660b-34b0-4f33-9882-52a14754fb04');
INSERT INTO `craft_fieldlayoutfields` (`id`, `layoutId`, `tabId`, `fieldId`, `required`, `sortOrder`, `dateCreated`, `dateUpdated`, `uid`) VALUES ('102', '50', '17', '21', '1', '1', '2015-06-06 23:55:54', '2015-06-06 23:55:54', '9d65c804-0f15-4be6-8835-3722ac5fd5e6');
INSERT INTO `craft_fieldlayoutfields` (`id`, `layoutId`, `tabId`, `fieldId`, `required`, `sortOrder`, `dateCreated`, `dateUpdated`, `uid`) VALUES ('103', '50', '17', '24', '1', '2', '2015-06-06 23:55:54', '2015-06-06 23:55:54', 'b66c5f3d-2439-4e67-ace3-987aadcf2c89');
INSERT INTO `craft_fieldlayoutfields` (`id`, `layoutId`, `tabId`, `fieldId`, `required`, `sortOrder`, `dateCreated`, `dateUpdated`, `uid`) VALUES ('104', '50', '17', '22', '0', '3', '2015-06-06 23:55:54', '2015-06-06 23:55:54', '0837a813-3f59-4ae4-877f-e3dd4ce53062');
INSERT INTO `craft_fieldlayoutfields` (`id`, `layoutId`, `tabId`, `fieldId`, `required`, `sortOrder`, `dateCreated`, `dateUpdated`, `uid`) VALUES ('105', '50', '17', '23', '1', '4', '2015-06-06 23:55:54', '2015-06-06 23:55:54', 'f91a3f6e-92d0-419b-960e-cbbbd5d608ff');
INSERT INTO `craft_fieldlayoutfields` (`id`, `layoutId`, `tabId`, `fieldId`, `required`, `sortOrder`, `dateCreated`, `dateUpdated`, `uid`) VALUES ('106', '50', '17', '25', '0', '5', '2015-06-06 23:55:54', '2015-06-06 23:55:54', 'ad0536cb-b3ab-4b8d-95dc-fc5926b4e64c');
INSERT INTO `craft_fieldlayoutfields` (`id`, `layoutId`, `tabId`, `fieldId`, `required`, `sortOrder`, `dateCreated`, `dateUpdated`, `uid`) VALUES ('107', '50', '17', '26', '0', '6', '2015-06-06 23:55:54', '2015-06-06 23:55:54', 'a164a346-6775-4c37-a09c-4d71609a4b4e');
INSERT INTO `craft_fieldlayoutfields` (`id`, `layoutId`, `tabId`, `fieldId`, `required`, `sortOrder`, `dateCreated`, `dateUpdated`, `uid`) VALUES ('111', '54', '20', '27', '0', '1', '2015-06-07 02:21:06', '2015-06-07 02:21:06', '324ff6bd-fd59-4c22-8ae4-0c932f528ad9');
INSERT INTO `craft_fieldlayoutfields` (`id`, `layoutId`, `tabId`, `fieldId`, `required`, `sortOrder`, `dateCreated`, `dateUpdated`, `uid`) VALUES ('118', '58', '24', '28', '1', '1', '2015-06-07 04:03:48', '2015-06-07 04:03:48', '033b7ac1-c1ce-4445-a2bf-92330ec49312');
INSERT INTO `craft_fieldlayoutfields` (`id`, `layoutId`, `tabId`, `fieldId`, `required`, `sortOrder`, `dateCreated`, `dateUpdated`, `uid`) VALUES ('119', '58', '24', '29', '1', '2', '2015-06-07 04:03:48', '2015-06-07 04:03:48', '6815f6c5-8f64-4320-8880-e82c02f98be8');
INSERT INTO `craft_fieldlayoutfields` (`id`, `layoutId`, `tabId`, `fieldId`, `required`, `sortOrder`, `dateCreated`, `dateUpdated`, `uid`) VALUES ('124', '61', '27', '31', '1', '1', '2015-06-08 21:11:32', '2015-06-08 21:11:32', '8657e9b2-10fe-40f9-bb6b-3ddb251063e1');
INSERT INTO `craft_fieldlayoutfields` (`id`, `layoutId`, `tabId`, `fieldId`, `required`, `sortOrder`, `dateCreated`, `dateUpdated`, `uid`) VALUES ('125', '62', '28', '32', '0', '1', '2015-06-08 21:11:32', '2015-06-08 21:11:32', 'e0af764b-06b3-43e5-aacf-9e684cfafb8b');
INSERT INTO `craft_fieldlayoutfields` (`id`, `layoutId`, `tabId`, `fieldId`, `required`, `sortOrder`, `dateCreated`, `dateUpdated`, `uid`) VALUES ('126', '62', '28', '33', '1', '2', '2015-06-08 21:11:32', '2015-06-08 21:11:32', 'c1662f5f-cdd9-4613-9d0f-bbc3751f78bc');
INSERT INTO `craft_fieldlayoutfields` (`id`, `layoutId`, `tabId`, `fieldId`, `required`, `sortOrder`, `dateCreated`, `dateUpdated`, `uid`) VALUES ('127', '62', '28', '34', '0', '3', '2015-06-08 21:11:32', '2015-06-08 21:11:32', '6a19fdd5-2d03-476f-9089-77422fe107ba');
INSERT INTO `craft_fieldlayoutfields` (`id`, `layoutId`, `tabId`, `fieldId`, `required`, `sortOrder`, `dateCreated`, `dateUpdated`, `uid`) VALUES ('129', '64', '30', '30', '0', '1', '2015-06-08 21:56:49', '2015-06-08 21:56:49', '3d75d664-ce81-42d2-a34e-1cd010721e3a');



DROP TABLE IF EXISTS `craft_fieldlayouts`;


--
-- Schema for table `craft_fieldlayouts`
--
CREATE TABLE `craft_fieldlayouts` (
  `id` int(11) NOT NULL AUTO_INCREMENT,
  `type` varchar(150) COLLATE utf8_unicode_ci NOT NULL,
  `dateCreated` datetime NOT NULL,
  `dateUpdated` datetime NOT NULL,
  `uid` char(36) COLLATE utf8_unicode_ci NOT NULL DEFAULT '0',
  PRIMARY KEY (`id`),
  KEY `craft_fieldlayouts_type_idx` (`type`)
) ENGINE=InnoDB AUTO_INCREMENT=65 DEFAULT CHARSET=utf8 COLLATE=utf8_unicode_ci;

--
-- Data for table `craft_fieldlayouts`
--

INSERT INTO `craft_fieldlayouts` (`id`, `type`, `dateCreated`, `dateUpdated`, `uid`) VALUES ('1', 'Tag', '2015-05-26 00:03:46', '2015-05-26 00:03:46', '3713f519-5d9f-496e-88e9-a6714956bae5');
INSERT INTO `craft_fieldlayouts` (`id`, `type`, `dateCreated`, `dateUpdated`, `uid`) VALUES ('7', 'Entry', '2015-05-26 01:28:53', '2015-05-26 01:28:53', '53e7ad3a-754f-4d11-a933-5fc134671b7a');
INSERT INTO `craft_fieldlayouts` (`id`, `type`, `dateCreated`, `dateUpdated`, `uid`) VALUES ('9', 'Entry', '2015-05-26 01:28:53', '2015-05-26 01:28:53', 'c7e3b948-9c17-4bc2-9009-138d2f593360');
INSERT INTO `craft_fieldlayouts` (`id`, `type`, `dateCreated`, `dateUpdated`, `uid`) VALUES ('11', 'Entry', '2015-05-26 01:28:53', '2015-05-26 01:28:53', 'cfcd69de-ed42-48f3-b7d4-ffd5d9b30976');
INSERT INTO `craft_fieldlayouts` (`id`, `type`, `dateCreated`, `dateUpdated`, `uid`) VALUES ('18', 'Entry', '2015-05-26 01:28:53', '2015-05-26 01:28:53', 'fdcf7666-2bfe-4716-b413-27627d7ff4d7');
INSERT INTO `craft_fieldlayouts` (`id`, `type`, `dateCreated`, `dateUpdated`, `uid`) VALUES ('20', 'Entry', '2015-05-26 01:28:53', '2015-05-26 01:28:53', '2fca5a4d-1395-4666-8ba4-516f2c38f425');
INSERT INTO `craft_fieldlayouts` (`id`, `type`, `dateCreated`, `dateUpdated`, `uid`) VALUES ('22', 'Entry', '2015-05-26 01:28:53', '2015-05-26 01:28:53', '7a6f2986-6740-414c-b6fb-4daeb5ff2d48');
INSERT INTO `craft_fieldlayouts` (`id`, `type`, `dateCreated`, `dateUpdated`, `uid`) VALUES ('23', 'Entry', '2015-05-26 01:28:53', '2015-05-26 01:28:53', 'afe23dfc-a89b-48b4-a79e-4f265b2459a9');
INSERT INTO `craft_fieldlayouts` (`id`, `type`, `dateCreated`, `dateUpdated`, `uid`) VALUES ('25', 'Entry', '2015-05-26 01:28:53', '2015-05-26 01:28:53', '039a776f-54d7-4cf9-a745-9122eaa4f06e');
INSERT INTO `craft_fieldlayouts` (`id`, `type`, `dateCreated`, `dateUpdated`, `uid`) VALUES ('27', 'Entry', '2015-05-26 01:28:53', '2015-05-26 01:28:53', 'f9c2fb0d-5d68-4698-a47f-ff360d28f9c0');
INSERT INTO `craft_fieldlayouts` (`id`, `type`, `dateCreated`, `dateUpdated`, `uid`) VALUES ('31', 'Entry', '2015-05-26 01:28:53', '2015-05-26 01:28:53', '28737bd6-645d-4538-a487-c066275358ea');
INSERT INTO `craft_fieldlayouts` (`id`, `type`, `dateCreated`, `dateUpdated`, `uid`) VALUES ('33', 'Entry', '2015-05-26 01:28:53', '2015-05-26 01:28:53', 'b858a07d-10b1-43bd-a032-8b54b561f936');
INSERT INTO `craft_fieldlayouts` (`id`, `type`, `dateCreated`, `dateUpdated`, `uid`) VALUES ('37', 'Entry', '2015-05-26 02:44:29', '2015-05-26 02:44:29', '780c67d1-76bc-4ac1-96bd-16f6b21d495e');
INSERT INTO `craft_fieldlayouts` (`id`, `type`, `dateCreated`, `dateUpdated`, `uid`) VALUES ('43', 'MatrixBlock', '2015-05-31 22:54:38', '2015-05-31 22:54:38', '41be0440-6f69-4834-a01a-609fd98ed251');
INSERT INTO `craft_fieldlayouts` (`id`, `type`, `dateCreated`, `dateUpdated`, `uid`) VALUES ('47', 'Entry', '2015-06-06 21:28:00', '2015-06-06 21:28:00', 'cdda6d40-b583-443d-b094-6cd500894061');
INSERT INTO `craft_fieldlayouts` (`id`, `type`, `dateCreated`, `dateUpdated`, `uid`) VALUES ('48', 'Asset', '2015-06-06 21:34:00', '2015-06-06 21:34:00', 'bd6f0882-427e-4484-a57f-3ea9fae65f11');
INSERT INTO `craft_fieldlayouts` (`id`, `type`, `dateCreated`, `dateUpdated`, `uid`) VALUES ('50', 'MatrixBlock', '2015-06-06 23:55:54', '2015-06-06 23:55:54', '8fecc699-4dfa-43b9-969b-455332b9e9c3');
INSERT INTO `craft_fieldlayouts` (`id`, `type`, `dateCreated`, `dateUpdated`, `uid`) VALUES ('53', 'Entry', '2015-06-07 02:20:40', '2015-06-07 02:20:40', '92f29461-c771-4d2e-9d63-c106862f52a4');
INSERT INTO `craft_fieldlayouts` (`id`, `type`, `dateCreated`, `dateUpdated`, `uid`) VALUES ('54', 'Entry', '2015-06-07 02:21:06', '2015-06-07 02:21:06', '624d0977-9a2a-46a8-932c-a5c4fcd30624');
INSERT INTO `craft_fieldlayouts` (`id`, `type`, `dateCreated`, `dateUpdated`, `uid`) VALUES ('58', 'MatrixBlock', '2015-06-07 04:03:48', '2015-06-07 04:03:48', '70c2ed24-fb0e-487e-b2ea-0fa5da9e9ebd');
INSERT INTO `craft_fieldlayouts` (`id`, `type`, `dateCreated`, `dateUpdated`, `uid`) VALUES ('61', 'MatrixBlock', '2015-06-08 21:11:32', '2015-06-08 21:11:32', '11832534-2bcb-4bd8-a6a3-13098a11768f');
INSERT INTO `craft_fieldlayouts` (`id`, `type`, `dateCreated`, `dateUpdated`, `uid`) VALUES ('62', 'MatrixBlock', '2015-06-08 21:11:32', '2015-06-08 21:11:32', 'c35f3603-1c71-407b-9a37-b4c34e148cdc');
INSERT INTO `craft_fieldlayouts` (`id`, `type`, `dateCreated`, `dateUpdated`, `uid`) VALUES ('64', 'Entry', '2015-06-08 21:56:49', '2015-06-08 21:56:49', 'a9e3a6a1-e76c-4b1c-827c-5dddb73960a7');



DROP TABLE IF EXISTS `craft_fieldlayouttabs`;


--
-- Schema for table `craft_fieldlayouttabs`
--
CREATE TABLE `craft_fieldlayouttabs` (
  `id` int(11) NOT NULL AUTO_INCREMENT,
  `layoutId` int(11) NOT NULL,
  `name` varchar(255) COLLATE utf8_unicode_ci NOT NULL,
  `sortOrder` tinyint(4) DEFAULT NULL,
  `dateCreated` datetime NOT NULL,
  `dateUpdated` datetime NOT NULL,
  `uid` char(36) COLLATE utf8_unicode_ci NOT NULL DEFAULT '0',
  PRIMARY KEY (`id`),
  KEY `craft_fieldlayouttabs_sortOrder_idx` (`sortOrder`),
  KEY `craft_fieldlayouttabs_layoutId_fk` (`layoutId`)
) ENGINE=InnoDB AUTO_INCREMENT=31 DEFAULT CHARSET=utf8 COLLATE=utf8_unicode_ci;

--
-- Data for table `craft_fieldlayouttabs`
--

INSERT INTO `craft_fieldlayouttabs` (`id`, `layoutId`, `name`, `sortOrder`, `dateCreated`, `dateUpdated`, `uid`) VALUES ('3', '18', 'Content', '1', '2015-05-26 01:28:53', '2015-05-26 01:28:53', '862b94c5-00b1-4fb9-8504-ccec916d5412');
INSERT INTO `craft_fieldlayouttabs` (`id`, `layoutId`, `name`, `sortOrder`, `dateCreated`, `dateUpdated`, `uid`) VALUES ('6', '37', 'Locations', '1', '2015-05-26 02:44:29', '2015-05-26 02:44:29', 'eaa9c946-e6de-406f-bf01-aa7643f49b95');
INSERT INTO `craft_fieldlayouttabs` (`id`, `layoutId`, `name`, `sortOrder`, `dateCreated`, `dateUpdated`, `uid`) VALUES ('12', '43', 'Content', '1', '2015-05-31 22:54:38', '2015-05-31 22:54:38', '19c4d266-f747-4905-8494-d9ad6fae1dd3');
INSERT INTO `craft_fieldlayouttabs` (`id`, `layoutId`, `name`, `sortOrder`, `dateCreated`, `dateUpdated`, `uid`) VALUES ('15', '47', 'All Events', '1', '2015-06-06 21:28:00', '2015-06-06 21:28:00', '6b8c0bb0-f001-4ea5-ae14-6e3350498f53');
INSERT INTO `craft_fieldlayouttabs` (`id`, `layoutId`, `name`, `sortOrder`, `dateCreated`, `dateUpdated`, `uid`) VALUES ('17', '50', 'Content', '1', '2015-06-06 23:55:54', '2015-06-06 23:55:54', 'fa45f016-7d8b-4c0c-9482-9f73062f4904');
INSERT INTO `craft_fieldlayouttabs` (`id`, `layoutId`, `name`, `sortOrder`, `dateCreated`, `dateUpdated`, `uid`) VALUES ('20', '54', 'Question and Answers', '1', '2015-06-07 02:21:06', '2015-06-07 02:21:06', '19c8cf53-70d8-47ea-90d0-488b6921740f');
INSERT INTO `craft_fieldlayouttabs` (`id`, `layoutId`, `name`, `sortOrder`, `dateCreated`, `dateUpdated`, `uid`) VALUES ('24', '58', 'Content', '1', '2015-06-07 04:03:48', '2015-06-07 04:03:48', '1fe35632-c26d-441e-af16-e789050f344d');
INSERT INTO `craft_fieldlayouttabs` (`id`, `layoutId`, `name`, `sortOrder`, `dateCreated`, `dateUpdated`, `uid`) VALUES ('27', '61', 'Content', '1', '2015-06-08 21:11:32', '2015-06-08 21:11:32', '777b8829-0d63-45fe-a0ed-7c50963eac4d');
INSERT INTO `craft_fieldlayouttabs` (`id`, `layoutId`, `name`, `sortOrder`, `dateCreated`, `dateUpdated`, `uid`) VALUES ('28', '62', 'Content', '1', '2015-06-08 21:11:32', '2015-06-08 21:11:32', '6a995b03-dbf9-41b9-ac11-efb8da1f729d');
INSERT INTO `craft_fieldlayouttabs` (`id`, `layoutId`, `name`, `sortOrder`, `dateCreated`, `dateUpdated`, `uid`) VALUES ('30', '64', 'Resources', '1', '2015-06-08 21:56:49', '2015-06-08 21:56:49', '43a66d97-5f42-420c-88cd-810383cdf85e');



DROP TABLE IF EXISTS `craft_fields`;


--
-- Schema for table `craft_fields`
--
CREATE TABLE `craft_fields` (
  `id` int(11) NOT NULL AUTO_INCREMENT,
  `groupId` int(11) DEFAULT NULL,
  `name` varchar(255) COLLATE utf8_unicode_ci NOT NULL,
  `handle` varchar(58) COLLATE utf8_unicode_ci NOT NULL,
  `context` varchar(255) COLLATE utf8_unicode_ci NOT NULL DEFAULT 'global',
  `instructions` text COLLATE utf8_unicode_ci,
  `translatable` tinyint(1) unsigned NOT NULL DEFAULT '0',
  `type` varchar(150) COLLATE utf8_unicode_ci NOT NULL,
  `settings` text COLLATE utf8_unicode_ci,
  `dateCreated` datetime NOT NULL,
  `dateUpdated` datetime NOT NULL,
  `uid` char(36) COLLATE utf8_unicode_ci NOT NULL DEFAULT '0',
  PRIMARY KEY (`id`),
  UNIQUE KEY `craft_fields_handle_context_unq_idx` (`handle`,`context`),
  KEY `craft_fields_context_idx` (`context`),
  KEY `craft_fields_groupId_fk` (`groupId`)
) ENGINE=InnoDB AUTO_INCREMENT=35 DEFAULT CHARSET=utf8 COLLATE=utf8_unicode_ci;

--
-- Data for table `craft_fields`
--

INSERT INTO `craft_fields` (`id`, `groupId`, `name`, `handle`, `context`, `instructions`, `translatable`, `type`, `settings`, `dateCreated`, `dateUpdated`, `uid`) VALUES ('1', '1', 'Body', 'body', 'global', NULL, '1', 'RichText', '{\"configFile\":\"Standard.json\",\"columnType\":\"text\"}', '2015-05-26 00:03:46', '2015-05-26 01:28:53', 'c417aabf-2174-4cf7-bf41-e2263a57def6');
INSERT INTO `craft_fields` (`id`, `groupId`, `name`, `handle`, `context`, `instructions`, `translatable`, `type`, `settings`, `dateCreated`, `dateUpdated`, `uid`) VALUES ('2', '1', 'Tags', 'tags', 'global', NULL, '0', 'Tags', '{\"source\":\"taggroup:1\"}', '2015-05-26 00:03:46', '2015-05-26 01:28:53', 'dae4632d-d017-4f54-ae32-7444dc63c336');
INSERT INTO `craft_fields` (`id`, `groupId`, `name`, `handle`, `context`, `instructions`, `translatable`, `type`, `settings`, `dateCreated`, `dateUpdated`, `uid`) VALUES ('3', '1', 'Testing Locations', 'testingLocations', 'global', '', '0', 'Matrix', '{\"maxBlocks\":null}', '2015-05-26 02:43:34', '2015-05-31 22:54:38', '9aed4107-c8a4-4a8c-8085-c1d7c36a3750');
INSERT INTO `craft_fields` (`id`, `groupId`, `name`, `handle`, `context`, `instructions`, `translatable`, `type`, `settings`, `dateCreated`, `dateUpdated`, `uid`) VALUES ('4', NULL, 'Location Name', 'locationName', 'matrixBlockType:1', '', '0', 'PlainText', '{\"placeholder\":\"\",\"maxLength\":\"\",\"multiline\":\"\",\"initialRows\":\"4\"}', '2015-05-26 02:43:34', '2015-05-31 22:54:38', 'd121383a-16e8-4a35-a4bc-1b651a1c9df3');
INSERT INTO `craft_fields` (`id`, `groupId`, `name`, `handle`, `context`, `instructions`, `translatable`, `type`, `settings`, `dateCreated`, `dateUpdated`, `uid`) VALUES ('5', NULL, 'Address 1', 'address1', 'matrixBlockType:1', '', '0', 'PlainText', '{\"placeholder\":\"\",\"maxLength\":\"\",\"multiline\":\"\",\"initialRows\":\"4\"}', '2015-05-26 02:43:34', '2015-05-31 22:54:38', '34808c9e-db76-4c23-b697-ae2c0632feeb');
INSERT INTO `craft_fields` (`id`, `groupId`, `name`, `handle`, `context`, `instructions`, `translatable`, `type`, `settings`, `dateCreated`, `dateUpdated`, `uid`) VALUES ('6', NULL, 'Addres 2', 'addres2', 'matrixBlockType:1', '', '0', 'PlainText', '{\"placeholder\":\"\",\"maxLength\":\"\",\"multiline\":\"\",\"initialRows\":\"4\"}', '2015-05-26 02:43:34', '2015-05-31 22:54:38', 'f0bf18c1-2f7b-4553-a696-5886f2a60e57');
INSERT INTO `craft_fields` (`id`, `groupId`, `name`, `handle`, `context`, `instructions`, `translatable`, `type`, `settings`, `dateCreated`, `dateUpdated`, `uid`) VALUES ('7', NULL, 'Phone', 'phone', 'matrixBlockType:1', '', '0', 'PlainText', '{\"placeholder\":\"\",\"maxLength\":\"\",\"multiline\":\"\",\"initialRows\":\"4\"}', '2015-05-26 02:43:34', '2015-05-31 22:54:38', '7e092b6e-3085-4300-89a2-e495f18b84b7');
INSERT INTO `craft_fields` (`id`, `groupId`, `name`, `handle`, `context`, `instructions`, `translatable`, `type`, `settings`, `dateCreated`, `dateUpdated`, `uid`) VALUES ('8', NULL, 'Website', 'website', 'matrixBlockType:1', '', '0', 'PlainText', '{\"placeholder\":\"\",\"maxLength\":\"\",\"multiline\":\"\",\"initialRows\":\"4\"}', '2015-05-26 02:43:34', '2015-05-31 22:54:38', '9c323ecb-d597-4f31-a824-f40f0af67753');
INSERT INTO `craft_fields` (`id`, `groupId`, `name`, `handle`, `context`, `instructions`, `translatable`, `type`, `settings`, `dateCreated`, `dateUpdated`, `uid`) VALUES ('9', NULL, 'Services', 'services', 'matrixBlockType:1', '', '0', 'Checkboxes', '{\"options\":[{\"label\":\"Anonymous Testing\",\"value\":\"Anonymous Testing\",\"default\":\"\"},{\"label\":\"Confidential Testing\",\"value\":\"Confidential Testing\",\"default\":\"\"},{\"label\":\"Rapid Testing\",\"value\":\"Rapid Testing\",\"default\":\"\"},{\"label\":\"Oral Testing\",\"value\":\"Oral Testing\",\"default\":\"\"}]}', '2015-05-26 02:43:34', '2015-05-31 22:54:38', 'eedd84a5-4165-4f04-84b1-869446bc4934');
INSERT INTO `craft_fields` (`id`, `groupId`, `name`, `handle`, `context`, `instructions`, `translatable`, `type`, `settings`, `dateCreated`, `dateUpdated`, `uid`) VALUES ('10', NULL, 'City', 'city', 'matrixBlockType:1', '', '0', 'PlainText', '{\"placeholder\":\"\",\"maxLength\":\"\",\"multiline\":\"\",\"initialRows\":\"4\"}', '2015-05-26 02:46:07', '2015-05-31 22:54:38', '74a517ee-f1fb-439a-8535-acf19dbe2d73');
INSERT INTO `craft_fields` (`id`, `groupId`, `name`, `handle`, `context`, `instructions`, `translatable`, `type`, `settings`, `dateCreated`, `dateUpdated`, `uid`) VALUES ('11', NULL, 'State', 'state', 'matrixBlockType:1', '', '0', 'PlainText', '{\"placeholder\":\"\",\"maxLength\":\"\",\"multiline\":\"\",\"initialRows\":\"4\"}', '2015-05-26 02:46:07', '2015-05-31 22:54:38', '36dfb65f-75fa-4dff-859a-19a520d6219f');
INSERT INTO `craft_fields` (`id`, `groupId`, `name`, `handle`, `context`, `instructions`, `translatable`, `type`, `settings`, `dateCreated`, `dateUpdated`, `uid`) VALUES ('12', NULL, 'Zip', 'zip', 'matrixBlockType:1', '', '0', 'PlainText', '{\"placeholder\":\"\",\"maxLength\":\"\",\"multiline\":\"\",\"initialRows\":\"4\"}', '2015-05-26 02:46:07', '2015-05-31 22:54:38', 'eda08a07-2cad-4971-9ead-f45f97b575e5');
INSERT INTO `craft_fields` (`id`, `groupId`, `name`, `handle`, `context`, `instructions`, `translatable`, `type`, `settings`, `dateCreated`, `dateUpdated`, `uid`) VALUES ('13', NULL, 'Hours', 'hours', 'matrixBlockType:1', '', '0', 'PlainText', '{\"placeholder\":\"\",\"maxLength\":\"\",\"multiline\":\"\",\"initialRows\":\"4\"}', '2015-05-26 02:50:34', '2015-05-31 22:54:38', '1022c749-6406-4f68-9252-4dd6852144f2');
INSERT INTO `craft_fields` (`id`, `groupId`, `name`, `handle`, `context`, `instructions`, `translatable`, `type`, `settings`, `dateCreated`, `dateUpdated`, `uid`) VALUES ('14', NULL, 'Fees', 'fees', 'matrixBlockType:1', '', '0', 'PlainText', '{\"placeholder\":\"\",\"maxLength\":\"\",\"multiline\":\"\",\"initialRows\":\"4\"}', '2015-05-26 02:50:34', '2015-05-31 22:54:38', '02cba207-8b90-4070-a2e7-e622ee5d326f');
INSERT INTO `craft_fields` (`id`, `groupId`, `name`, `handle`, `context`, `instructions`, `translatable`, `type`, `settings`, `dateCreated`, `dateUpdated`, `uid`) VALUES ('15', NULL, 'Eligible Population', 'eligiblePopulation', 'matrixBlockType:1', '', '0', 'PlainText', '{\"placeholder\":\"\",\"maxLength\":\"\",\"multiline\":\"\",\"initialRows\":\"4\"}', '2015-05-26 02:50:34', '2015-05-31 22:54:38', '88576f55-536e-4d12-89ce-91ea47785a12');
INSERT INTO `craft_fields` (`id`, `groupId`, `name`, `handle`, `context`, `instructions`, `translatable`, `type`, `settings`, `dateCreated`, `dateUpdated`, `uid`) VALUES ('16', NULL, 'Appointment Type', 'appointmentType', 'matrixBlockType:1', '', '0', 'PlainText', '{\"placeholder\":\"\",\"maxLength\":\"\",\"multiline\":\"\",\"initialRows\":\"4\"}', '2015-05-26 02:50:34', '2015-05-31 22:54:38', 'ab4b0bf5-c0af-463e-a661-eb498f4e75bd');
INSERT INTO `craft_fields` (`id`, `groupId`, `name`, `handle`, `context`, `instructions`, `translatable`, `type`, `settings`, `dateCreated`, `dateUpdated`, `uid`) VALUES ('17', NULL, 'Phone 2', 'phone2', 'matrixBlockType:1', '', '0', 'PlainText', '{\"placeholder\":\"\",\"maxLength\":\"\",\"multiline\":\"\",\"initialRows\":\"4\"}', '2015-05-26 03:29:59', '2015-05-31 22:54:38', 'e2e388db-1b1d-43cc-a310-7df457215ce8');
INSERT INTO `craft_fields` (`id`, `groupId`, `name`, `handle`, `context`, `instructions`, `translatable`, `type`, `settings`, `dateCreated`, `dateUpdated`, `uid`) VALUES ('18', NULL, 'Latitude', 'latitude', 'matrixBlockType:1', 'Find using http://mapcoordinates.net', '0', 'PlainText', '{\"placeholder\":\"\",\"maxLength\":\"\",\"multiline\":\"\",\"initialRows\":\"4\"}', '2015-05-31 22:54:38', '2015-05-31 22:54:38', '2cd42156-4c03-4192-aee7-6d6d70e69365');
INSERT INTO `craft_fields` (`id`, `groupId`, `name`, `handle`, `context`, `instructions`, `translatable`, `type`, `settings`, `dateCreated`, `dateUpdated`, `uid`) VALUES ('19', NULL, 'Longitude', 'longitude', 'matrixBlockType:1', 'Find using http://mapcoordinates.net', '0', 'PlainText', '{\"placeholder\":\"\",\"maxLength\":\"\",\"multiline\":\"\",\"initialRows\":\"4\"}', '2015-05-31 22:54:38', '2015-05-31 22:54:38', 'da3dffe7-2755-4823-aec5-882d27b3eb00');
INSERT INTO `craft_fields` (`id`, `groupId`, `name`, `handle`, `context`, `instructions`, `translatable`, `type`, `settings`, `dateCreated`, `dateUpdated`, `uid`) VALUES ('20', '1', 'Events', 'events', 'global', '', '0', 'Matrix', '{\"maxBlocks\":null}', '2015-06-06 20:53:33', '2015-06-06 23:55:54', 'a20b0628-41bc-41ee-982b-dd59f8d3d33d');
INSERT INTO `craft_fields` (`id`, `groupId`, `name`, `handle`, `context`, `instructions`, `translatable`, `type`, `settings`, `dateCreated`, `dateUpdated`, `uid`) VALUES ('21', NULL, 'Name', 'eventName', 'matrixBlockType:2', '', '0', 'PlainText', '{\"placeholder\":\"\",\"maxLength\":\"\",\"multiline\":\"\",\"initialRows\":\"4\"}', '2015-06-06 20:53:33', '2015-06-06 23:55:54', '2732b6f5-a247-4eed-b06e-ae27895e4afc');
INSERT INTO `craft_fields` (`id`, `groupId`, `name`, `handle`, `context`, `instructions`, `translatable`, `type`, `settings`, `dateCreated`, `dateUpdated`, `uid`) VALUES ('22', NULL, 'Description', 'description', 'matrixBlockType:2', '', '0', 'RichText', '{\"configFile\":\"Simple.json\",\"cleanupHtml\":\"1\",\"purifyHtml\":\"1\",\"columnType\":\"text\"}', '2015-06-06 20:53:33', '2015-06-06 23:55:54', 'b25715aa-7e88-456a-9792-e3eedd2ae66a');
INSERT INTO `craft_fields` (`id`, `groupId`, `name`, `handle`, `context`, `instructions`, `translatable`, `type`, `settings`, `dateCreated`, `dateUpdated`, `uid`) VALUES ('23', NULL, 'Photo', 'photo', 'matrixBlockType:2', '', '0', 'Assets', '{\"useSingleFolder\":\"1\",\"sources\":\"*\",\"defaultUploadLocationSource\":\"1\",\"defaultUploadLocationSubpath\":\"\",\"singleUploadLocationSource\":\"1\",\"singleUploadLocationSubpath\":\"\",\"restrictFiles\":\"1\",\"allowedKinds\":[\"image\"],\"limit\":\"1\",\"selectionLabel\":\"Pick an image\"}', '2015-06-06 21:27:36', '2015-06-06 23:55:54', 'dd1183c1-b114-440b-ab2a-1464b1fd5371');
INSERT INTO `craft_fields` (`id`, `groupId`, `name`, `handle`, `context`, `instructions`, `translatable`, `type`, `settings`, `dateCreated`, `dateUpdated`, `uid`) VALUES ('24', NULL, 'When', 'when', 'matrixBlockType:2', '', '0', 'Date', '{\"minuteIncrement\":\"30\",\"showDate\":1,\"showTime\":0}', '2015-06-06 21:37:36', '2015-06-06 23:55:54', '54539897-b10a-4991-9c3f-67af33fd7d15');
INSERT INTO `craft_fields` (`id`, `groupId`, `name`, `handle`, `context`, `instructions`, `translatable`, `type`, `settings`, `dateCreated`, `dateUpdated`, `uid`) VALUES ('25', NULL, 'Sign Up Link', 'signUpLink', 'matrixBlockType:2', '', '0', 'PlainText', '{\"placeholder\":\"\",\"maxLength\":\"\",\"multiline\":\"\",\"initialRows\":\"4\"}', '2015-06-06 23:55:54', '2015-06-06 23:55:54', 'beae0f93-e710-44af-91bb-9ddceb7984ff');
INSERT INTO `craft_fields` (`id`, `groupId`, `name`, `handle`, `context`, `instructions`, `translatable`, `type`, `settings`, `dateCreated`, `dateUpdated`, `uid`) VALUES ('26', NULL, 'Photos Link', 'photosLink', 'matrixBlockType:2', '', '0', 'PlainText', '{\"placeholder\":\"\",\"maxLength\":\"\",\"multiline\":\"\",\"initialRows\":\"4\"}', '2015-06-06 23:55:54', '2015-06-06 23:55:54', 'd0eda3bd-bdbc-4a9b-a3b7-11d7914e40e3');
INSERT INTO `craft_fields` (`id`, `groupId`, `name`, `handle`, `context`, `instructions`, `translatable`, `type`, `settings`, `dateCreated`, `dateUpdated`, `uid`) VALUES ('27', '1', 'FAQ', 'faq', 'global', '', '0', 'Matrix', '{\"maxBlocks\":null}', '2015-06-07 02:19:33', '2015-06-07 04:03:48', '0ebe58d0-8f0c-4911-8ec2-c93e76b08d71');
INSERT INTO `craft_fields` (`id`, `groupId`, `name`, `handle`, `context`, `instructions`, `translatable`, `type`, `settings`, `dateCreated`, `dateUpdated`, `uid`) VALUES ('28', NULL, 'Question', 'question', 'matrixBlockType:3', '', '0', 'PlainText', '{\"placeholder\":\"\",\"maxLength\":\"\",\"multiline\":\"\",\"initialRows\":\"4\"}', '2015-06-07 02:19:33', '2015-06-07 04:03:48', '8e31e2ca-13e5-41e1-a47c-9159ed910e11');
INSERT INTO `craft_fields` (`id`, `groupId`, `name`, `handle`, `context`, `instructions`, `translatable`, `type`, `settings`, `dateCreated`, `dateUpdated`, `uid`) VALUES ('29', NULL, 'Answer', 'answer', 'matrixBlockType:3', '', '0', 'RichText', '{\"configFile\":\"\",\"cleanupHtml\":\"1\",\"purifyHtml\":\"1\",\"columnType\":\"text\"}', '2015-06-07 02:19:33', '2015-06-07 04:03:48', '58fef270-b745-4059-b069-9c4b3edb7de6');
INSERT INTO `craft_fields` (`id`, `groupId`, `name`, `handle`, `context`, `instructions`, `translatable`, `type`, `settings`, `dateCreated`, `dateUpdated`, `uid`) VALUES ('30', '1', 'Resource Links', 'resourceLinks', 'global', '', '0', 'Matrix', '{\"maxBlocks\":null}', '2015-06-08 21:11:13', '2015-06-08 21:11:32', '66c92f96-f515-456f-9d1b-8fa18718c02b');
INSERT INTO `craft_fields` (`id`, `groupId`, `name`, `handle`, `context`, `instructions`, `translatable`, `type`, `settings`, `dateCreated`, `dateUpdated`, `uid`) VALUES ('31', NULL, 'Title', 'resourceTitle', 'matrixBlockType:4', '', '0', 'PlainText', '{\"placeholder\":\"\",\"maxLength\":\"\",\"multiline\":\"\",\"initialRows\":\"4\"}', '2015-06-08 21:11:13', '2015-06-08 21:11:32', 'da676991-c103-403f-baae-b68fa312bb74');
INSERT INTO `craft_fields` (`id`, `groupId`, `name`, `handle`, `context`, `instructions`, `translatable`, `type`, `settings`, `dateCreated`, `dateUpdated`, `uid`) VALUES ('32', NULL, 'Link Text', 'linkText', 'matrixBlockType:5', '', '0', 'PlainText', '{\"placeholder\":\"\",\"maxLength\":\"\",\"multiline\":\"\",\"initialRows\":\"4\"}', '2015-06-08 21:11:13', '2015-06-08 21:11:32', '6abb8aed-743f-4582-b810-4128faac2fe7');
INSERT INTO `craft_fields` (`id`, `groupId`, `name`, `handle`, `context`, `instructions`, `translatable`, `type`, `settings`, `dateCreated`, `dateUpdated`, `uid`) VALUES ('33', NULL, 'Link URL', 'linkUrl', 'matrixBlockType:5', '', '0', 'PlainText', '{\"placeholder\":\"\",\"maxLength\":\"\",\"multiline\":\"\",\"initialRows\":\"4\"}', '2015-06-08 21:11:13', '2015-06-08 21:11:32', '0cc50c51-c626-4656-b10d-61e0dbaf7113');
INSERT INTO `craft_fields` (`id`, `groupId`, `name`, `handle`, `context`, `instructions`, `translatable`, `type`, `settings`, `dateCreated`, `dateUpdated`, `uid`) VALUES ('34', NULL, 'Description', 'description', 'matrixBlockType:5', '', '0', 'PlainText', '{\"placeholder\":\"\",\"maxLength\":\"\",\"multiline\":\"\",\"initialRows\":\"4\"}', '2015-06-08 21:11:13', '2015-06-08 21:11:32', '8d85b749-d304-4c65-bd68-17d55a448329');



DROP TABLE IF EXISTS `craft_globalsets`;


--
-- Schema for table `craft_globalsets`
--
CREATE TABLE `craft_globalsets` (
  `id` int(11) NOT NULL,
  `name` varchar(255) COLLATE utf8_unicode_ci NOT NULL,
  `handle` varchar(255) COLLATE utf8_unicode_ci NOT NULL,
  `fieldLayoutId` int(10) DEFAULT NULL,
  `dateCreated` datetime NOT NULL,
  `dateUpdated` datetime NOT NULL,
  `uid` char(36) COLLATE utf8_unicode_ci NOT NULL DEFAULT '0',
  PRIMARY KEY (`id`),
  UNIQUE KEY `craft_globalsets_name_unq_idx` (`name`),
  UNIQUE KEY `craft_globalsets_handle_unq_idx` (`handle`),
  KEY `craft_globalsets_fieldLayoutId_fk` (`fieldLayoutId`)
) ENGINE=InnoDB DEFAULT CHARSET=utf8 COLLATE=utf8_unicode_ci;

DROP TABLE IF EXISTS `craft_info`;


--
-- Schema for table `craft_info`
--
CREATE TABLE `craft_info` (
  `id` int(11) NOT NULL AUTO_INCREMENT,
  `version` varchar(15) COLLATE utf8_unicode_ci NOT NULL,
  `build` int(11) unsigned NOT NULL,
  `schemaVersion` varchar(15) COLLATE utf8_unicode_ci NOT NULL,
  `releaseDate` datetime NOT NULL,
  `edition` tinyint(1) unsigned NOT NULL DEFAULT '0',
  `siteName` varchar(100) COLLATE utf8_unicode_ci NOT NULL,
  `siteUrl` varchar(255) COLLATE utf8_unicode_ci NOT NULL,
  `timezone` varchar(30) COLLATE utf8_unicode_ci DEFAULT NULL,
  `on` tinyint(1) unsigned NOT NULL DEFAULT '0',
  `maintenance` tinyint(1) unsigned NOT NULL DEFAULT '0',
  `track` varchar(40) COLLATE utf8_unicode_ci NOT NULL,
  `dateCreated` datetime NOT NULL,
  `dateUpdated` datetime NOT NULL,
  `uid` char(36) COLLATE utf8_unicode_ci NOT NULL DEFAULT '0',
  PRIMARY KEY (`id`)
) ENGINE=InnoDB AUTO_INCREMENT=2 DEFAULT CHARSET=utf8 COLLATE=utf8_unicode_ci;

--
-- Data for table `craft_info`
--

INSERT INTO `craft_info` (`id`, `version`, `build`, `schemaVersion`, `releaseDate`, `edition`, `siteName`, `siteUrl`, `timezone`, `on`, `maintenance`, `track`, `dateCreated`, `dateUpdated`, `uid`) VALUES ('1', '2.4', '2669', '2.4.0', '2015-06-03 22:03:40', '2', 'Southern Tier AIDS Program', 'http://localhost:8888', 'America/New_York', '1', '0', 'stable', '2015-05-26 00:03:41', '2015-06-04 02:16:31', '0faa93b6-0055-40d6-82c9-95f2cdef9d33');



DROP TABLE IF EXISTS `craft_locales`;


--
-- Schema for table `craft_locales`
--
CREATE TABLE `craft_locales` (
  `locale` char(12) COLLATE utf8_unicode_ci NOT NULL,
  `sortOrder` tinyint(4) DEFAULT NULL,
  `dateCreated` datetime NOT NULL,
  `dateUpdated` datetime NOT NULL,
  `uid` char(36) COLLATE utf8_unicode_ci NOT NULL DEFAULT '0',
  PRIMARY KEY (`locale`),
  KEY `craft_locales_sortOrder_idx` (`sortOrder`)
) ENGINE=InnoDB DEFAULT CHARSET=utf8 COLLATE=utf8_unicode_ci;

--
-- Data for table `craft_locales`
--

INSERT INTO `craft_locales` (`locale`, `sortOrder`, `dateCreated`, `dateUpdated`, `uid`) VALUES ('en_us', '1', '2015-05-26 00:03:41', '2015-05-26 01:28:53', '255c542c-c600-462f-bdd5-953dc9300c3b');



DROP TABLE IF EXISTS `craft_matrixblocks`;


--
-- Schema for table `craft_matrixblocks`
--
CREATE TABLE `craft_matrixblocks` (
  `id` int(11) NOT NULL,
  `ownerId` int(11) NOT NULL,
  `fieldId` int(11) NOT NULL,
  `typeId` int(11) DEFAULT NULL,
  `sortOrder` tinyint(4) DEFAULT NULL,
  `ownerLocale` char(12) COLLATE utf8_unicode_ci DEFAULT NULL,
  `dateCreated` datetime NOT NULL,
  `dateUpdated` datetime NOT NULL,
  `uid` char(36) COLLATE utf8_unicode_ci NOT NULL DEFAULT '0',
  PRIMARY KEY (`id`),
  KEY `craft_matrixblocks_ownerId_idx` (`ownerId`),
  KEY `craft_matrixblocks_fieldId_idx` (`fieldId`),
  KEY `craft_matrixblocks_typeId_idx` (`typeId`),
  KEY `craft_matrixblocks_sortOrder_idx` (`sortOrder`),
  KEY `craft_matrixblocks_ownerLocale_fk` (`ownerLocale`)
) ENGINE=InnoDB DEFAULT CHARSET=utf8 COLLATE=utf8_unicode_ci;

--
-- Data for table `craft_matrixblocks`
--

INSERT INTO `craft_matrixblocks` (`id`, `ownerId`, `fieldId`, `typeId`, `sortOrder`, `ownerLocale`, `dateCreated`, `dateUpdated`, `uid`) VALUES ('15', '14', '3', '1', '1', NULL, '2015-05-26 02:47:09', '2015-05-31 23:15:55', '38a989a6-d97f-4c6c-b1dd-a962c3574d38');
INSERT INTO `craft_matrixblocks` (`id`, `ownerId`, `fieldId`, `typeId`, `sortOrder`, `ownerLocale`, `dateCreated`, `dateUpdated`, `uid`) VALUES ('16', '14', '3', '1', '2', NULL, '2015-05-26 03:33:40', '2015-05-31 23:15:55', '3ced47a1-7b36-4fca-bb04-86cbdcb4e4f6');
INSERT INTO `craft_matrixblocks` (`id`, `ownerId`, `fieldId`, `typeId`, `sortOrder`, `ownerLocale`, `dateCreated`, `dateUpdated`, `uid`) VALUES ('17', '14', '3', '1', '3', NULL, '2015-05-26 03:33:40', '2015-05-31 23:15:55', '2dac1792-1da9-4ad6-b5b1-4fec1b52d18b');
INSERT INTO `craft_matrixblocks` (`id`, `ownerId`, `fieldId`, `typeId`, `sortOrder`, `ownerLocale`, `dateCreated`, `dateUpdated`, `uid`) VALUES ('19', '18', '3', '1', '1', NULL, '2015-05-26 03:38:08', '2015-05-31 23:18:31', 'a94903b2-e087-4119-a2aa-ec8a50fcc6de');
INSERT INTO `craft_matrixblocks` (`id`, `ownerId`, `fieldId`, `typeId`, `sortOrder`, `ownerLocale`, `dateCreated`, `dateUpdated`, `uid`) VALUES ('20', '18', '3', '1', '2', NULL, '2015-05-26 04:04:02', '2015-05-31 23:18:31', 'af018a01-2b78-4f6b-a974-f39aafc54485');
INSERT INTO `craft_matrixblocks` (`id`, `ownerId`, `fieldId`, `typeId`, `sortOrder`, `ownerLocale`, `dateCreated`, `dateUpdated`, `uid`) VALUES ('21', '18', '3', '1', '3', NULL, '2015-05-26 04:04:02', '2015-05-31 23:18:31', '1f182847-cae8-47e2-866a-66aa97687bac');
INSERT INTO `craft_matrixblocks` (`id`, `ownerId`, `fieldId`, `typeId`, `sortOrder`, `ownerLocale`, `dateCreated`, `dateUpdated`, `uid`) VALUES ('22', '18', '3', '1', '4', NULL, '2015-05-26 04:04:02', '2015-05-31 23:18:31', 'f589ef60-abdc-43d0-a100-dce27bf1681f');
INSERT INTO `craft_matrixblocks` (`id`, `ownerId`, `fieldId`, `typeId`, `sortOrder`, `ownerLocale`, `dateCreated`, `dateUpdated`, `uid`) VALUES ('24', '23', '3', '1', '1', NULL, '2015-05-26 04:08:25', '2015-05-31 23:22:29', 'd765db44-6660-45ab-9d59-fa42f07ef6aa');
INSERT INTO `craft_matrixblocks` (`id`, `ownerId`, `fieldId`, `typeId`, `sortOrder`, `ownerLocale`, `dateCreated`, `dateUpdated`, `uid`) VALUES ('25', '23', '3', '1', '2', NULL, '2015-05-26 04:08:25', '2015-05-31 23:22:29', '246430ae-79d7-4d26-9c51-ba172e1d2067');
INSERT INTO `craft_matrixblocks` (`id`, `ownerId`, `fieldId`, `typeId`, `sortOrder`, `ownerLocale`, `dateCreated`, `dateUpdated`, `uid`) VALUES ('27', '26', '3', '1', '1', NULL, '2015-05-26 04:21:04', '2015-05-31 23:23:57', 'de77c415-f82f-4f0e-b1a5-16589fe95d98');
INSERT INTO `craft_matrixblocks` (`id`, `ownerId`, `fieldId`, `typeId`, `sortOrder`, `ownerLocale`, `dateCreated`, `dateUpdated`, `uid`) VALUES ('28', '26', '3', '1', '2', NULL, '2015-05-26 04:21:04', '2015-05-31 23:23:57', '73a42576-1101-46db-a5da-4ff451205742');
INSERT INTO `craft_matrixblocks` (`id`, `ownerId`, `fieldId`, `typeId`, `sortOrder`, `ownerLocale`, `dateCreated`, `dateUpdated`, `uid`) VALUES ('30', '29', '3', '1', '1', NULL, '2015-05-26 04:39:32', '2015-05-31 23:26:47', '98f31ac0-af46-4913-b290-639e1bc36da5');
INSERT INTO `craft_matrixblocks` (`id`, `ownerId`, `fieldId`, `typeId`, `sortOrder`, `ownerLocale`, `dateCreated`, `dateUpdated`, `uid`) VALUES ('31', '29', '3', '1', '2', NULL, '2015-05-26 04:39:32', '2015-05-31 23:26:47', '04ed14b7-3542-4070-be54-d5c370ec01ee');
INSERT INTO `craft_matrixblocks` (`id`, `ownerId`, `fieldId`, `typeId`, `sortOrder`, `ownerLocale`, `dateCreated`, `dateUpdated`, `uid`) VALUES ('32', '29', '3', '1', '3', NULL, '2015-05-26 04:39:32', '2015-05-31 23:26:47', '4a307102-c123-4293-ac7d-e927d6f859e7');
INSERT INTO `craft_matrixblocks` (`id`, `ownerId`, `fieldId`, `typeId`, `sortOrder`, `ownerLocale`, `dateCreated`, `dateUpdated`, `uid`) VALUES ('33', '29', '3', '1', '4', NULL, '2015-05-26 04:39:32', '2015-05-31 23:26:47', '6aa44f7d-76c7-4a48-97b1-be9e2ff26efb');
INSERT INTO `craft_matrixblocks` (`id`, `ownerId`, `fieldId`, `typeId`, `sortOrder`, `ownerLocale`, `dateCreated`, `dateUpdated`, `uid`) VALUES ('34', '29', '3', '1', '5', NULL, '2015-05-26 04:39:32', '2015-05-31 23:26:47', 'd9ffd9cc-84b4-4745-b60e-f7f0b5405f25');
INSERT INTO `craft_matrixblocks` (`id`, `ownerId`, `fieldId`, `typeId`, `sortOrder`, `ownerLocale`, `dateCreated`, `dateUpdated`, `uid`) VALUES ('35', '29', '3', '1', '6', NULL, '2015-05-26 04:39:32', '2015-05-31 23:26:47', 'cd2b8789-6724-4edf-8e8d-fb08d54ede4f');
INSERT INTO `craft_matrixblocks` (`id`, `ownerId`, `fieldId`, `typeId`, `sortOrder`, `ownerLocale`, `dateCreated`, `dateUpdated`, `uid`) VALUES ('37', '36', '3', '1', '1', NULL, '2015-05-26 05:47:36', '2015-05-31 23:29:38', '07ea1ad2-79c8-4826-8815-ec41d571d790');
INSERT INTO `craft_matrixblocks` (`id`, `ownerId`, `fieldId`, `typeId`, `sortOrder`, `ownerLocale`, `dateCreated`, `dateUpdated`, `uid`) VALUES ('38', '36', '3', '1', '2', NULL, '2015-05-26 05:47:36', '2015-05-31 23:29:38', '37a6df41-bf2b-4f2a-b36a-d0f1ef7672b9');
INSERT INTO `craft_matrixblocks` (`id`, `ownerId`, `fieldId`, `typeId`, `sortOrder`, `ownerLocale`, `dateCreated`, `dateUpdated`, `uid`) VALUES ('39', '36', '3', '1', '3', NULL, '2015-05-26 05:47:36', '2015-05-31 23:29:38', 'b58acb8d-9b5e-4e91-a4ab-13669b3f73fa');
INSERT INTO `craft_matrixblocks` (`id`, `ownerId`, `fieldId`, `typeId`, `sortOrder`, `ownerLocale`, `dateCreated`, `dateUpdated`, `uid`) VALUES ('41', '40', '3', '1', '1', NULL, '2015-05-26 05:49:58', '2015-05-31 23:30:20', '34b56339-67e4-4120-84fa-4502e8a77c08');
INSERT INTO `craft_matrixblocks` (`id`, `ownerId`, `fieldId`, `typeId`, `sortOrder`, `ownerLocale`, `dateCreated`, `dateUpdated`, `uid`) VALUES ('42', '40', '3', '1', '2', NULL, '2015-05-26 05:49:58', '2015-05-31 23:30:20', '580b9f7b-67df-4d62-84f5-0db293c15d74');
INSERT INTO `craft_matrixblocks` (`id`, `ownerId`, `fieldId`, `typeId`, `sortOrder`, `ownerLocale`, `dateCreated`, `dateUpdated`, `uid`) VALUES ('44', '43', '3', '1', '1', NULL, '2015-05-26 05:55:39', '2015-05-31 23:31:24', '45669372-fe54-4181-83af-1b2d1de48ab0');
INSERT INTO `craft_matrixblocks` (`id`, `ownerId`, `fieldId`, `typeId`, `sortOrder`, `ownerLocale`, `dateCreated`, `dateUpdated`, `uid`) VALUES ('45', '43', '3', '1', '2', NULL, '2015-05-26 05:55:39', '2015-05-31 23:31:24', 'b9d1f94e-7dbd-43b6-86c4-1a7410b03b6a');
INSERT INTO `craft_matrixblocks` (`id`, `ownerId`, `fieldId`, `typeId`, `sortOrder`, `ownerLocale`, `dateCreated`, `dateUpdated`, `uid`) VALUES ('46', '43', '3', '1', '3', NULL, '2015-05-26 05:55:39', '2015-05-31 23:31:24', '5c8d3367-0314-45e9-90a3-e3e5b8373e7d');
INSERT INTO `craft_matrixblocks` (`id`, `ownerId`, `fieldId`, `typeId`, `sortOrder`, `ownerLocale`, `dateCreated`, `dateUpdated`, `uid`) VALUES ('49', '7', '20', '2', '2', NULL, '2015-06-06 21:35:03', '2015-06-07 00:07:32', '3ea6a237-0eb2-4311-bdfa-a9c3c17c1e18');
INSERT INTO `craft_matrixblocks` (`id`, `ownerId`, `fieldId`, `typeId`, `sortOrder`, `ownerLocale`, `dateCreated`, `dateUpdated`, `uid`) VALUES ('51', '7', '20', '2', '1', NULL, '2015-06-06 21:38:54', '2015-06-07 00:07:32', '591ee13a-c856-4436-bfe3-f37cb518d4a0');
INSERT INTO `craft_matrixblocks` (`id`, `ownerId`, `fieldId`, `typeId`, `sortOrder`, `ownerLocale`, `dateCreated`, `dateUpdated`, `uid`) VALUES ('53', '7', '20', '2', '3', NULL, '2015-06-06 23:50:48', '2015-06-07 00:07:32', 'ab2f76a2-8965-4cc3-b75a-a5084f18bc45');
INSERT INTO `craft_matrixblocks` (`id`, `ownerId`, `fieldId`, `typeId`, `sortOrder`, `ownerLocale`, `dateCreated`, `dateUpdated`, `uid`) VALUES ('55', '54', '27', '3', '1', NULL, '2015-06-07 02:44:10', '2015-06-07 02:50:45', '5b5c6753-cc58-4044-ba0b-74699a9524fe');
INSERT INTO `craft_matrixblocks` (`id`, `ownerId`, `fieldId`, `typeId`, `sortOrder`, `ownerLocale`, `dateCreated`, `dateUpdated`, `uid`) VALUES ('56', '54', '27', '3', '2', NULL, '2015-06-07 02:50:45', '2015-06-07 02:50:45', '04438a1f-2cf4-4fc6-9be1-ad05f0471242');
INSERT INTO `craft_matrixblocks` (`id`, `ownerId`, `fieldId`, `typeId`, `sortOrder`, `ownerLocale`, `dateCreated`, `dateUpdated`, `uid`) VALUES ('57', '54', '27', '3', '3', NULL, '2015-06-07 02:50:45', '2015-06-07 02:50:45', 'e7adb350-7211-4aaf-9c16-e17a2bd31cf9');
INSERT INTO `craft_matrixblocks` (`id`, `ownerId`, `fieldId`, `typeId`, `sortOrder`, `ownerLocale`, `dateCreated`, `dateUpdated`, `uid`) VALUES ('58', '54', '27', '3', '4', NULL, '2015-06-07 02:50:45', '2015-06-07 02:50:45', 'c8bea3c2-c10e-4fe8-b94f-29dd61beacba');
INSERT INTO `craft_matrixblocks` (`id`, `ownerId`, `fieldId`, `typeId`, `sortOrder`, `ownerLocale`, `dateCreated`, `dateUpdated`, `uid`) VALUES ('59', '54', '27', '3', '5', NULL, '2015-06-07 02:50:45', '2015-06-07 02:50:45', '05022bed-c0c3-4640-8bbb-d1f32b0faaee');
INSERT INTO `craft_matrixblocks` (`id`, `ownerId`, `fieldId`, `typeId`, `sortOrder`, `ownerLocale`, `dateCreated`, `dateUpdated`, `uid`) VALUES ('60', '54', '27', '3', '6', NULL, '2015-06-07 02:50:45', '2015-06-07 02:50:45', '70e72c5f-242f-4f10-b9d9-6bcd49f768de');
INSERT INTO `craft_matrixblocks` (`id`, `ownerId`, `fieldId`, `typeId`, `sortOrder`, `ownerLocale`, `dateCreated`, `dateUpdated`, `uid`) VALUES ('61', '54', '27', '3', '7', NULL, '2015-06-07 02:50:45', '2015-06-07 02:50:45', '8ca54f57-bb42-427a-88ad-e1101ab381b4');
INSERT INTO `craft_matrixblocks` (`id`, `ownerId`, `fieldId`, `typeId`, `sortOrder`, `ownerLocale`, `dateCreated`, `dateUpdated`, `uid`) VALUES ('62', '54', '27', '3', '8', NULL, '2015-06-07 02:50:45', '2015-06-07 02:50:45', '68ccdc37-6521-4c44-ae5d-aca53c401cb4');
INSERT INTO `craft_matrixblocks` (`id`, `ownerId`, `fieldId`, `typeId`, `sortOrder`, `ownerLocale`, `dateCreated`, `dateUpdated`, `uid`) VALUES ('63', '54', '27', '3', '9', NULL, '2015-06-07 02:50:45', '2015-06-07 02:50:45', 'e67f6071-34f3-4be2-9391-63c536530776');
INSERT INTO `craft_matrixblocks` (`id`, `ownerId`, `fieldId`, `typeId`, `sortOrder`, `ownerLocale`, `dateCreated`, `dateUpdated`, `uid`) VALUES ('64', '54', '27', '3', '10', NULL, '2015-06-07 02:50:45', '2015-06-07 02:50:45', '46954a3a-ce82-4206-a18c-354e48e7429e');
INSERT INTO `craft_matrixblocks` (`id`, `ownerId`, `fieldId`, `typeId`, `sortOrder`, `ownerLocale`, `dateCreated`, `dateUpdated`, `uid`) VALUES ('65', '54', '27', '3', '11', NULL, '2015-06-07 02:50:45', '2015-06-07 02:50:45', '45a274a3-49a8-458b-bbc9-99b969840975');
INSERT INTO `craft_matrixblocks` (`id`, `ownerId`, `fieldId`, `typeId`, `sortOrder`, `ownerLocale`, `dateCreated`, `dateUpdated`, `uid`) VALUES ('66', '54', '27', '3', '12', NULL, '2015-06-07 02:50:45', '2015-06-07 02:50:45', 'c318cf26-3316-4b96-9ac9-cb5d4f8c617c');
INSERT INTO `craft_matrixblocks` (`id`, `ownerId`, `fieldId`, `typeId`, `sortOrder`, `ownerLocale`, `dateCreated`, `dateUpdated`, `uid`) VALUES ('68', '67', '27', '3', '1', NULL, '2015-06-07 03:45:33', '2015-06-07 03:45:33', '942c401e-18b3-4bf4-b437-e8c82337efd6');
INSERT INTO `craft_matrixblocks` (`id`, `ownerId`, `fieldId`, `typeId`, `sortOrder`, `ownerLocale`, `dateCreated`, `dateUpdated`, `uid`) VALUES ('69', '67', '27', '3', '2', NULL, '2015-06-07 03:45:33', '2015-06-07 03:45:33', '794499a2-d29f-4a65-937c-f667fe63b1e1');
INSERT INTO `craft_matrixblocks` (`id`, `ownerId`, `fieldId`, `typeId`, `sortOrder`, `ownerLocale`, `dateCreated`, `dateUpdated`, `uid`) VALUES ('71', '70', '27', '3', '1', NULL, '2015-06-07 03:49:52', '2015-06-07 03:49:52', '010d6de9-69a1-4402-9f08-2562a23fe7c5');
INSERT INTO `craft_matrixblocks` (`id`, `ownerId`, `fieldId`, `typeId`, `sortOrder`, `ownerLocale`, `dateCreated`, `dateUpdated`, `uid`) VALUES ('72', '70', '27', '3', '2', NULL, '2015-06-07 03:49:52', '2015-06-07 03:49:52', '152b1c8c-f928-45b0-98a6-f9ad00a84684');
INSERT INTO `craft_matrixblocks` (`id`, `ownerId`, `fieldId`, `typeId`, `sortOrder`, `ownerLocale`, `dateCreated`, `dateUpdated`, `uid`) VALUES ('73', '70', '27', '3', '3', NULL, '2015-06-07 03:49:52', '2015-06-07 03:49:52', '959e3b54-bf02-4d71-9861-2cdd86fa3eb6');
INSERT INTO `craft_matrixblocks` (`id`, `ownerId`, `fieldId`, `typeId`, `sortOrder`, `ownerLocale`, `dateCreated`, `dateUpdated`, `uid`) VALUES ('74', '70', '27', '3', '4', NULL, '2015-06-07 03:49:52', '2015-06-07 03:49:52', 'e23e779b-36f0-4ae9-b1d9-44953deaeea0');
INSERT INTO `craft_matrixblocks` (`id`, `ownerId`, `fieldId`, `typeId`, `sortOrder`, `ownerLocale`, `dateCreated`, `dateUpdated`, `uid`) VALUES ('75', '70', '27', '3', '5', NULL, '2015-06-07 03:49:52', '2015-06-07 03:49:52', '6f444bb9-d347-4e53-9704-de191d93d1c0');
INSERT INTO `craft_matrixblocks` (`id`, `ownerId`, `fieldId`, `typeId`, `sortOrder`, `ownerLocale`, `dateCreated`, `dateUpdated`, `uid`) VALUES ('77', '76', '27', '3', '1', NULL, '2015-06-07 03:55:40', '2015-06-07 03:55:40', '1bdaf59e-280f-4f15-81ba-97aa64005377');
INSERT INTO `craft_matrixblocks` (`id`, `ownerId`, `fieldId`, `typeId`, `sortOrder`, `ownerLocale`, `dateCreated`, `dateUpdated`, `uid`) VALUES ('78', '76', '27', '3', '2', NULL, '2015-06-07 03:55:40', '2015-06-07 03:55:40', '7dd38856-cf03-42d9-84c5-8852b459c00b');
INSERT INTO `craft_matrixblocks` (`id`, `ownerId`, `fieldId`, `typeId`, `sortOrder`, `ownerLocale`, `dateCreated`, `dateUpdated`, `uid`) VALUES ('79', '76', '27', '3', '3', NULL, '2015-06-07 03:55:40', '2015-06-07 03:55:40', '3204dd49-b5f5-4c97-9e54-3aa9995eb4c7');
INSERT INTO `craft_matrixblocks` (`id`, `ownerId`, `fieldId`, `typeId`, `sortOrder`, `ownerLocale`, `dateCreated`, `dateUpdated`, `uid`) VALUES ('80', '76', '27', '3', '4', NULL, '2015-06-07 03:55:40', '2015-06-07 03:55:40', '204fda5b-a5f4-4b50-b5aa-fe8063a37e6d');
INSERT INTO `craft_matrixblocks` (`id`, `ownerId`, `fieldId`, `typeId`, `sortOrder`, `ownerLocale`, `dateCreated`, `dateUpdated`, `uid`) VALUES ('82', '81', '27', '3', '1', NULL, '2015-06-07 03:56:41', '2015-06-07 03:56:41', 'b3932be4-badb-4e57-ac63-60c6690e9cd6');
INSERT INTO `craft_matrixblocks` (`id`, `ownerId`, `fieldId`, `typeId`, `sortOrder`, `ownerLocale`, `dateCreated`, `dateUpdated`, `uid`) VALUES ('83', '81', '27', '3', '2', NULL, '2015-06-07 03:56:41', '2015-06-07 03:56:41', 'eb6f556f-f126-4833-844c-223629b8ed00');
INSERT INTO `craft_matrixblocks` (`id`, `ownerId`, `fieldId`, `typeId`, `sortOrder`, `ownerLocale`, `dateCreated`, `dateUpdated`, `uid`) VALUES ('85', '84', '27', '3', '1', NULL, '2015-06-07 04:03:33', '2015-06-07 04:11:14', '74f2aa58-e65d-4e04-9af2-31dde7af873e');
INSERT INTO `craft_matrixblocks` (`id`, `ownerId`, `fieldId`, `typeId`, `sortOrder`, `ownerLocale`, `dateCreated`, `dateUpdated`, `uid`) VALUES ('86', '84', '27', '3', '2', NULL, '2015-06-07 04:03:33', '2015-06-07 04:11:14', 'b7e42dbf-ff40-4e8c-905c-188db8bde4aa');
INSERT INTO `craft_matrixblocks` (`id`, `ownerId`, `fieldId`, `typeId`, `sortOrder`, `ownerLocale`, `dateCreated`, `dateUpdated`, `uid`) VALUES ('87', '84', '27', '3', '3', NULL, '2015-06-07 04:03:33', '2015-06-07 04:11:14', '5b4e0831-5983-4ef0-aa96-038b36d4ee7c');
INSERT INTO `craft_matrixblocks` (`id`, `ownerId`, `fieldId`, `typeId`, `sortOrder`, `ownerLocale`, `dateCreated`, `dateUpdated`, `uid`) VALUES ('89', '88', '30', '4', '1', NULL, '2015-06-08 22:11:37', '2015-06-08 22:11:37', 'fc040953-d49d-4092-9c9b-3ad757b063c6');
INSERT INTO `craft_matrixblocks` (`id`, `ownerId`, `fieldId`, `typeId`, `sortOrder`, `ownerLocale`, `dateCreated`, `dateUpdated`, `uid`) VALUES ('90', '88', '30', '5', '2', NULL, '2015-06-08 22:11:37', '2015-06-08 22:11:37', 'f8690ce5-9f0f-473c-8ccb-8dcc41961659');
INSERT INTO `craft_matrixblocks` (`id`, `ownerId`, `fieldId`, `typeId`, `sortOrder`, `ownerLocale`, `dateCreated`, `dateUpdated`, `uid`) VALUES ('91', '88', '30', '5', '3', NULL, '2015-06-08 22:11:37', '2015-06-08 22:11:37', '131f966a-5497-4fcc-877c-254315a056ab');
INSERT INTO `craft_matrixblocks` (`id`, `ownerId`, `fieldId`, `typeId`, `sortOrder`, `ownerLocale`, `dateCreated`, `dateUpdated`, `uid`) VALUES ('92', '88', '30', '5', '4', NULL, '2015-06-08 22:11:37', '2015-06-08 22:11:37', '0ab6ba5d-5887-4622-b48d-0c2ee3da5f84');
INSERT INTO `craft_matrixblocks` (`id`, `ownerId`, `fieldId`, `typeId`, `sortOrder`, `ownerLocale`, `dateCreated`, `dateUpdated`, `uid`) VALUES ('93', '88', '30', '5', '5', NULL, '2015-06-08 22:11:37', '2015-06-08 22:11:37', '99b09054-cbc6-44b6-8b78-f331e6a0d388');
INSERT INTO `craft_matrixblocks` (`id`, `ownerId`, `fieldId`, `typeId`, `sortOrder`, `ownerLocale`, `dateCreated`, `dateUpdated`, `uid`) VALUES ('94', '88', '30', '5', '6', NULL, '2015-06-08 22:11:37', '2015-06-08 22:11:37', '5c038e92-1719-446b-86e5-e8e7eecb4162');
INSERT INTO `craft_matrixblocks` (`id`, `ownerId`, `fieldId`, `typeId`, `sortOrder`, `ownerLocale`, `dateCreated`, `dateUpdated`, `uid`) VALUES ('95', '88', '30', '4', '7', NULL, '2015-06-08 22:11:37', '2015-06-08 22:11:37', '46613f05-4914-41c6-9cc5-184060813b89');
INSERT INTO `craft_matrixblocks` (`id`, `ownerId`, `fieldId`, `typeId`, `sortOrder`, `ownerLocale`, `dateCreated`, `dateUpdated`, `uid`) VALUES ('96', '88', '30', '5', '8', NULL, '2015-06-08 22:11:37', '2015-06-08 22:11:37', 'a2a4c6cc-638c-49dc-9acd-02b177777c89');
INSERT INTO `craft_matrixblocks` (`id`, `ownerId`, `fieldId`, `typeId`, `sortOrder`, `ownerLocale`, `dateCreated`, `dateUpdated`, `uid`) VALUES ('97', '88', '30', '5', '9', NULL, '2015-06-08 22:11:37', '2015-06-08 22:11:37', '016e865a-6070-42e8-ac3e-1f5f1cbdd382');
INSERT INTO `craft_matrixblocks` (`id`, `ownerId`, `fieldId`, `typeId`, `sortOrder`, `ownerLocale`, `dateCreated`, `dateUpdated`, `uid`) VALUES ('98', '88', '30', '5', '10', NULL, '2015-06-08 22:11:37', '2015-06-08 22:11:37', '04a46801-3cad-4e35-bff2-b0c9164f3013');
INSERT INTO `craft_matrixblocks` (`id`, `ownerId`, `fieldId`, `typeId`, `sortOrder`, `ownerLocale`, `dateCreated`, `dateUpdated`, `uid`) VALUES ('99', '88', '30', '5', '11', NULL, '2015-06-08 22:11:37', '2015-06-08 22:11:37', 'ed3122b3-0073-46db-8e0c-da9c3837d594');
INSERT INTO `craft_matrixblocks` (`id`, `ownerId`, `fieldId`, `typeId`, `sortOrder`, `ownerLocale`, `dateCreated`, `dateUpdated`, `uid`) VALUES ('100', '88', '30', '5', '12', NULL, '2015-06-08 22:11:37', '2015-06-08 22:11:37', '58d15360-e73c-4c6c-9974-4c1b6923f82c');
INSERT INTO `craft_matrixblocks` (`id`, `ownerId`, `fieldId`, `typeId`, `sortOrder`, `ownerLocale`, `dateCreated`, `dateUpdated`, `uid`) VALUES ('101', '88', '30', '5', '13', NULL, '2015-06-08 22:11:37', '2015-06-08 22:11:37', 'f66a78c7-ac0f-4533-b752-12e9614f2f8a');
INSERT INTO `craft_matrixblocks` (`id`, `ownerId`, `fieldId`, `typeId`, `sortOrder`, `ownerLocale`, `dateCreated`, `dateUpdated`, `uid`) VALUES ('102', '88', '30', '5', '14', NULL, '2015-06-08 22:11:37', '2015-06-08 22:11:37', 'c3f0c6da-1402-45ae-8c2f-cbe340e05897');
INSERT INTO `craft_matrixblocks` (`id`, `ownerId`, `fieldId`, `typeId`, `sortOrder`, `ownerLocale`, `dateCreated`, `dateUpdated`, `uid`) VALUES ('103', '88', '30', '5', '15', NULL, '2015-06-08 22:11:37', '2015-06-08 22:11:37', '18d583bd-d8bc-4f2f-b654-cec1c49e2ddd');
INSERT INTO `craft_matrixblocks` (`id`, `ownerId`, `fieldId`, `typeId`, `sortOrder`, `ownerLocale`, `dateCreated`, `dateUpdated`, `uid`) VALUES ('104', '88', '30', '4', '16', NULL, '2015-06-08 22:11:37', '2015-06-08 22:11:37', '9e5bf9c2-0b45-4259-b7fe-fda8bce51400');
INSERT INTO `craft_matrixblocks` (`id`, `ownerId`, `fieldId`, `typeId`, `sortOrder`, `ownerLocale`, `dateCreated`, `dateUpdated`, `uid`) VALUES ('105', '88', '30', '5', '17', NULL, '2015-06-08 22:11:37', '2015-06-08 22:11:37', '9bcc7c59-6644-4c2a-90c7-c0dca272273f');
INSERT INTO `craft_matrixblocks` (`id`, `ownerId`, `fieldId`, `typeId`, `sortOrder`, `ownerLocale`, `dateCreated`, `dateUpdated`, `uid`) VALUES ('106', '88', '30', '5', '18', NULL, '2015-06-08 22:11:37', '2015-06-08 22:11:37', '05f1fbdd-0488-4ebf-b12f-bd7ff4fb6e2d');
INSERT INTO `craft_matrixblocks` (`id`, `ownerId`, `fieldId`, `typeId`, `sortOrder`, `ownerLocale`, `dateCreated`, `dateUpdated`, `uid`) VALUES ('108', '107', '30', '4', '1', NULL, '2015-06-08 22:15:25', '2015-06-08 22:15:25', '0af33220-9bf8-4fcd-a7b9-166092826107');
INSERT INTO `craft_matrixblocks` (`id`, `ownerId`, `fieldId`, `typeId`, `sortOrder`, `ownerLocale`, `dateCreated`, `dateUpdated`, `uid`) VALUES ('109', '107', '30', '5', '2', NULL, '2015-06-08 22:15:25', '2015-06-08 22:15:25', 'ba9be975-4af8-4b12-9955-8f8119e31364');
INSERT INTO `craft_matrixblocks` (`id`, `ownerId`, `fieldId`, `typeId`, `sortOrder`, `ownerLocale`, `dateCreated`, `dateUpdated`, `uid`) VALUES ('110', '107', '30', '5', '3', NULL, '2015-06-08 22:15:25', '2015-06-08 22:15:25', 'ae8da06e-08ff-41a8-801d-dfda5a814f50');
INSERT INTO `craft_matrixblocks` (`id`, `ownerId`, `fieldId`, `typeId`, `sortOrder`, `ownerLocale`, `dateCreated`, `dateUpdated`, `uid`) VALUES ('111', '107', '30', '4', '4', NULL, '2015-06-08 22:15:25', '2015-06-08 22:15:25', '00b869a1-bf89-49d5-a1f0-67863c0a690d');
INSERT INTO `craft_matrixblocks` (`id`, `ownerId`, `fieldId`, `typeId`, `sortOrder`, `ownerLocale`, `dateCreated`, `dateUpdated`, `uid`) VALUES ('112', '107', '30', '5', '5', NULL, '2015-06-08 22:15:26', '2015-06-08 22:15:26', 'aa3b7a3e-950c-4890-8086-b56e349fbbc9');
INSERT INTO `craft_matrixblocks` (`id`, `ownerId`, `fieldId`, `typeId`, `sortOrder`, `ownerLocale`, `dateCreated`, `dateUpdated`, `uid`) VALUES ('113', '107', '30', '5', '6', NULL, '2015-06-08 22:15:26', '2015-06-08 22:15:26', '7b17a8c0-7a5f-4662-ac9f-52cf34e96dc5');
INSERT INTO `craft_matrixblocks` (`id`, `ownerId`, `fieldId`, `typeId`, `sortOrder`, `ownerLocale`, `dateCreated`, `dateUpdated`, `uid`) VALUES ('114', '107', '30', '5', '7', NULL, '2015-06-08 22:15:26', '2015-06-08 22:15:26', '47afe890-61e3-4ef6-86d4-ad7d2c6d70bc');
INSERT INTO `craft_matrixblocks` (`id`, `ownerId`, `fieldId`, `typeId`, `sortOrder`, `ownerLocale`, `dateCreated`, `dateUpdated`, `uid`) VALUES ('115', '107', '30', '5', '8', NULL, '2015-06-08 22:15:26', '2015-06-08 22:15:26', '8c5f9028-338b-4647-ba6b-70c18fe0c115');
INSERT INTO `craft_matrixblocks` (`id`, `ownerId`, `fieldId`, `typeId`, `sortOrder`, `ownerLocale`, `dateCreated`, `dateUpdated`, `uid`) VALUES ('116', '107', '30', '5', '9', NULL, '2015-06-08 22:15:26', '2015-06-08 22:15:26', '495c7a57-afd8-4355-bba8-d42d6d48f5e8');
INSERT INTO `craft_matrixblocks` (`id`, `ownerId`, `fieldId`, `typeId`, `sortOrder`, `ownerLocale`, `dateCreated`, `dateUpdated`, `uid`) VALUES ('118', '117', '30', '5', '1', NULL, '2015-06-08 22:48:28', '2015-06-08 22:48:28', '633cc268-f604-4f00-85d9-34912745a4a8');
INSERT INTO `craft_matrixblocks` (`id`, `ownerId`, `fieldId`, `typeId`, `sortOrder`, `ownerLocale`, `dateCreated`, `dateUpdated`, `uid`) VALUES ('119', '117', '30', '5', '2', NULL, '2015-06-08 22:48:28', '2015-06-08 22:48:28', '46963dea-bef0-4cb5-8163-80a310085a49');
INSERT INTO `craft_matrixblocks` (`id`, `ownerId`, `fieldId`, `typeId`, `sortOrder`, `ownerLocale`, `dateCreated`, `dateUpdated`, `uid`) VALUES ('120', '117', '30', '5', '3', NULL, '2015-06-08 22:48:28', '2015-06-08 22:48:28', '89834900-9346-4b1f-afe7-2c22b7790c62');
INSERT INTO `craft_matrixblocks` (`id`, `ownerId`, `fieldId`, `typeId`, `sortOrder`, `ownerLocale`, `dateCreated`, `dateUpdated`, `uid`) VALUES ('121', '117', '30', '5', '4', NULL, '2015-06-08 22:48:28', '2015-06-08 22:48:28', '57674a58-0aff-4213-a1b9-3db60ab399e6');
INSERT INTO `craft_matrixblocks` (`id`, `ownerId`, `fieldId`, `typeId`, `sortOrder`, `ownerLocale`, `dateCreated`, `dateUpdated`, `uid`) VALUES ('122', '117', '30', '5', '5', NULL, '2015-06-08 22:48:28', '2015-06-08 22:48:28', '6cbcde02-fd28-4333-85e8-43c2e5de66e9');
INSERT INTO `craft_matrixblocks` (`id`, `ownerId`, `fieldId`, `typeId`, `sortOrder`, `ownerLocale`, `dateCreated`, `dateUpdated`, `uid`) VALUES ('123', '117', '30', '5', '6', NULL, '2015-06-08 22:48:28', '2015-06-08 22:48:28', 'aa46a3b9-2666-4833-a00c-22f4d5c27823');
INSERT INTO `craft_matrixblocks` (`id`, `ownerId`, `fieldId`, `typeId`, `sortOrder`, `ownerLocale`, `dateCreated`, `dateUpdated`, `uid`) VALUES ('124', '117', '30', '5', '7', NULL, '2015-06-08 22:48:28', '2015-06-08 22:48:28', '63e6f56f-9555-47ac-a42d-3f636ae4e2c2');
INSERT INTO `craft_matrixblocks` (`id`, `ownerId`, `fieldId`, `typeId`, `sortOrder`, `ownerLocale`, `dateCreated`, `dateUpdated`, `uid`) VALUES ('125', '117', '30', '5', '8', NULL, '2015-06-08 22:48:28', '2015-06-08 22:48:28', '8a3ebf07-7dd7-47cd-973a-775aa7004cf7');
INSERT INTO `craft_matrixblocks` (`id`, `ownerId`, `fieldId`, `typeId`, `sortOrder`, `ownerLocale`, `dateCreated`, `dateUpdated`, `uid`) VALUES ('126', '117', '30', '5', '9', NULL, '2015-06-08 22:48:28', '2015-06-08 22:48:28', 'c5502e61-2abe-4e1a-ae0f-93794bbed5e6');
INSERT INTO `craft_matrixblocks` (`id`, `ownerId`, `fieldId`, `typeId`, `sortOrder`, `ownerLocale`, `dateCreated`, `dateUpdated`, `uid`) VALUES ('127', '117', '30', '5', '10', NULL, '2015-06-08 22:48:28', '2015-06-08 22:48:28', '047f0ab9-fa60-4831-b6d0-8cd651013da2');
INSERT INTO `craft_matrixblocks` (`id`, `ownerId`, `fieldId`, `typeId`, `sortOrder`, `ownerLocale`, `dateCreated`, `dateUpdated`, `uid`) VALUES ('128', '117', '30', '5', '11', NULL, '2015-06-08 22:48:28', '2015-06-08 22:48:28', 'b8105091-17d9-49f4-8e9e-de8940a828c2');
INSERT INTO `craft_matrixblocks` (`id`, `ownerId`, `fieldId`, `typeId`, `sortOrder`, `ownerLocale`, `dateCreated`, `dateUpdated`, `uid`) VALUES ('129', '117', '30', '5', '12', NULL, '2015-06-08 22:48:28', '2015-06-08 22:48:28', 'b8373744-67f6-4a07-8b3a-c4aa2ad5c12b');
INSERT INTO `craft_matrixblocks` (`id`, `ownerId`, `fieldId`, `typeId`, `sortOrder`, `ownerLocale`, `dateCreated`, `dateUpdated`, `uid`) VALUES ('130', '117', '30', '5', '13', NULL, '2015-06-08 22:48:28', '2015-06-08 22:48:28', 'e5ea88d0-758a-45bd-91da-a8af1d7f9dcd');
INSERT INTO `craft_matrixblocks` (`id`, `ownerId`, `fieldId`, `typeId`, `sortOrder`, `ownerLocale`, `dateCreated`, `dateUpdated`, `uid`) VALUES ('131', '117', '30', '5', '14', NULL, '2015-06-08 22:48:28', '2015-06-08 22:48:28', 'eca0b90a-b165-4f6a-876a-6644a008e789');
INSERT INTO `craft_matrixblocks` (`id`, `ownerId`, `fieldId`, `typeId`, `sortOrder`, `ownerLocale`, `dateCreated`, `dateUpdated`, `uid`) VALUES ('132', '117', '30', '5', '15', NULL, '2015-06-08 22:48:28', '2015-06-08 22:48:28', 'ea9e8e32-4211-47d5-b13f-d1d62638c899');
INSERT INTO `craft_matrixblocks` (`id`, `ownerId`, `fieldId`, `typeId`, `sortOrder`, `ownerLocale`, `dateCreated`, `dateUpdated`, `uid`) VALUES ('133', '117', '30', '5', '16', NULL, '2015-06-08 22:48:28', '2015-06-08 22:48:28', '49a26d4d-d16c-4f7f-ac6b-85c36a78fd4a');
INSERT INTO `craft_matrixblocks` (`id`, `ownerId`, `fieldId`, `typeId`, `sortOrder`, `ownerLocale`, `dateCreated`, `dateUpdated`, `uid`) VALUES ('134', '117', '30', '5', '17', NULL, '2015-06-08 22:48:28', '2015-06-08 22:48:28', 'f9fe7211-1c5e-4507-8ffd-bf7e3c830d5c');
INSERT INTO `craft_matrixblocks` (`id`, `ownerId`, `fieldId`, `typeId`, `sortOrder`, `ownerLocale`, `dateCreated`, `dateUpdated`, `uid`) VALUES ('135', '117', '30', '5', '18', NULL, '2015-06-08 22:48:28', '2015-06-08 22:48:28', 'bbfd3c92-7eea-4d0c-879f-82adcacf3665');
INSERT INTO `craft_matrixblocks` (`id`, `ownerId`, `fieldId`, `typeId`, `sortOrder`, `ownerLocale`, `dateCreated`, `dateUpdated`, `uid`) VALUES ('137', '136', '30', '5', '1', NULL, '2015-06-08 22:49:47', '2015-06-08 22:49:47', 'f2002fbb-895f-4f9f-8830-2e593e61ce23');
INSERT INTO `craft_matrixblocks` (`id`, `ownerId`, `fieldId`, `typeId`, `sortOrder`, `ownerLocale`, `dateCreated`, `dateUpdated`, `uid`) VALUES ('138', '136', '30', '5', '2', NULL, '2015-06-08 22:49:47', '2015-06-08 22:49:47', '1cd71e0a-00e8-4e94-8f59-35569133b7d1');
INSERT INTO `craft_matrixblocks` (`id`, `ownerId`, `fieldId`, `typeId`, `sortOrder`, `ownerLocale`, `dateCreated`, `dateUpdated`, `uid`) VALUES ('139', '136', '30', '5', '3', NULL, '2015-06-08 22:49:47', '2015-06-08 22:49:47', '0cf5eeff-006d-40c6-98e5-716850e48bd7');
INSERT INTO `craft_matrixblocks` (`id`, `ownerId`, `fieldId`, `typeId`, `sortOrder`, `ownerLocale`, `dateCreated`, `dateUpdated`, `uid`) VALUES ('141', '140', '30', '5', '1', NULL, '2015-06-08 22:50:52', '2015-06-08 22:50:52', 'fb1e7123-8fd1-4059-b896-ebeb083e99db');
INSERT INTO `craft_matrixblocks` (`id`, `ownerId`, `fieldId`, `typeId`, `sortOrder`, `ownerLocale`, `dateCreated`, `dateUpdated`, `uid`) VALUES ('142', '140', '30', '5', '2', NULL, '2015-06-08 22:50:52', '2015-06-08 22:50:52', 'b73e7803-5bfa-48dc-afdd-be006fd0570b');
INSERT INTO `craft_matrixblocks` (`id`, `ownerId`, `fieldId`, `typeId`, `sortOrder`, `ownerLocale`, `dateCreated`, `dateUpdated`, `uid`) VALUES ('143', '140', '30', '5', '3', NULL, '2015-06-08 22:50:52', '2015-06-08 22:50:52', '3642780b-06dd-4ddd-995f-4b1d2ce1c748');
INSERT INTO `craft_matrixblocks` (`id`, `ownerId`, `fieldId`, `typeId`, `sortOrder`, `ownerLocale`, `dateCreated`, `dateUpdated`, `uid`) VALUES ('144', '140', '30', '5', '4', NULL, '2015-06-08 22:50:52', '2015-06-08 22:50:52', 'f05d029c-75f3-462e-a7df-3acbc35f419b');
INSERT INTO `craft_matrixblocks` (`id`, `ownerId`, `fieldId`, `typeId`, `sortOrder`, `ownerLocale`, `dateCreated`, `dateUpdated`, `uid`) VALUES ('145', '140', '30', '5', '5', NULL, '2015-06-08 22:50:52', '2015-06-08 22:50:52', '8d3af7f5-fc89-481f-836f-97e81db8a3c9');
INSERT INTO `craft_matrixblocks` (`id`, `ownerId`, `fieldId`, `typeId`, `sortOrder`, `ownerLocale`, `dateCreated`, `dateUpdated`, `uid`) VALUES ('147', '146', '30', '5', '1', NULL, '2015-06-08 22:55:01', '2015-06-08 22:55:01', '38e6c65a-834b-46ea-9c2c-c776d82de2eb');
INSERT INTO `craft_matrixblocks` (`id`, `ownerId`, `fieldId`, `typeId`, `sortOrder`, `ownerLocale`, `dateCreated`, `dateUpdated`, `uid`) VALUES ('148', '146', '30', '5', '2', NULL, '2015-06-08 22:55:01', '2015-06-08 22:55:01', '22db73ec-6cbb-4d9f-b16b-34e344c7a554');
INSERT INTO `craft_matrixblocks` (`id`, `ownerId`, `fieldId`, `typeId`, `sortOrder`, `ownerLocale`, `dateCreated`, `dateUpdated`, `uid`) VALUES ('149', '146', '30', '5', '3', NULL, '2015-06-08 22:55:01', '2015-06-08 22:55:01', '98f1fb2c-d22a-46a8-923b-a43d7c6121ee');
INSERT INTO `craft_matrixblocks` (`id`, `ownerId`, `fieldId`, `typeId`, `sortOrder`, `ownerLocale`, `dateCreated`, `dateUpdated`, `uid`) VALUES ('150', '146', '30', '5', '4', NULL, '2015-06-08 22:55:01', '2015-06-08 22:55:01', '95381a3d-5572-48ed-8f09-dc30c7b5ff56');
INSERT INTO `craft_matrixblocks` (`id`, `ownerId`, `fieldId`, `typeId`, `sortOrder`, `ownerLocale`, `dateCreated`, `dateUpdated`, `uid`) VALUES ('151', '146', '30', '5', '5', NULL, '2015-06-08 22:55:01', '2015-06-08 22:55:01', '046d9e3a-d057-4ef5-9299-6177d3e69d88');
INSERT INTO `craft_matrixblocks` (`id`, `ownerId`, `fieldId`, `typeId`, `sortOrder`, `ownerLocale`, `dateCreated`, `dateUpdated`, `uid`) VALUES ('152', '146', '30', '5', '6', NULL, '2015-06-08 22:55:01', '2015-06-08 22:55:01', 'ead0927b-0d49-4cb8-a29a-8af641c3f09f');
INSERT INTO `craft_matrixblocks` (`id`, `ownerId`, `fieldId`, `typeId`, `sortOrder`, `ownerLocale`, `dateCreated`, `dateUpdated`, `uid`) VALUES ('153', '146', '30', '5', '7', NULL, '2015-06-08 22:55:01', '2015-06-08 22:55:01', '733ee931-5c40-4bac-8bd5-09ceb1fa112c');
INSERT INTO `craft_matrixblocks` (`id`, `ownerId`, `fieldId`, `typeId`, `sortOrder`, `ownerLocale`, `dateCreated`, `dateUpdated`, `uid`) VALUES ('154', '146', '30', '5', '8', NULL, '2015-06-08 22:55:01', '2015-06-08 22:55:01', 'e3669945-4aee-4b6b-b9fd-0c90a0350710');
INSERT INTO `craft_matrixblocks` (`id`, `ownerId`, `fieldId`, `typeId`, `sortOrder`, `ownerLocale`, `dateCreated`, `dateUpdated`, `uid`) VALUES ('155', '146', '30', '5', '9', NULL, '2015-06-08 22:55:01', '2015-06-08 22:55:01', 'e6e0865e-b7c3-47fe-a5ec-a469b99dd619');
INSERT INTO `craft_matrixblocks` (`id`, `ownerId`, `fieldId`, `typeId`, `sortOrder`, `ownerLocale`, `dateCreated`, `dateUpdated`, `uid`) VALUES ('156', '146', '30', '5', '10', NULL, '2015-06-08 22:55:01', '2015-06-08 22:55:01', 'b72650ab-f5bd-41ff-86da-3f552aa491c8');
INSERT INTO `craft_matrixblocks` (`id`, `ownerId`, `fieldId`, `typeId`, `sortOrder`, `ownerLocale`, `dateCreated`, `dateUpdated`, `uid`) VALUES ('157', '146', '30', '5', '11', NULL, '2015-06-08 22:55:01', '2015-06-08 22:55:01', 'b9ad645b-7cc9-4201-b9b9-1344897a64ba');
INSERT INTO `craft_matrixblocks` (`id`, `ownerId`, `fieldId`, `typeId`, `sortOrder`, `ownerLocale`, `dateCreated`, `dateUpdated`, `uid`) VALUES ('158', '146', '30', '5', '12', NULL, '2015-06-08 22:55:01', '2015-06-08 22:55:01', 'e071e191-f9ac-4d1a-87e1-6062adcaa546');
INSERT INTO `craft_matrixblocks` (`id`, `ownerId`, `fieldId`, `typeId`, `sortOrder`, `ownerLocale`, `dateCreated`, `dateUpdated`, `uid`) VALUES ('159', '146', '30', '5', '13', NULL, '2015-06-08 22:55:01', '2015-06-08 22:55:01', 'fc64728e-4d41-46d1-bec6-a1695ae7bf47');



DROP TABLE IF EXISTS `craft_matrixblocktypes`;


--
-- Schema for table `craft_matrixblocktypes`
--
CREATE TABLE `craft_matrixblocktypes` (
  `id` int(11) NOT NULL AUTO_INCREMENT,
  `fieldId` int(11) NOT NULL,
  `fieldLayoutId` int(11) DEFAULT NULL,
  `name` varchar(255) COLLATE utf8_unicode_ci NOT NULL,
  `handle` varchar(255) COLLATE utf8_unicode_ci NOT NULL,
  `sortOrder` tinyint(4) DEFAULT NULL,
  `dateCreated` datetime NOT NULL,
  `dateUpdated` datetime NOT NULL,
  `uid` char(36) COLLATE utf8_unicode_ci NOT NULL DEFAULT '0',
  PRIMARY KEY (`id`),
  UNIQUE KEY `craft_matrixblocktypes_name_fieldId_unq_idx` (`name`,`fieldId`),
  UNIQUE KEY `craft_matrixblocktypes_handle_fieldId_unq_idx` (`handle`,`fieldId`),
  KEY `craft_matrixblocktypes_fieldId_fk` (`fieldId`),
  KEY `craft_matrixblocktypes_fieldLayoutId_fk` (`fieldLayoutId`)
) ENGINE=InnoDB AUTO_INCREMENT=6 DEFAULT CHARSET=utf8 COLLATE=utf8_unicode_ci;

--
-- Data for table `craft_matrixblocktypes`
--

INSERT INTO `craft_matrixblocktypes` (`id`, `fieldId`, `fieldLayoutId`, `name`, `handle`, `sortOrder`, `dateCreated`, `dateUpdated`, `uid`) VALUES ('1', '3', '43', 'Location', 'location', '1', '2015-05-26 02:43:34', '2015-05-31 22:54:38', '0d858dd6-5364-45a7-9b82-7b78bb9a93a4');
INSERT INTO `craft_matrixblocktypes` (`id`, `fieldId`, `fieldLayoutId`, `name`, `handle`, `sortOrder`, `dateCreated`, `dateUpdated`, `uid`) VALUES ('2', '20', '50', 'Event', 'event', '1', '2015-06-06 20:53:33', '2015-06-06 23:55:54', '44f4e75e-042a-4698-9e6e-e38f74d77fa0');
INSERT INTO `craft_matrixblocktypes` (`id`, `fieldId`, `fieldLayoutId`, `name`, `handle`, `sortOrder`, `dateCreated`, `dateUpdated`, `uid`) VALUES ('3', '27', '58', 'Q&A', 'qA', '1', '2015-06-07 02:19:33', '2015-06-07 04:03:48', 'a7ec79c2-9957-4443-b782-8b23cda3cf81');
INSERT INTO `craft_matrixblocktypes` (`id`, `fieldId`, `fieldLayoutId`, `name`, `handle`, `sortOrder`, `dateCreated`, `dateUpdated`, `uid`) VALUES ('4', '30', '61', 'Resources Header', 'resourcesHeader', '1', '2015-06-08 21:11:13', '2015-06-08 21:11:32', 'a0ca88a7-ffb2-41c0-b693-e497e57073da');
INSERT INTO `craft_matrixblocktypes` (`id`, `fieldId`, `fieldLayoutId`, `name`, `handle`, `sortOrder`, `dateCreated`, `dateUpdated`, `uid`) VALUES ('5', '30', '62', 'Resource Link', 'resourceLink', '2', '2015-06-08 21:11:13', '2015-06-08 21:11:32', '8d6fe536-bc39-4fd8-b133-356de5a4dcea');



DROP TABLE IF EXISTS `craft_matrixcontent_events`;


--
-- Schema for table `craft_matrixcontent_events`
--
CREATE TABLE `craft_matrixcontent_events` (
  `id` int(11) NOT NULL AUTO_INCREMENT,
  `elementId` int(11) NOT NULL,
  `locale` char(12) COLLATE utf8_unicode_ci NOT NULL,
  `field_event_eventName` text COLLATE utf8_unicode_ci,
  `field_event_description` text COLLATE utf8_unicode_ci,
  `field_event_when` datetime DEFAULT NULL,
  `field_event_signUpLink` text COLLATE utf8_unicode_ci,
  `field_event_photosLink` text COLLATE utf8_unicode_ci,
  `dateCreated` datetime NOT NULL,
  `dateUpdated` datetime NOT NULL,
  `uid` char(36) COLLATE utf8_unicode_ci NOT NULL DEFAULT '0',
  PRIMARY KEY (`id`),
  UNIQUE KEY `craft_matrixcontent_events_elementId_locale_unq_idx` (`elementId`,`locale`),
  KEY `craft_matrixcontent_events_locale_fk` (`locale`)
) ENGINE=InnoDB AUTO_INCREMENT=4 DEFAULT CHARSET=utf8 COLLATE=utf8_unicode_ci;

--
-- Data for table `craft_matrixcontent_events`
--

INSERT INTO `craft_matrixcontent_events` (`id`, `elementId`, `locale`, `field_event_eventName`, `field_event_description`, `field_event_when`, `field_event_signUpLink`, `field_event_photosLink`, `dateCreated`, `dateUpdated`, `uid`) VALUES ('1', '49', 'en_us', 'Mud Gauntlet 2015', '<p>Seriously challenge yourself by running, crawling, sprinting and splashing through the Mud Gauntlet, Broome County\'s premier hardcore outdoor obstacle course!</p>', '2015-04-19 04:00:00', '', 'https://www.facebook.com/media/set/?set=a.1057036687644019.1073741868.194458827235147&type=3', '2015-06-06 21:35:03', '2015-06-07 00:07:32', '9d22d3ce-4dc5-459a-b9c1-e7532208c34e');
INSERT INTO `craft_matrixcontent_events` (`id`, `elementId`, `locale`, `field_event_eventName`, `field_event_description`, `field_event_when`, `field_event_signUpLink`, `field_event_photosLink`, `dateCreated`, `dateUpdated`, `uid`) VALUES ('2', '51', 'en_us', 'AIDS Ride for Life 2015', '<p>A great opportunity to combine a challenging route, beautiful scenery with a chance to make a difference, on one of the best supported rides anywhere. Ride a 100 miles or take it easy with 42 miles.</p>', '2015-09-12 04:00:00', 'http://aidsrideforlife.org/rider/registration', '', '2015-06-06 21:38:54', '2015-06-07 00:07:32', '04eb41f6-0751-4893-8a02-dee19dccc232');
INSERT INTO `craft_matrixcontent_events` (`id`, `elementId`, `locale`, `field_event_eventName`, `field_event_description`, `field_event_when`, `field_event_signUpLink`, `field_event_photosLink`, `dateCreated`, `dateUpdated`, `uid`) VALUES ('3', '53', 'en_us', 'Hot Cross Run 2014', '<p>Calling all fitness heroes! The ringmasters at STAP have thrown down the gauntlet and have devised the perfect trio of tasks to test you and your fitness.</p>', '2014-10-11 04:00:00', 'http://aidsrideforlife.org/rider/registration', 'https://www.facebook.com/media/set/?set=a.939412246073131.1073741856.194458827235147&type=3', '2015-06-06 23:50:48', '2015-06-07 00:07:32', '80e2e65d-5bad-4c8f-8d2d-e4eeaba1ab54');



DROP TABLE IF EXISTS `craft_matrixcontent_faq`;


--
-- Schema for table `craft_matrixcontent_faq`
--
CREATE TABLE `craft_matrixcontent_faq` (
  `id` int(11) NOT NULL AUTO_INCREMENT,
  `elementId` int(11) NOT NULL,
  `locale` char(12) COLLATE utf8_unicode_ci NOT NULL,
  `field_qA_question` text COLLATE utf8_unicode_ci,
  `field_qA_answer` text COLLATE utf8_unicode_ci,
  `dateCreated` datetime NOT NULL,
  `dateUpdated` datetime NOT NULL,
  `uid` char(36) COLLATE utf8_unicode_ci NOT NULL DEFAULT '0',
  PRIMARY KEY (`id`),
  UNIQUE KEY `craft_matrixcontent_faq_elementId_locale_unq_idx` (`elementId`,`locale`),
  KEY `craft_matrixcontent_faq_locale_fk` (`locale`)
) ENGINE=InnoDB AUTO_INCREMENT=29 DEFAULT CHARSET=utf8 COLLATE=utf8_unicode_ci;

--
-- Data for table `craft_matrixcontent_faq`
--

INSERT INTO `craft_matrixcontent_faq` (`id`, `elementId`, `locale`, `field_qA_question`, `field_qA_answer`, `dateCreated`, `dateUpdated`, `uid`) VALUES ('1', '55', 'en_us', 'What does HIV and AIDS stand for?', '<p><strong>HIV </strong>stands for Human Immunodeficiency Virus. It is the virus that attacks the body’s immune system and over time, people become less able to fight off illness and diseases.</p><p><strong>AIDS </strong>stands for Acquired Immune Deficiency Syndrome. AIDS is a condition that results from your body’s weakened immune system as a result of infection with HIV. Doctors make an AIDS diagnosis based on a set of symptoms and conditions identified by the U.S. Centers for Disease Control (CDC). These conditions include: being HIV+ and having a T-Cell (CD4) cell count lower than 200 and/or having had one or more opportunistic infections (these can include: toxoplasmosis, Kaposi\'s sarcoma, and several others).</p>', '2015-06-07 02:44:10', '2015-06-07 02:50:45', '38f5c715-e47d-4cc8-8773-cc5ecc31f04b');
INSERT INTO `craft_matrixcontent_faq` (`id`, `elementId`, `locale`, `field_qA_question`, `field_qA_answer`, `dateCreated`, `dateUpdated`, `uid`) VALUES ('2', '56', 'en_us', 'What are the ways that HIV is transmitted?', '<p>The three most common ways that HIV is transmitted are:<br /></p><ul><li><strong>UNPROTECTED SEX</strong> – That’s having anal, vaginal or oral sex without a condom or other barrier with an HIV infected person and/or</li>\n	<li><strong>SHARING NEEDLES</strong> – That’s sharing intravenous (IV) drug needles, syringes and/or other equipment (works) with an HIV infected person</li>\n	<li><strong>MOTHER TO CHILD</strong> – From HIV-infected woman to babies before or during birth, or through breast feeding</li>\n</ul><p>HIV is not the only infection that you can get from sexual contact. You can also get other sexually transmitted infections (STIs) — such as Chlamydia, HPV, gonorrhea, hepatitis B/C, herpes, intestinal parasites, non-gonococcal urethritis, and syphilis — through unprotected anal, vaginal, and oral sex as well as other sexual practices like rimming.\n</p><p>If you have any of these STIs and do anything sexually that can transmit HIV, you\'re also at much greater risk of actually getting HIV. In fact, having one of these STIs can increase your risk for contracting HIV.\n</p>', '2015-06-07 02:50:45', '2015-06-07 02:50:45', '99c53408-b634-4774-b344-9249afc0e3fe');
INSERT INTO `craft_matrixcontent_faq` (`id`, `elementId`, `locale`, `field_qA_question`, `field_qA_answer`, `dateCreated`, `dateUpdated`, `uid`) VALUES ('3', '57', 'en_us', 'Can I get HIV from casual contact?', '<p><strong>NO!</strong> Shaking hands, hugging, using a toilet, drinking from the same glass, or the sneezing and coughing of an infected person will not put you at risk for contracting HIV. You can only get HIV from intimate contact with specific body fluids from an infected. You can\'t get HIV from day-to-day contact in the workplace, schools, or social settings, and you can\'t get HIV from shaking hands, hugging, or a casual kiss. You also can\'t get infected from a toilet seat, a drinking fountain, a doorknob, dishes, drinking glasses, food, or pets. HIV is not an airborne or food-borne virus and does not live long outside the body.</p>', '2015-06-07 02:50:45', '2015-06-07 02:50:45', 'f0866fe7-5bcd-42aa-9766-e643073eb53b');
INSERT INTO `craft_matrixcontent_faq` (`id`, `elementId`, `locale`, `field_qA_question`, `field_qA_answer`, `dateCreated`, `dateUpdated`, `uid`) VALUES ('4', '58', 'en_us', 'Is there a cure for HIV or AIDS?', '<p>No. There is no cure or vaccine for HIV infection or AIDS. Research scientists in the United States and other countries are actively working towards the development of a cure. To date, no one has ever been able to cure any virus known to mankind, however there are many treatments and medications to help treat HIV.</p>', '2015-06-07 02:50:45', '2015-06-07 02:50:45', '9410e0eb-e017-42d7-918a-8526d35c423f');
INSERT INTO `craft_matrixcontent_faq` (`id`, `elementId`, `locale`, `field_qA_question`, `field_qA_answer`, `dateCreated`, `dateUpdated`, `uid`) VALUES ('5', '59', 'en_us', 'Can I tell if someone is HIV positive just from looking at them?', '<p>No, you can’t. Many of the typical outward symptoms of HIV are not necessarily clear indicators that someone is HIV positive. The only sure way to find out is to ask the guy if he knows his HIV status and hope that they answer honestly. And if they don’t know their status, it\'s probably a good idea to assume they are HIV positive and play safely.</p>', '2015-06-07 02:50:45', '2015-06-07 02:50:45', '092a628e-6712-4a2b-9e99-acc12cfc8392');
INSERT INTO `craft_matrixcontent_faq` (`id`, `elementId`, `locale`, `field_qA_question`, `field_qA_answer`, `dateCreated`, `dateUpdated`, `uid`) VALUES ('6', '60', 'en_us', 'Can I get HIV from anal sex?', '<p>Yes, it is possible for either sex partner to become infected with HIV during anal sex. HIV can be found in the blood, semen, pre-cum, or vaginal fluid of a person infected with the virus. In general, the person being penetrated or receiving the semen is at greater risk of getting HIV because the lining of the rectum is thin and may allow the virus to enter the body during anal sex. However, the person doing the penetrating (or inserting his penis into an infected partner) is also at risk because HIV can enter through the urethra (the piss-slit or opening at the tip of the penis) or through small cuts, abrasions, or open sores on the penis. Having unprotected (without a condom) anal sex is considered to be very risky behavior. If you\'re going to have anal sex, you can reduce the risk of HIV transmission significantly by using a latex or polyurethane condom. Most of the time, condoms work well. However, condoms are more likely to break during anal sex than during vaginal sex. So, even with a condom, anal sex can be risky. You should also be sure to use a water-based lubricant (rather than an oil-based lube) in addition to the condom to reduce the chances of the condom breaking. If you are barebacking, have the insertive partner (top) pull out before ejaculating. Avoid douching (enema) beforehand as this actually puts you at a higher risk for becoming infected with HIV. Douching may wash away helpful or ‘good’ bacteria in the mucous membrane lining your ass as well as reducing your natural lubrication. This increases the friction of being penetrated, which can cause tears in the rectum and anus. It\'s also not good to douche after being penetrated since this could spread the virus around even more. Also, use lots of lube, to make sure that your anus and rectum are as thoroughly lubricated as possible, which also helps to avoid cuts and tears which would make it easier for HIV to get into your body\'s blood stream.</p>', '2015-06-07 02:50:45', '2015-06-07 02:50:45', '67015b9e-225d-4b48-9077-0069933cf18d');
INSERT INTO `craft_matrixcontent_faq` (`id`, `elementId`, `locale`, `field_qA_question`, `field_qA_answer`, `dateCreated`, `dateUpdated`, `uid`) VALUES ('7', '61', 'en_us', 'Can I get HIV from having vaginal sex?', '<p>Yes, it is possible to become infected with HIV through vaginal intercourse. In fact, it is the most common way the virus is transmitted in much of the world. HIV can be found in the blood, semen, pre-cum, or vaginal fluid of a person infected with the virus. The lining of the vagina can tear and possibly allow HIV to enter the body more easily. Direct absorption of HIV through the mucous membranes that line the vagina also is a possibility. Men may be at less risk for HIV transmission than women are through vaginal intercourse. However, HIV can enter the body of the male through his urethra (the piss-slit or opening at the tip of the penis), or through small cuts or open sores on the penis. The risk for HIV infection also increases if you or a partner has a sexually transmitted disease (STI). If you choose to have vaginal intercourse, use a latex condom to help protect both you and your partner from the risk of HIV and other STIs. Studies have shown that latex condoms are very effective, though not perfect, in preventing HIV transmission when used correctly and consistently. If either partner is allergic to latex, plastic (polyurethane) condoms for either the male or female can be used.</p>', '2015-06-07 02:50:45', '2015-06-07 02:50:45', 'cc043e6d-a34a-4800-9288-0f574843de94');
INSERT INTO `craft_matrixcontent_faq` (`id`, `elementId`, `locale`, `field_qA_question`, `field_qA_answer`, `dateCreated`, `dateUpdated`, `uid`) VALUES ('8', '62', 'en_us', 'Can I get HIV from performing oral sex?', '<p>Yes, it is possible for you to become infected with HIV through performing oral sex, but it is considered low to medium risk. There have been a few cases of HIV transmission from performing oral sex on a person infected with HIV. While no one knows exactly what the degree of risk is, evidence suggests that the risk is less than that of unprotected anal or vaginal sex. Blood, semen, pre-cum, and vaginal fluid all may contain the virus. Cells in the mucous lining of the mouth may carry HIV into the lymph nodes or the bloodstream.</p><p>The risk increases if:</p><ul><li>You have cuts or sores around or in your mouth or throat,</li></ul><ul><li>Your partner ejaculates in your mouth, or</li></ul><ul><li>Your partner has another sexually transmitted infection (STI)</li></ul>', '2015-06-07 02:50:45', '2015-06-07 02:50:45', '342a0c18-5c30-4168-89d7-4307577d79bb');
INSERT INTO `craft_matrixcontent_faq` (`id`, `elementId`, `locale`, `field_qA_question`, `field_qA_answer`, `dateCreated`, `dateUpdated`, `uid`) VALUES ('9', '63', 'en_us', 'Can I get HIV from someone performing oral sex on me?', '<p>Yes, it is possible for you to become infected with HIV through receiving oral sex, but it is considered low risk, though no one knows exactly what the degree of risk is. Evidence suggests that the risk is less than that of unprotected anal or vaginal sex. If your partner has HIV, blood from his or her mouth may enter the urethra (the piss-slit, or opening at the tip of the penis), the vagina, the anus, or directly into the body through small cuts or open sores.</p><p><em>If you choose to have oral sex, and your partner is male:</em></p><ul><li>Use a latex condom on the penis; or</li></ul><ul><li>If you or your partner is allergic to latex, use a polyurethane condom. </li><li>If you aren’t going to use a condom, you can reduce your risk of HIV infection by avoiding deep throating, which makes it easier for the slit of your penis to come into contact with the mucous membranes at the back of your partner’s throat, providing a good entry point for HIV to get into the body\'s blood stream.</li></ul><p><em>If you choose to have oral sex, and your partner is female:</em></p><ul><li>Use a latex barrier (such as a dental dam or a cut-open condom that makes a square) between your mouth and the vagina. </li><li>Plastic food wrap also can be used as a barrier. Using a barrier will reduce the risk of blood or vaginal fluids entering your mouth. Research has shown the effectiveness of latex condoms used on the penis to prevent the transmission of HIV. </li><li>Condoms are not risk-free, but they greatly reduce your risk of becoming HIV-infected if your partner has the virus.</li></ul>', '2015-06-07 02:50:45', '2015-06-07 02:50:45', '66e7890d-def9-4782-8890-d6e99e81fa05');
INSERT INTO `craft_matrixcontent_faq` (`id`, `elementId`, `locale`, `field_qA_question`, `field_qA_answer`, `dateCreated`, `dateUpdated`, `uid`) VALUES ('10', '64', 'en_us', 'If you aren’t going to use a condom for oral sex condom, the following are ways to reduce the risk of HIV transmission.', '<ul><li>Don\'t brush or floss your teeth for at least an hour before giving head. You can use a mouthwash, breath mint, or gum instead. This will keep the number of tears and cuts in your mouth to a minimum.</li></ul><ul><li>Try not to eat abrasive foods (like tortilla chips, French bread, pretzels, etc.) for the same reasons.</li></ul><ul><li>In general, it\'s also a good idea to maintain excellent oral hygiene to prevent the possibility of easy tears/cuts in the mouth.</li></ul><ul><li>Avoid getting semen in your mouth; semen contains active HIV. If you do get semen in your mouth, as the saying goes: ‘Swallow or spit, just don’t let it sit.’ The longer semen is in your mouth, the more potential for HIV to find an entry point into your body.</li></ul><ul><li>Avoid deep throating since this can cause abrasions in the throat. Precum and semen can come into contact with these abrasions, creating an effective entry point for HIV infection</li></ul>', '2015-06-07 02:50:45', '2015-06-07 02:50:45', '1fc6ad2d-d0e5-4d0a-9bed-3bb92d3420e1');
INSERT INTO `craft_matrixcontent_faq` (`id`, `elementId`, `locale`, `field_qA_question`, `field_qA_answer`, `dateCreated`, `dateUpdated`, `uid`) VALUES ('11', '65', 'en_us', 'If someone is HIV positive, but has an undetectable viral load, is it ‘safe’ to perform oral sex without a condom?', '<p>An undetectable viral load is only a measure of the HIV levels in a blood sample, but there is still no sure way to know or average how much HIV virus there is in semen or pre-cum since it varies from man to man.</p>', '2015-06-07 02:50:45', '2015-06-07 02:50:45', 'd728c15a-98ae-407b-ac0e-1672e534f01f');
INSERT INTO `craft_matrixcontent_faq` (`id`, `elementId`, `locale`, `field_qA_question`, `field_qA_answer`, `dateCreated`, `dateUpdated`, `uid`) VALUES ('12', '66', 'en_us', 'Can I get HIV from kissing on the cheek, open-mouth or deep kissing (‘swapping saliva’)?', '<p>HIV is not casually transmitted, so kissing on the cheek is very safe. Even if the other person has the virus, your unbroken skin is a good barrier. No one has become infected from such ordinary social contact as dry kisses, hugs, and handshakes. Open-mouth kissing is considered a very low-risk activity for the transmission of HIV because the amount of HIV in saliva is very small and relatively inactive. However, prolonged open-mouth kissing could damage the mouth or lips which would then allow HIV to pass from an infected person to a partner and then enter the body through cuts or sores in the mouth.</p>', '2015-06-07 02:50:45', '2015-06-07 02:50:45', '22c66ee3-c5ea-4c6f-bc8b-aaa167fd7ea6');
INSERT INTO `craft_matrixcontent_faq` (`id`, `elementId`, `locale`, `field_qA_question`, `field_qA_answer`, `dateCreated`, `dateUpdated`, `uid`) VALUES ('13', '68', 'en_us', 'How can I reduce my risk from getting HIV and other STIs?', '<p>The following practices can help reduce your risk of becoming infected with HIV or other STIs…</p><ul><li>Keep semen and blood (including blood from piercing, shaving, or menstruation) out of the mouth, anus, or vagina and away from other mucous membranes (like the eyes or nose) and any cuts/breaks in the skin.</li></ul><ul><li>Use latex or polyurethane condoms for oral, anal and vaginal sex, and pull out of your partner before ejaculation for added safety.</li></ul><ul><li>Use only water-based or silicone-based lubricants with latex condoms. Oil based lubes like Crisco, Vaseline, baby oil, hand creams, etc., can cause latex to break. If you must use oil-based lubricants, use polyurethane condoms since these are safe to use with oil.</li></ul><ul><li>If you are barebacking (unprotected anal sex), the insertive partner (top) should pull out before ejaculating. Avoid douching or using an enema beforehand as this actually puts you at a higher risk for becoming infected with HIV. Douching may wash away helpful or ‘good’ bacteria in the mucous membrane lining your rectum as well as reducing your natural lubrication. This increases the friction during anal penetration, which can cause tears in the rectum and anus. It\'s also not good to douche after anal penetration since this could spread the virus around even more. Also, use lots of lube, to make sure that your anus and rectum are as thoroughly lubricated as possible, which also helps to avoid cuts and tears which make it easier for HIV to get into your body\'s blood stream.</li></ul><ul><li>Use a condom during oral sex even if your partner does not ejaculate in your mouth. HIV from semen or pre-cum could enter the blood stream through cuts or sores in your mouth. If you don\'t like the taste of plain latex, try flavored condoms—they can turn oral sex into a whole new experience for both you and your partner.</li></ul><ul><li>Use dental dams, latex squares, cut-open condoms, or saran wrap for mouth to anus contact (rimming) or performing oral sex on a woman.</li></ul><ul><li>Use latex gloves or finger cots for fingering, especially if you have any cuts or sores on your hands.</li></ul><ul><li>Don\'t brush or floss your teeth for at least an hour before kissing or performing oral sex. You can use a mouthwash, breath mint, or gum instead. This will keep the number of tears and cuts in your mouth to a minimum. Try not to eat abrasive foods (tortilla chips, French bread, pretzels, etc.) for the same reasons. You should also try to be aware of whether or not you have any cuts or sores in your mouth. In general, it\'s a good idea to maintain excellent oral hygiene to prevent the possibility of having any easy tears/cuts in your mouth.</li></ul><ul><li>Avoid getting semen in your mouth; semen contains HIV. If you do get semen in your mouth, as the saying goes: ‘Swallow or spit, just don’t let it sit.’ The longer semen stays in your mouth, the more potential for HIV to find an entry point into your body. Also, avoid deep-throating since this can cause abrasions in your throat. Precum and semen can come into contact with these abrasions, creating an effective entry point for HIV infection.</li></ul><ul><li>Don\'t share sex toys. Use condoms on dildos or vibrators, and/or clean them with soap and water or in hydrogen peroxide after use.</li></ul><ul><li>Alcohol and other drugs can impair your judgment and put you at risk for HIV infection or, if you already have HIV, for transmitting it to others. Many people have trouble keeping to their commitments to safe/healthy sexual behaviors after getting high.</li></ul><ul><li>Massage, hugging, masturbation (solo or with others), and other activities that don\'t let blood or semen into your bloodstream are always safe.</li></ul>', '2015-06-07 03:45:33', '2015-06-07 03:45:33', '36e5c0df-c79d-42e3-9bc8-d8554b7b1ddf');
INSERT INTO `craft_matrixcontent_faq` (`id`, `elementId`, `locale`, `field_qA_question`, `field_qA_answer`, `dateCreated`, `dateUpdated`, `uid`) VALUES ('14', '69', 'en_us', 'Can I get HIV from getting a tattoo or through body piercing?', '<p>A risk of HIV transmission does exist if instruments contaminated with blood are not sterilized or disinfected, or if they are shared inappropriately between clients.</p><p>CDC recommends that instruments that are intended to penetrate the skin be used once, then disposed of or thoroughly cleaned and sterilized.</p><p>Personal service workers who do tattooing or body piercing should be educated about how HIV is transmitted and take precautions to prevent transmission of HIV and other blood-borne infections in their settings. If you are considering getting a tattoo or having your body pierced, ask staff at the establishment what procedures they use to prevent the spread of HIV and other blood-borne infections, such as hepatitis B virus.</p><p>You also may call the local health department to find out what sterilization procedures are in place in the local area for these types of establishments.</p>', '2015-06-07 03:45:33', '2015-06-07 03:45:33', 'd34ab49d-b4af-4113-8782-cd3b92b36487');
INSERT INTO `craft_matrixcontent_faq` (`id`, `elementId`, `locale`, `field_qA_question`, `field_qA_answer`, `dateCreated`, `dateUpdated`, `uid`) VALUES ('15', '71', 'en_us', 'How effective are latex condoms in preventing HIV?', '<p>Studies have shown that latex condoms are highly effective in preventing HIV transmission when used consistently and correctly. These studies looked at uninfected people considered to be at very high risk of infection because they were involved in sexual relationships with HIV-infected people. The studies found that even with repeated sexual contact, 98-100% of those people who used latex condoms correctly and consistently did not become infected with HIV.</p>', '2015-06-07 03:49:52', '2015-06-07 03:49:52', '79b54075-84df-4cfc-83ca-5bce1aedd97f');
INSERT INTO `craft_matrixcontent_faq` (`id`, `elementId`, `locale`, `field_qA_question`, `field_qA_answer`, `dateCreated`, `dateUpdated`, `uid`) VALUES ('16', '72', 'en_us', 'I\'m allergic to latex (and/or my partner is). What brands of polyurethane condoms are available as an alternative?', '<p>There are currently several available brands of polyurethane condoms that can be used as alternatives to latex condoms.</p><p>1) The Female Condom (f2): The first condom designed to be worn by women for vaginal sex: it\'s also easily used by men for anal sex. Made of soft polyurethane, this product actually offers more protection against pregnancy and disease because it covers more area and is compatible with water-, silicon-, and oil-based lubricants.</p><p>2) Avanti Duron Condom: Avanti was the first polyurethane condom. It\'s strong, nonporous, and non-permeable to all viruses and protects against STIs including HIV. It\'s hypoallergenic and thinner than latex, so it can transmit more sensation and warm to the body\'s temperature unlike latex. It\'s safe to use with water-, silicon-, and oil-based lubricants. Because polyurethane isn\'t quite as elastic as latex, the Avanti is slightly larger than the average latex condom.</p><p>**For the record, Consumer Reports and the FDA have both reported that the Avanti breaks more readily than a latex condom, and are recommending them exclusively for those with latex allergies.**</p><p>3) Trojan Supra Condom: The Supra is made from a medical-grade, advanced material called Microsheer, it\'s ultra-thin, strong, and clear (almost invisible), and has no latex allergens. It\'s compatible with water-,silicon-, and oil-based lubricants, has no taste or smell, and can transmit body heat, unlike latex. Supras are also quite a bit larger than the average condom.</p><p>4) LifeStyles Skyn condom: This condom is made from a technologically advanced material called Polyisoprene, which is thin, strong and clear, with no latex allergens. It is compatible with water-based and silicone-based lubricants. These are approximately the same size as a standard condom.</p><p><strong>DO NOT use lambskin condoms; they do not prevent transmission of HIV.</strong></p>', '2015-06-07 03:49:52', '2015-06-07 03:49:52', 'b5fa5c93-cec0-4a1f-b794-4e0dcd88e148');
INSERT INTO `craft_matrixcontent_faq` (`id`, `elementId`, `locale`, `field_qA_question`, `field_qA_answer`, `dateCreated`, `dateUpdated`, `uid`) VALUES ('17', '73', 'en_us', 'Is it safe/safer to use two condoms (instead of one) at the same time?', '<p>This is sometimes referred to as \"double bagging.\" It is better to use a single condom at a time. When a single condom is used properly, the resulting safety factor for prevention of HIV transmission increases dramatically. When two condoms are used, there is a much bigger chance of friction between the two latex barriers. Friction (heat) is a condom\'s worst/biggest enemy. Heat contact with latex will increase the chance of breakage. (Hot temperatures, humidity, and even ultraviolet light can contribute to the deterioration of latex condoms.)</p>', '2015-06-07 03:49:52', '2015-06-07 03:49:52', '35fcf122-14f8-43ec-9c7d-f690adfed509');
INSERT INTO `craft_matrixcontent_faq` (`id`, `elementId`, `locale`, `field_qA_question`, `field_qA_answer`, `dateCreated`, `dateUpdated`, `uid`) VALUES ('18', '74', 'en_us', 'Does the spermicide nonoxyl-9 (N-9) help prevent HIV infection?', '<p>No. Recent scientific studies have conclusively proven nonoxyl-9 ineffective in preventing HIV transmission. In fact, it actually appears to increase your chances of becoming infected with HIV. Given the risks and the lack of any preventive benefits, <strong>the use of nonoxyl-9 is no longer recommended </strong>as a preventive measure against HIV transmission/infection.</p>', '2015-06-07 03:49:52', '2015-06-07 03:49:52', 'b177957b-5d65-4909-9f7a-baecfa07a84b');
INSERT INTO `craft_matrixcontent_faq` (`id`, `elementId`, `locale`, `field_qA_question`, `field_qA_answer`, `dateCreated`, `dateUpdated`, `uid`) VALUES ('19', '75', 'en_us', 'What kinds of lubricants should I use?', '<p>It is always safe to use <strong>water-based </strong>lubricants and <strong>silicone-based </strong>lubricants with latex condoms. The lubrication heightens the sexual experience and, if you put a few drops of lube inside the tip of the condom, you\'ll have better stimulation along with added safety.</p><p>It is NEVER safe to use oil-based lubricants (skin lotions, baby oil, Vaseline, Crisco, cold cream, or even whipped cream) with latex condoms because oil dramatically weakens latex and definitely increases the chances of condom failure/breakage. For example, mineral oil is a common ingredient in many lotions. According to the CDC, within as little as 60 seconds of exposure, a 90% decrease in latex strength will occur in a condom when using an oil based lubricant. To demonstrate this phenomenon, blow up a latex condom, place a dab of oil or lotion on it, and watch it explode. The moral of the story? Don’t use oil on latex!</p><p>Only polyurethane condoms can safely be used with oil-based lubricants, so if you must use an oil-based lubricant, please use only polyurethane condoms. Polyurethane condoms also work well with water-based and silicone-based lubricants.</p>', '2015-06-07 03:49:52', '2015-06-07 03:49:52', 'b93943f4-2696-43ed-818b-1146f53098e9');
INSERT INTO `craft_matrixcontent_faq` (`id`, `elementId`, `locale`, `field_qA_question`, `field_qA_answer`, `dateCreated`, `dateUpdated`, `uid`) VALUES ('20', '77', 'en_us', 'What is Post Exposure Prophylaxis (PEP)?', '<p>There are many ways to prevent HIV infection. Two of the most common are the use of condoms or dental dams, and not sharing needles when injecting drugs. Unfortunately, things don\'t always work out as planned. Accidents happen. Sometimes having unprotected sex wasn\'t a decision we made, but happened as a result of sexual assault. Other times we decide to have unprotected sex and then worry about it afterwards.</p><p>For these events, there is an option called PEP (Post Exposure Prophylaxis). PEP is the use of medications to reduce the chances of HIV infection after a person may have been exposed to the virus. A high-risk exposure includes unprotected anal or vaginal sex or needle exposure with someone who is HIV infected or someone of unknown status. Unprotected oral sex is lower risk for HIV infection. PEP is usually not given to people who had unprotected oral sex but you can talk to you doctor about whether it is right for you.<br /></p><p><em>This therapy should NEVER be routine. It is a complicated medical therapy that should be attempted only in urgent situations.</em></p>', '2015-06-07 03:55:40', '2015-06-07 03:55:40', '9c61d40b-c4d4-423d-9dfd-f8fbf7c11503');
INSERT INTO `craft_matrixcontent_faq` (`id`, `elementId`, `locale`, `field_qA_question`, `field_qA_answer`, `dateCreated`, `dateUpdated`, `uid`) VALUES ('21', '78', 'en_us', 'Should I Take PEP?', '<p>If you are considering PEP, realize that potential benefits have to be weighed against the significant costs and health risks. You might be anxious about the experience that put you at risk for HIV. While some researchers believe PEP may help prevent HIV infection, this has not been proven and its use is currently being evaluated.</p>', '2015-06-07 03:55:40', '2015-06-07 03:55:40', '3de01970-5522-4cac-b3fd-833de3b0627c');
INSERT INTO `craft_matrixcontent_faq` (`id`, `elementId`, `locale`, `field_qA_question`, `field_qA_answer`, `dateCreated`, `dateUpdated`, `uid`) VALUES ('22', '79', 'en_us', 'What are the possible side effects?', '<p>These medications can have severe side effects such as nausea, headaches, weight loss, dehydration and vomiting. Current recommendations for PEP treatments include a combination of a 2-3 antiretroviral therapy for a period of 28 days. The program requires a commitment to taking medications daily. The therapy may not be effective for everyone. If a person becomes infected with HIV, there is a risk that the virus will be difficult to treat because it may develop resistance to the PEP medications.</p>', '2015-06-07 03:55:40', '2015-06-07 03:55:40', '1f025a8d-993d-4a43-8e65-f16185e62abc');
INSERT INTO `craft_matrixcontent_faq` (`id`, `elementId`, `locale`, `field_qA_question`, `field_qA_answer`, `dateCreated`, `dateUpdated`, `uid`) VALUES ('23', '80', 'en_us', 'How do I get PEP?', '<p>If you have had a high-risk exposure within the past 72 hours, call your medical provider and ask to speak to a doctor about PEP. You can also visit the local emergency rooms. Each hospital emergency room has a protocol in place for PEP.<br /></p><p><strong><em>Please note that medication is best started as soon as possible, and no later than 72 hours after an exposure from unprotected anal or vaginal sex or from sharing needles.</em></strong></p>', '2015-06-07 03:55:40', '2015-06-07 03:55:40', 'bc27c4c6-6bb1-48bb-bd47-6a1e35c8a6e9');
INSERT INTO `craft_matrixcontent_faq` (`id`, `elementId`, `locale`, `field_qA_question`, `field_qA_answer`, `dateCreated`, `dateUpdated`, `uid`) VALUES ('24', '82', 'en_us', 'I\'m HIV positive. Where can I get information about treatments?', '<p>The CDC recommends that you be in the care of a doctor or medical service, ideally one with experience treating people living with HIV. Your doctor can provide you with relevant information and guidance. You can also contact STAP for more information.</p>', '2015-06-07 03:56:41', '2015-06-07 03:56:41', 'ac21dc1a-e081-4cb6-8aba-3ed1ab58d1da');
INSERT INTO `craft_matrixcontent_faq` (`id`, `elementId`, `locale`, `field_qA_question`, `field_qA_answer`, `dateCreated`, `dateUpdated`, `uid`) VALUES ('25', '83', 'en_us', 'Can HIV-positive people become re-infected?', '<p>The short, simple answer is yes, because there are different strains of the virus. Therefore, it is possible for someone who\'s HIV positive to become infected with multiple and more virulent strains of HIV. This is one of the reasons that medical providers will encourage couples who are both HIV+ to still use condoms. </p>', '2015-06-07 03:56:41', '2015-06-07 03:56:41', 'ca51335f-e154-46fc-9260-7483d9e16062');
INSERT INTO `craft_matrixcontent_faq` (`id`, `elementId`, `locale`, `field_qA_question`, `field_qA_answer`, `dateCreated`, `dateUpdated`, `uid`) VALUES ('26', '85', 'en_us', 'Is there a connection between HIV and other sexually transmitted infections (STIs)?', '<p>Yes. Having an STI can increase a person\'s risk of becoming infected with HIV, whether the STI causes open sores or breaks in the skin (e.g., syphilis, herpes, chancroid), or does not cause breaks in the skin (e.g., Chlamydia, gonorrhea). If the STI infection causes irritation of the skin, breaks or sores may make it easier for HIV to enter the body during sexual contact. Even when the STI causes no breaks or open sores, the infection can stimulate an immune response in the genital area that can make HIV transmission more likely. In addition, if an HIV-infected person is also infected with another STI, that person is three to five times more likely than other HIV-infected persons (who don\'t have an STI) to transmit HIV through sexual contact. For those are sexually active, the following HIV prevention activities are highly effective:</p><ul><li>Engaging in sex that does not involve vaginal, anal, or oral sex;</li><li>Having intercourse with only one uninfected partner; or</li><li>Using latex or polyurethane condoms every time you have sex</li></ul>', '2015-06-07 04:03:33', '2015-06-07 04:11:14', '9b11e53c-d6c4-432b-a12f-56ba3f3a9e6e');
INSERT INTO `craft_matrixcontent_faq` (`id`, `elementId`, `locale`, `field_qA_question`, `field_qA_answer`, `dateCreated`, `dateUpdated`, `uid`) VALUES ('27', '86', 'en_us', 'What are the most common symptoms associated with STIs?', '<p>First of all, remember that some sexually transmitted diseases (STIs) cause no symptoms, and when symptoms do occur, they often go unrecognized. <strong>Most people with STIs have no symptoms—none! </strong>So you can be infected and even infect someone else without knowing it. However, there are some common signs to watch for. The symptoms listed below are tricky, as they can show up anywhere from two days to a couple of months after initial exposure to the disease. Sometimes symptoms can show up as much as several years after the initial STI infection.</p><p>If you have any of these symptoms or think you have been exposed to an STI, contact a healthcare provider immediately.</p><p><strong>Take note of any:</strong></p><p>* sores, bumps, or blisters near the mouth or genitals</p><p>* burning or pain during urination or a bowel movement</p><p>* flu-like symptoms including fever, chills, and aches</p><p>* swelling in the groin area</p><p><strong>For women only:</strong></p><p>* unusual odor or discharge from the vagina</p><p>* pelvic pain</p><p>* burning or itching around the vagina</p><p>* unusual bleeding</p><p>* pain during intercourse</p><p>* increased severity of menstrual cramps or abnormal period</p><p><strong>Just for men:</strong></p><p>* discharge from the penis</p><p>* pain in the testicles</p>', '2015-06-07 04:03:33', '2015-06-07 04:11:14', '395eb645-1b91-4ed8-b557-433a44e6beaa');
INSERT INTO `craft_matrixcontent_faq` (`id`, `elementId`, `locale`, `field_qA_question`, `field_qA_answer`, `dateCreated`, `dateUpdated`, `uid`) VALUES ('28', '87', 'en_us', 'Guide to Sexually Transmitted Infections (STI’s)', '<h1>Infection</h1><p><strong>What is it?</strong></p><p><strong>How do I get it?</strong></p><p><strong>How can I tell?</strong></p><p><strong>How do I get rid of it?</strong></p><p><strong>How do I lower my risk?</strong></p><p><strong>Chlamydia</strong></p><p>Bacteria that can infect the urethra (the opening of your penis), throat, anus or testicles</p><p>Oral, vaginal or anal sex without protection</p><p>After 7-14 days, there is a smelly discharge or burning, particularly when urinating, and itching or pain and swelling in the testicles.</p><p>Antibiotics</p><p>Pay attention to any odors. Use condoms for anal and vaginal sex.</p><p><strong>Genital Herpes</strong></p><p>A virus that causes sores on sex organ or mouth.</p><p>Skin to skin contact even when there are no symptoms.</p><p>After 5-21 days, there are small, painful sores that will go away. They may itch, burn, tingle or ooze. Sore reappear later.</p><p>NO Cure. Treatments lessen symptoms and help prevent recurrence.</p><p>Pay attention to outbreaks and sores. Avoid contact as much as possible.</p><p><strong>Genital Warts</strong></p><p><strong>(HPV)</strong></p><p>A virus that infects the sex organs and causes warts or bumps, some very small.</p><p>Contact with warts.</p><p>After many months, small, painless bumps appear on the genitals or anal area.</p><p>NO Cure. Warts are removed through different methods.</p><p>Pay attention to warts around someone’s penis/vagina, anus and genital area.</p><p><strong>Gonorrhea</strong></p><p>Bacteria that can infect the urethra (opening of your penis), throat, anus or testicles.</p><p>Oral, vaginal or anal sex without protection.</p><p>After 3-5 days, there is a smelly discharge or burning, particularly when urinating.</p><p>Antibiotics</p><p>Pay attention to any odors. Use condoms for anal and vaginal sex.</p><p><strong>Hepatitis A</strong></p><p>A virus that causes inflammation of the liver.</p><p>Orally transmitted. Sharing silverware or toothbrushes, eating contaminated food, or oral-to-anal contact with an infected person.</p><p>After 10-50 days, there is fever, abdominal pain, nausea and fatigue.</p><p>NO Cure. May take 6-12 months to resolve and is rarely fatal.</p><p>Get vaccinated. Use a latex barrier for anal and vaginal contact.</p><p><strong>Hepatitis B</strong></p><p>A virus that causes inflammation of the liver. May lead to cancer or cirrhosis.</p><p>Contact with infected blood or bodily fluids, unprotected anal sex or sharing needles with an infected person.</p><p>After 60-90 days, fatigue, loss of appetite, nausea, yellowing of skin and eyes, dark urine.</p><p>NO Cure. Liver infection can become chronic and sometimes be fatal.</p><p>Get vaccinated. Use a latex barrier for anal and vaginal contact.</p><p><strong>Hepatitis C</strong></p><p>A virus that causes a more serious inflammation of the liver and liver failure over time.</p><p>Contact with infected blood or bodily fluids, unprotected anal sex or sharing needles.</p><p>After 60-90 days, fatigue, loss of appetite, nausea, but mostly no symptoms.</p><p>NO Cure or vaccine. High chance of becoming chronic or fatal.</p><p>Don’t share needles. Use a condom for anal and vaginal sex.</p><p><strong>HIV</strong></p><p>A virus that attacks the immune system.</p><p>Unprotected anal and vaginal sex, sharing needles.</p><p>Get an HIV test. During the first weeks: flu-like symptoms, fever, night sweats, weight loss, sore/swollen lymph nodes occur. After some years, people may develop illnesses, infections, and cancers (AIDS diagnosis).</p><p>NO Cure or vaccine. HIV treatments help many people with HIV/AIDS to live longer and healthier lives.</p><p>Don’t share needles. Use a condom for anal and vaginal sex.</p><p><strong>Lympho-granuloma</strong></p><p><strong>venereum</strong></p><p>A bacterial infection that can cause ulcers on the penis or anus.</p><p>Anal or oral sex – unprotected anal intercourse is a common risk factor.</p><p>Within 30 days, pimple or blister turns into ulcer. Painful lymph nodes, anal discharge, bloody diarrhea.</p><p>Three weeks of uninterrupted antibiotics.</p><p>Use a condom for anal and vaginal sex. Pay attention to any open sores.</p><p><strong>Syphilis</strong></p><p>A bacteria that causes a chancre sore on butt, penis or mouth. Untreated, it spreads throughout the body.</p><p>Oral or anal sex without protection. Contact with sores.</p><p>After 3 weeks, sores on genitals or mouth rash, swollen glands and fever.</p><p>Antibiotics</p><p>Use a condom for anal and vaginal sex. Pay attention to any open sores.</p><p>***It is important to always use a condom properly!***<br /></p><h4>For persons whose sexual behaviors place them at risk for HIV and STI\'s, correct and consistent use of a condom can reduce the risk of HIV and STI transmission. However, no protective method is 100% effective, and condom use cannot guarantee absolute protection against any STI\'s.</h4>', '2015-06-07 04:03:33', '2015-06-07 04:11:14', '1ffe072a-58a3-4e0a-b8fa-41c64a4e3d14');



DROP TABLE IF EXISTS `craft_matrixcontent_resourcelinks`;


--
-- Schema for table `craft_matrixcontent_resourcelinks`
--
CREATE TABLE `craft_matrixcontent_resourcelinks` (
  `id` int(11) NOT NULL AUTO_INCREMENT,
  `elementId` int(11) NOT NULL,
  `locale` char(12) COLLATE utf8_unicode_ci NOT NULL,
  `field_resourcesHeader_resourceTitle` text COLLATE utf8_unicode_ci,
  `field_resourceLink_linkText` text COLLATE utf8_unicode_ci,
  `field_resourceLink_linkUrl` text COLLATE utf8_unicode_ci,
  `field_resourceLink_description` text COLLATE utf8_unicode_ci,
  `dateCreated` datetime NOT NULL,
  `dateUpdated` datetime NOT NULL,
  `uid` char(36) COLLATE utf8_unicode_ci NOT NULL DEFAULT '0',
  PRIMARY KEY (`id`),
  UNIQUE KEY `craft_matrixcontent_resourcelinks_elementId_locale_unq_idx` (`elementId`,`locale`),
  KEY `craft_matrixcontent_resourcelinks_locale_idx` (`locale`)
) ENGINE=InnoDB AUTO_INCREMENT=67 DEFAULT CHARSET=utf8 COLLATE=utf8_unicode_ci;

--
-- Data for table `craft_matrixcontent_resourcelinks`
--

INSERT INTO `craft_matrixcontent_resourcelinks` (`id`, `elementId`, `locale`, `field_resourcesHeader_resourceTitle`, `field_resourceLink_linkText`, `field_resourceLink_linkUrl`, `field_resourceLink_description`, `dateCreated`, `dateUpdated`, `uid`) VALUES ('1', '89', 'en_us', 'FAQ\'s & Glossaries', NULL, NULL, NULL, '2015-06-08 22:11:37', '2015-06-08 22:11:37', 'debda20e-05c9-4046-bd50-336c81dfeb34');
INSERT INTO `craft_matrixcontent_resourcelinks` (`id`, `elementId`, `locale`, `field_resourcesHeader_resourceTitle`, `field_resourceLink_linkText`, `field_resourceLink_linkUrl`, `field_resourceLink_description`, `dateCreated`, `dateUpdated`, `uid`) VALUES ('2', '90', 'en_us', NULL, 'AIDS Treatment News', 'http://www.aids.org/index.html', '', '2015-06-08 22:11:37', '2015-06-08 22:11:37', 'e5f16648-b089-4383-b962-08a5bc203900');
INSERT INTO `craft_matrixcontent_resourcelinks` (`id`, `elementId`, `locale`, `field_resourcesHeader_resourceTitle`, `field_resourceLink_linkText`, `field_resourceLink_linkUrl`, `field_resourceLink_description`, `dateCreated`, `dateUpdated`, `uid`) VALUES ('3', '91', 'en_us', NULL, 'Center for Disease Control and STD Prevention', 'http://www.cdc.gov/std/', '', '2015-06-08 22:11:37', '2015-06-08 22:11:37', 'a05f0771-af72-4672-9967-862f2b6acfe3');
INSERT INTO `craft_matrixcontent_resourcelinks` (`id`, `elementId`, `locale`, `field_resourcesHeader_resourceTitle`, `field_resourceLink_linkText`, `field_resourceLink_linkUrl`, `field_resourceLink_description`, `dateCreated`, `dateUpdated`, `uid`) VALUES ('4', '92', 'en_us', NULL, 'National Institute of Allergy and Infectious Diseases', 'http://www.niaid.nih.gov/factsheets/stdinfo.htm', '', '2015-06-08 22:11:37', '2015-06-08 22:11:37', '39ff4926-a3fd-4a16-adf2-c6bb179edb5b');
INSERT INTO `craft_matrixcontent_resourcelinks` (`id`, `elementId`, `locale`, `field_resourcesHeader_resourceTitle`, `field_resourceLink_linkText`, `field_resourceLink_linkUrl`, `field_resourceLink_description`, `dateCreated`, `dateUpdated`, `uid`) VALUES ('5', '93', 'en_us', NULL, 'Engender Health', 'http://www.engenderhealth.org/res/onc/sti/preventing/sti6p4.html', '', '2015-06-08 22:11:37', '2015-06-08 22:11:37', '5d3348c0-d259-4491-be35-326f14e32c8b');
INSERT INTO `craft_matrixcontent_resourcelinks` (`id`, `elementId`, `locale`, `field_resourcesHeader_resourceTitle`, `field_resourceLink_linkText`, `field_resourceLink_linkUrl`, `field_resourceLink_description`, `dateCreated`, `dateUpdated`, `uid`) VALUES ('6', '94', 'en_us', NULL, 'United States Department of Health and Human Services AIDS Info', 'http://aidsinfo.nih.gov/', '', '2015-06-08 22:11:37', '2015-06-08 22:11:37', 'a2b9b3e0-fce5-4988-9cb1-80d2267efd2a');
INSERT INTO `craft_matrixcontent_resourcelinks` (`id`, `elementId`, `locale`, `field_resourcesHeader_resourceTitle`, `field_resourceLink_linkText`, `field_resourceLink_linkUrl`, `field_resourceLink_description`, `dateCreated`, `dateUpdated`, `uid`) VALUES ('7', '95', 'en_us', 'Educational Resources', NULL, NULL, NULL, '2015-06-08 22:11:37', '2015-06-08 22:11:37', 'f4c3b8da-4280-4e31-83f9-31a8363bc6c0');
INSERT INTO `craft_matrixcontent_resourcelinks` (`id`, `elementId`, `locale`, `field_resourcesHeader_resourceTitle`, `field_resourceLink_linkText`, `field_resourceLink_linkUrl`, `field_resourceLink_description`, `dateCreated`, `dateUpdated`, `uid`) VALUES ('8', '96', 'en_us', NULL, 'Survivorship A to Z', 'http://www.survivorshipatoz.org/hiv/', 'Practical information for living successfully after a diagnosis', '2015-06-08 22:11:37', '2015-06-08 22:11:37', '393c65fa-3739-4479-bd62-469e1e0f3428');
INSERT INTO `craft_matrixcontent_resourcelinks` (`id`, `elementId`, `locale`, `field_resourcesHeader_resourceTitle`, `field_resourceLink_linkText`, `field_resourceLink_linkUrl`, `field_resourceLink_description`, `dateCreated`, `dateUpdated`, `uid`) VALUES ('9', '97', 'en_us', NULL, 'Center for AIDS Prevention Studies', 'http://www.caps.ucsf.edu/', 'Useful resources for those working in the area of AIDS prevention and education including evaluation instruments, program ideas, fact sheets and educational tools.', '2015-06-08 22:11:37', '2015-06-08 22:11:37', 'd6bddeea-823f-4ebd-aa8e-3688addddb33');
INSERT INTO `craft_matrixcontent_resourcelinks` (`id`, `elementId`, `locale`, `field_resourcesHeader_resourceTitle`, `field_resourceLink_linkText`, `field_resourceLink_linkUrl`, `field_resourceLink_description`, `dateCreated`, `dateUpdated`, `uid`) VALUES ('10', '98', 'en_us', NULL, 'PERSON', 'http://www.personproject.org/', '(almost) everything you might need to know about LGBT equity organizing', '2015-06-08 22:11:37', '2015-06-08 22:11:37', 'bd208a7a-d49c-43f7-9ef2-e63fd0c919a3');
INSERT INTO `craft_matrixcontent_resourcelinks` (`id`, `elementId`, `locale`, `field_resourcesHeader_resourceTitle`, `field_resourceLink_linkText`, `field_resourceLink_linkUrl`, `field_resourceLink_description`, `dateCreated`, `dateUpdated`, `uid`) VALUES ('11', '99', 'en_us', NULL, 'American Red Cross Disease Prevention Education', 'http://www.redcross.org/services/hss/hivaids/', 'Educational programs for teaching people how to prevent transmission of HIV', '2015-06-08 22:11:37', '2015-06-08 22:11:37', 'cad0d1d2-7716-44e1-994f-b3c569e8e2e7');
INSERT INTO `craft_matrixcontent_resourcelinks` (`id`, `elementId`, `locale`, `field_resourcesHeader_resourceTitle`, `field_resourceLink_linkText`, `field_resourceLink_linkUrl`, `field_resourceLink_description`, `dateCreated`, `dateUpdated`, `uid`) VALUES ('12', '100', 'en_us', NULL, 'CDC National Prevention Information Network', 'http://www.cdcnpin.org/scripts/hiv/index.asp', 'The CDC National Prevention Information Network has information on a wide variety of topics', '2015-06-08 22:11:37', '2015-06-08 22:11:37', 'd749fa54-545d-4583-b592-6895eac10458');
INSERT INTO `craft_matrixcontent_resourcelinks` (`id`, `elementId`, `locale`, `field_resourcesHeader_resourceTitle`, `field_resourceLink_linkText`, `field_resourceLink_linkUrl`, `field_resourceLink_description`, `dateCreated`, `dateUpdated`, `uid`) VALUES ('13', '101', 'en_us', NULL, 'Avert', 'http://www.avert.org/', 'Site focuses on information about education to prevent infection', '2015-06-08 22:11:37', '2015-06-08 22:11:37', 'dddb335f-67a1-4b64-8113-c39707f4c44a');
INSERT INTO `craft_matrixcontent_resourcelinks` (`id`, `elementId`, `locale`, `field_resourcesHeader_resourceTitle`, `field_resourceLink_linkText`, `field_resourceLink_linkUrl`, `field_resourceLink_description`, `dateCreated`, `dateUpdated`, `uid`) VALUES ('14', '102', 'en_us', NULL, 'Masters in Health Care', 'http://www.mastersinhealthcare.com/blog/2012/the-webs-clinical-handbook/', 'The Web\'s Clinical Handbook for Patients, Doctors and Students', '2015-06-08 22:11:37', '2015-06-08 22:11:37', '4f0cb330-f758-402d-866a-028f3054301b');
INSERT INTO `craft_matrixcontent_resourcelinks` (`id`, `elementId`, `locale`, `field_resourcesHeader_resourceTitle`, `field_resourceLink_linkText`, `field_resourceLink_linkUrl`, `field_resourceLink_description`, `dateCreated`, `dateUpdated`, `uid`) VALUES ('15', '103', 'en_us', NULL, 'HIV InSite', 'http://hivinsite.ucsf.edu/', 'Links to Spanish', '2015-06-08 22:11:37', '2015-06-08 22:11:37', '722ea02e-36d4-4622-ad0f-797ddf098fcb');
INSERT INTO `craft_matrixcontent_resourcelinks` (`id`, `elementId`, `locale`, `field_resourcesHeader_resourceTitle`, `field_resourceLink_linkText`, `field_resourceLink_linkUrl`, `field_resourceLink_description`, `dateCreated`, `dateUpdated`, `uid`) VALUES ('16', '104', 'en_us', 'Tobacco Prevention Resources', NULL, NULL, NULL, '2015-06-08 22:11:37', '2015-06-08 22:11:37', 'a4452174-6e5d-4b37-9fb1-32bdd1be4b34');
INSERT INTO `craft_matrixcontent_resourcelinks` (`id`, `elementId`, `locale`, `field_resourcesHeader_resourceTitle`, `field_resourceLink_linkText`, `field_resourceLink_linkUrl`, `field_resourceLink_description`, `dateCreated`, `dateUpdated`, `uid`) VALUES ('17', '105', 'en_us', NULL, '', 'TobaccoFreeBT.org', 'Tobacco Free Broome', '2015-06-08 22:11:37', '2015-06-08 22:11:37', 'a13aff00-9129-4062-93c0-66c75bf713e5');
INSERT INTO `craft_matrixcontent_resourcelinks` (`id`, `elementId`, `locale`, `field_resourcesHeader_resourceTitle`, `field_resourceLink_linkText`, `field_resourceLink_linkUrl`, `field_resourceLink_description`, `dateCreated`, `dateUpdated`, `uid`) VALUES ('18', '106', 'en_us', NULL, '', 'http://www.tompkins-co.org/wellness/tobaccofree', 'Tobacco Free Tompkins', '2015-06-08 22:11:37', '2015-06-08 22:11:37', '101a32a2-6777-48d9-b337-6b10b9072578');
INSERT INTO `craft_matrixcontent_resourcelinks` (`id`, `elementId`, `locale`, `field_resourcesHeader_resourceTitle`, `field_resourceLink_linkText`, `field_resourceLink_linkUrl`, `field_resourceLink_description`, `dateCreated`, `dateUpdated`, `uid`) VALUES ('19', '108', 'en_us', 'Local Health Departments', NULL, NULL, NULL, '2015-06-08 22:15:25', '2015-06-08 22:15:25', 'e623c3d6-34a7-422d-b6a6-a0deb2ae2166');
INSERT INTO `craft_matrixcontent_resourcelinks` (`id`, `elementId`, `locale`, `field_resourcesHeader_resourceTitle`, `field_resourceLink_linkText`, `field_resourceLink_linkUrl`, `field_resourceLink_description`, `dateCreated`, `dateUpdated`, `uid`) VALUES ('20', '109', 'en_us', NULL, 'Broome County Health Department', 'http://www.gobroomecounty.com/hd', '', '2015-06-08 22:15:25', '2015-06-08 22:15:25', '08165b91-6085-41ab-a882-12dd1ec033a7');
INSERT INTO `craft_matrixcontent_resourcelinks` (`id`, `elementId`, `locale`, `field_resourcesHeader_resourceTitle`, `field_resourceLink_linkText`, `field_resourceLink_linkUrl`, `field_resourceLink_description`, `dateCreated`, `dateUpdated`, `uid`) VALUES ('21', '110', 'en_us', NULL, 'Tompkins County Health Department', 'http://www.co.tompkins.ny.us/health/', '', '2015-06-08 22:15:25', '2015-06-08 22:15:25', 'c1731e19-4878-4c97-9f5b-97e7abda5fae');
INSERT INTO `craft_matrixcontent_resourcelinks` (`id`, `elementId`, `locale`, `field_resourcesHeader_resourceTitle`, `field_resourceLink_linkText`, `field_resourceLink_linkUrl`, `field_resourceLink_description`, `dateCreated`, `dateUpdated`, `uid`) VALUES ('22', '111', 'en_us', 'Regional AIDS Service Organizations', NULL, NULL, NULL, '2015-06-08 22:15:25', '2015-06-08 22:15:25', 'e0f018e8-ae8e-43b4-bdb0-f4f1b1a6f63e');
INSERT INTO `craft_matrixcontent_resourcelinks` (`id`, `elementId`, `locale`, `field_resourcesHeader_resourceTitle`, `field_resourceLink_linkText`, `field_resourceLink_linkUrl`, `field_resourceLink_description`, `dateCreated`, `dateUpdated`, `uid`) VALUES ('23', '112', 'en_us', NULL, 'AIDS Community Resources', 'http://www.aidscommunityresources.com/', 'Syracuse and surrounding regions', '2015-06-08 22:15:26', '2015-06-08 22:15:26', '4d273e2b-33b6-4c9f-817b-38dd5da0675a');
INSERT INTO `craft_matrixcontent_resourcelinks` (`id`, `elementId`, `locale`, `field_resourcesHeader_resourceTitle`, `field_resourceLink_linkText`, `field_resourceLink_linkUrl`, `field_resourceLink_description`, `dateCreated`, `dateUpdated`, `uid`) VALUES ('24', '113', 'en_us', NULL, 'AIDS Rochester', 'http://www.aidsrochester.org/', 'Rochester and surrounding regions', '2015-06-08 22:15:26', '2015-06-08 22:15:26', '1898f375-ddf9-449e-99e4-b84405d4b25f');
INSERT INTO `craft_matrixcontent_resourcelinks` (`id`, `elementId`, `locale`, `field_resourcesHeader_resourceTitle`, `field_resourceLink_linkText`, `field_resourceLink_linkUrl`, `field_resourceLink_description`, `dateCreated`, `dateUpdated`, `uid`) VALUES ('25', '114', 'en_us', NULL, 'AIDS Communtiy Services', 'http://www.aidscommunityservices.com/', 'Buffalo and surrounding regions', '2015-06-08 22:15:26', '2015-06-08 22:15:26', '9dac0831-9020-4f0b-8be0-101c103d285c');
INSERT INTO `craft_matrixcontent_resourcelinks` (`id`, `elementId`, `locale`, `field_resourcesHeader_resourceTitle`, `field_resourceLink_linkText`, `field_resourceLink_linkUrl`, `field_resourceLink_description`, `dateCreated`, `dateUpdated`, `uid`) VALUES ('26', '115', 'en_us', NULL, 'AIDS Council of Northeast New York', 'http://www.aidscouncil.org/', 'Albany and surrounding regions', '2015-06-08 22:15:26', '2015-06-08 22:15:26', 'd35565d0-7f08-41ea-ac85-731377cb81e6');
INSERT INTO `craft_matrixcontent_resourcelinks` (`id`, `elementId`, `locale`, `field_resourcesHeader_resourceTitle`, `field_resourceLink_linkText`, `field_resourceLink_linkUrl`, `field_resourceLink_description`, `dateCreated`, `dateUpdated`, `uid`) VALUES ('27', '116', 'en_us', NULL, 'AIDS Related Communtiy Servcies', 'http://www.arcs.org/', 'Lower Hudson regions', '2015-06-08 22:15:26', '2015-06-08 22:15:26', 'ae7fc147-e0a4-424e-994b-dbca0a973a11');
INSERT INTO `craft_matrixcontent_resourcelinks` (`id`, `elementId`, `locale`, `field_resourcesHeader_resourceTitle`, `field_resourceLink_linkText`, `field_resourceLink_linkUrl`, `field_resourceLink_description`, `dateCreated`, `dateUpdated`, `uid`) VALUES ('28', '118', 'en_us', NULL, 'AEGIS', 'http://www.aegis.com/', 'The largest HIV knowledgebase in the world', '2015-06-08 22:48:28', '2015-06-08 22:48:28', '2696de12-5c03-4420-8ee0-f6b4af179078');
INSERT INTO `craft_matrixcontent_resourcelinks` (`id`, `elementId`, `locale`, `field_resourcesHeader_resourceTitle`, `field_resourceLink_linkText`, `field_resourceLink_linkUrl`, `field_resourceLink_description`, `dateCreated`, `dateUpdated`, `uid`) VALUES ('29', '119', 'en_us', NULL, 'National Library of Medicine HIV/AIDS Information', 'http://sis.nlm.nih.gov/HIV/HIVMain.html', '', '2015-06-08 22:48:28', '2015-06-08 22:48:28', '1175f5ad-5b0a-43e6-84eb-5f1e64cce0a5');
INSERT INTO `craft_matrixcontent_resourcelinks` (`id`, `elementId`, `locale`, `field_resourcesHeader_resourceTitle`, `field_resourceLink_linkText`, `field_resourceLink_linkUrl`, `field_resourceLink_description`, `dateCreated`, `dateUpdated`, `uid`) VALUES ('30', '120', 'en_us', NULL, 'American Social Health Association', 'http://www.ashastd.org/', '', '2015-06-08 22:48:28', '2015-06-08 22:48:28', '6bb6fb5b-ed48-4238-8eab-f621b6bff5ba');
INSERT INTO `craft_matrixcontent_resourcelinks` (`id`, `elementId`, `locale`, `field_resourcesHeader_resourceTitle`, `field_resourceLink_linkText`, `field_resourceLink_linkUrl`, `field_resourceLink_description`, `dateCreated`, `dateUpdated`, `uid`) VALUES ('31', '121', 'en_us', NULL, 'YAHOO! Health: Diseases and Conditions: AIDS', 'http://dir.yahoo.com/Health/Diseases_and_Conditions/AIDS_HIV/', '', '2015-06-08 22:48:28', '2015-06-08 22:48:28', '3978487c-eac3-472f-8524-c838fd36baec');
INSERT INTO `craft_matrixcontent_resourcelinks` (`id`, `elementId`, `locale`, `field_resourcesHeader_resourceTitle`, `field_resourceLink_linkText`, `field_resourceLink_linkUrl`, `field_resourceLink_description`, `dateCreated`, `dateUpdated`, `uid`) VALUES ('32', '122', 'en_us', NULL, 'The Body', 'http://www.thebody.com/', 'An AIDS and HIV Information Resource', '2015-06-08 22:48:28', '2015-06-08 22:48:28', '3d50afa3-fcd1-418e-aa23-f14d725f50e5');
INSERT INTO `craft_matrixcontent_resourcelinks` (`id`, `elementId`, `locale`, `field_resourcesHeader_resourceTitle`, `field_resourceLink_linkText`, `field_resourceLink_linkUrl`, `field_resourceLink_description`, `dateCreated`, `dateUpdated`, `uid`) VALUES ('33', '123', 'en_us', NULL, 'AIDS Info', 'http://www.aidsinfo.nih.gov/', 'HIV/AIDS Treatment Information Service', '2015-06-08 22:48:28', '2015-06-08 22:48:28', '87de7e61-2b7c-4c66-a2c3-4c094887a27f');
INSERT INTO `craft_matrixcontent_resourcelinks` (`id`, `elementId`, `locale`, `field_resourcesHeader_resourceTitle`, `field_resourceLink_linkText`, `field_resourceLink_linkUrl`, `field_resourceLink_description`, `dateCreated`, `dateUpdated`, `uid`) VALUES ('34', '124', 'en_us', NULL, 'HIV InSite', 'http://hivinsite.ucsf.edu/', 'Provides information on medical, prevention, and social issues and includes links to Spanish language HIV/AIDS resources', '2015-06-08 22:48:28', '2015-06-08 22:48:28', '538755c4-23c2-4477-a797-01fc387d4bd7');
INSERT INTO `craft_matrixcontent_resourcelinks` (`id`, `elementId`, `locale`, `field_resourcesHeader_resourceTitle`, `field_resourceLink_linkText`, `field_resourceLink_linkUrl`, `field_resourceLink_description`, `dateCreated`, `dateUpdated`, `uid`) VALUES ('35', '125', 'en_us', NULL, 'AIDS Infonet', 'http://www.aidsinfonet.org/', '', '2015-06-08 22:48:28', '2015-06-08 22:48:28', 'dd1c3431-c049-4047-b453-8b9bd3f5632b');
INSERT INTO `craft_matrixcontent_resourcelinks` (`id`, `elementId`, `locale`, `field_resourcesHeader_resourceTitle`, `field_resourceLink_linkText`, `field_resourceLink_linkUrl`, `field_resourceLink_description`, `dateCreated`, `dateUpdated`, `uid`) VALUES ('36', '126', 'en_us', NULL, 'AIDS Map', 'http://www.aidsmap.com/', 'International HIV and AIDS Information', '2015-06-08 22:48:28', '2015-06-08 22:48:28', '8dfe2125-7264-4401-bbf1-45784d0220e2');
INSERT INTO `craft_matrixcontent_resourcelinks` (`id`, `elementId`, `locale`, `field_resourcesHeader_resourceTitle`, `field_resourceLink_linkText`, `field_resourceLink_linkUrl`, `field_resourceLink_description`, `dateCreated`, `dateUpdated`, `uid`) VALUES ('37', '127', 'en_us', NULL, 'AIDS Meds', 'http://www.aidsmeds.com/', 'AIDS Treatment Information', '2015-06-08 22:48:28', '2015-06-08 22:48:28', 'b0477320-82b8-423a-b4e2-ccc340183441');
INSERT INTO `craft_matrixcontent_resourcelinks` (`id`, `elementId`, `locale`, `field_resourcesHeader_resourceTitle`, `field_resourceLink_linkText`, `field_resourceLink_linkUrl`, `field_resourceLink_description`, `dateCreated`, `dateUpdated`, `uid`) VALUES ('38', '128', 'en_us', NULL, 'CDC National Prevention Information Network', 'http://www.cdcnpin.org/scripts/hiv/index.asp', 'The CDC National Prevention Information Network has information on a wide variety of topics', '2015-06-08 22:48:28', '2015-06-08 22:48:28', 'bca334b2-42a3-4dc9-a0e4-1ad074129825');
INSERT INTO `craft_matrixcontent_resourcelinks` (`id`, `elementId`, `locale`, `field_resourcesHeader_resourceTitle`, `field_resourceLink_linkText`, `field_resourceLink_linkUrl`, `field_resourceLink_description`, `dateCreated`, `dateUpdated`, `uid`) VALUES ('39', '129', 'en_us', NULL, 'PubMed', 'http://www.ncbi.nlm.nih.gov/PubMed', 'NLM\'s search service to access the 9 million citations in', '2015-06-08 22:48:28', '2015-06-08 22:48:28', 'd7303c36-4340-40ec-ba3f-17d39906d4a4');
INSERT INTO `craft_matrixcontent_resourcelinks` (`id`, `elementId`, `locale`, `field_resourcesHeader_resourceTitle`, `field_resourceLink_linkText`, `field_resourceLink_linkUrl`, `field_resourceLink_description`, `dateCreated`, `dateUpdated`, `uid`) VALUES ('40', '130', 'en_us', NULL, 'CHID', 'http://chid.nih.gov/', 'The Combined Health Information Database provides bibliographic information to health promotion and education materials and program descriptions', '2015-06-08 22:48:28', '2015-06-08 22:48:28', 'd35153c8-f334-4281-84c7-c50833c3b22d');
INSERT INTO `craft_matrixcontent_resourcelinks` (`id`, `elementId`, `locale`, `field_resourcesHeader_resourceTitle`, `field_resourceLink_linkText`, `field_resourceLink_linkUrl`, `field_resourceLink_description`, `dateCreated`, `dateUpdated`, `uid`) VALUES ('41', '131', 'en_us', NULL, 'US Census Bureaus HIV/AIDS Surveillance Database', 'http://www.census.gov/ipc/www/hivaidsn.html', 'A compilation', '2015-06-08 22:48:28', '2015-06-08 22:48:28', '10e1b998-a459-40f7-a86f-824499260d68');
INSERT INTO `craft_matrixcontent_resourcelinks` (`id`, `elementId`, `locale`, `field_resourcesHeader_resourceTitle`, `field_resourceLink_linkText`, `field_resourceLink_linkUrl`, `field_resourceLink_description`, `dateCreated`, `dateUpdated`, `uid`) VALUES ('42', '132', 'en_us', NULL, 'UNAIDS', 'http://www.unaids.org/en/default.asp', '', '2015-06-08 22:48:28', '2015-06-08 22:48:28', 'c9d6d819-5912-4c0c-b4bf-4ff3860d82e3');
INSERT INTO `craft_matrixcontent_resourcelinks` (`id`, `elementId`, `locale`, `field_resourcesHeader_resourceTitle`, `field_resourceLink_linkText`, `field_resourceLink_linkUrl`, `field_resourceLink_description`, `dateCreated`, `dateUpdated`, `uid`) VALUES ('43', '133', 'en_us', NULL, 'Western New York Law Center', 'http://www.wnylc.net/web/news/XcNewsPlus.asp', 'Recent news articles, welfare law,', '2015-06-08 22:48:28', '2015-06-08 22:48:28', '95f3af15-7f25-4d08-9a9f-aa246000ddaf');
INSERT INTO `craft_matrixcontent_resourcelinks` (`id`, `elementId`, `locale`, `field_resourcesHeader_resourceTitle`, `field_resourceLink_linkText`, `field_resourceLink_linkUrl`, `field_resourceLink_description`, `dateCreated`, `dateUpdated`, `uid`) VALUES ('44', '134', 'en_us', NULL, 'Herpes', 'http://www.genitalherpes.com/', '', '2015-06-08 22:48:28', '2015-06-08 22:48:28', '4059f491-001b-49d6-907c-e59bb1d3b36d');
INSERT INTO `craft_matrixcontent_resourcelinks` (`id`, `elementId`, `locale`, `field_resourcesHeader_resourceTitle`, `field_resourceLink_linkText`, `field_resourceLink_linkUrl`, `field_resourceLink_description`, `dateCreated`, `dateUpdated`, `uid`) VALUES ('45', '135', 'en_us', NULL, 'Prison Legal News', 'http://www.prisonlegalnews.org/', 'Monthly newsletter and archive', '2015-06-08 22:48:28', '2015-06-08 22:48:28', '055d87eb-f599-46e9-83da-ea4938b927af');
INSERT INTO `craft_matrixcontent_resourcelinks` (`id`, `elementId`, `locale`, `field_resourcesHeader_resourceTitle`, `field_resourceLink_linkText`, `field_resourceLink_linkUrl`, `field_resourceLink_description`, `dateCreated`, `dateUpdated`, `uid`) VALUES ('46', '137', 'en_us', NULL, 'Loansome Doc', 'http://www.nlm.nih.gov/pubs/factsheets/loansome_doc.html', 'Loansome Doc allows users to order full-test copies of articles from a local medical library. Users must register to use this service', '2015-06-08 22:49:47', '2015-06-08 22:49:47', 'db72eff1-8fff-40a9-89ae-6f88d22715a3');
INSERT INTO `craft_matrixcontent_resourcelinks` (`id`, `elementId`, `locale`, `field_resourcesHeader_resourceTitle`, `field_resourceLink_linkText`, `field_resourceLink_linkUrl`, `field_resourceLink_description`, `dateCreated`, `dateUpdated`, `uid`) VALUES ('47', '138', 'en_us', NULL, 'Medical Matrix', 'http://www.medmatrix.org/reg/login.asp', 'A physician peer-reviewed list. It has links to MEDLINE, CME, online publications. Useful topical and speciality categorizations.Registration is required, although free', '2015-06-08 22:49:47', '2015-06-08 22:49:47', '3323bbe9-99e9-4fd8-ad30-e19f3d466031');
INSERT INTO `craft_matrixcontent_resourcelinks` (`id`, `elementId`, `locale`, `field_resourcesHeader_resourceTitle`, `field_resourceLink_linkText`, `field_resourceLink_linkUrl`, `field_resourceLink_description`, `dateCreated`, `dateUpdated`, `uid`) VALUES ('48', '139', 'en_us', NULL, 'National Library of Medicine HIV/AIDS Information', 'http://sis.nlm.nih.gov/HIV/HIVMain.html', '', '2015-06-08 22:49:47', '2015-06-08 22:49:47', '0611175b-7775-418b-87f3-5348512671b9');
INSERT INTO `craft_matrixcontent_resourcelinks` (`id`, `elementId`, `locale`, `field_resourcesHeader_resourceTitle`, `field_resourceLink_linkText`, `field_resourceLink_linkUrl`, `field_resourceLink_description`, `dateCreated`, `dateUpdated`, `uid`) VALUES ('49', '141', 'en_us', NULL, 'DanceSafe', 'http://www.dancesafe.org/', '', '2015-06-08 22:50:52', '2015-06-08 22:50:52', '88b34da5-4a24-47bd-91fd-9e26207c7309');
INSERT INTO `craft_matrixcontent_resourcelinks` (`id`, `elementId`, `locale`, `field_resourcesHeader_resourceTitle`, `field_resourceLink_linkText`, `field_resourceLink_linkUrl`, `field_resourceLink_description`, `dateCreated`, `dateUpdated`, `uid`) VALUES ('50', '142', 'en_us', NULL, 'National Institute on Drug Abuse', 'http://www.nida.nih.gov/Infofax/clubdrugs.html', '', '2015-06-08 22:50:52', '2015-06-08 22:50:52', '5077753f-70ac-4695-8f3b-6fd0e5a218d2');
INSERT INTO `craft_matrixcontent_resourcelinks` (`id`, `elementId`, `locale`, `field_resourcesHeader_resourceTitle`, `field_resourceLink_linkText`, `field_resourceLink_linkUrl`, `field_resourceLink_description`, `dateCreated`, `dateUpdated`, `uid`) VALUES ('51', '143', 'en_us', NULL, 'Princeton University Health Services', 'http://www.princeton.edu/uhs/', '', '2015-06-08 22:50:52', '2015-06-08 22:50:52', 'cea9e7c8-72b9-4fdd-98fd-b1165605baa2');
INSERT INTO `craft_matrixcontent_resourcelinks` (`id`, `elementId`, `locale`, `field_resourcesHeader_resourceTitle`, `field_resourceLink_linkText`, `field_resourceLink_linkUrl`, `field_resourceLink_description`, `dateCreated`, `dateUpdated`, `uid`) VALUES ('52', '144', 'en_us', NULL, 'Midwest AIDS Prevention Project', 'http://www.aidsprevention.org/safersexinfo.htm', '', '2015-06-08 22:50:52', '2015-06-08 22:50:52', '110abf6a-9da1-4d3c-94ed-9f372ccdd36f');
INSERT INTO `craft_matrixcontent_resourcelinks` (`id`, `elementId`, `locale`, `field_resourcesHeader_resourceTitle`, `field_resourceLink_linkText`, `field_resourceLink_linkUrl`, `field_resourceLink_description`, `dateCreated`, `dateUpdated`, `uid`) VALUES ('53', '145', 'en_us', NULL, 'Coalition for Positive Sexuality', 'http://www.positive.org/Home/index.html', 'Website has animations demonstrating safe sex techniques', '2015-06-08 22:50:52', '2015-06-08 22:50:52', '16680c32-0520-416d-b317-27cded8873a9');
INSERT INTO `craft_matrixcontent_resourcelinks` (`id`, `elementId`, `locale`, `field_resourcesHeader_resourceTitle`, `field_resourceLink_linkText`, `field_resourceLink_linkUrl`, `field_resourceLink_description`, `dateCreated`, `dateUpdated`, `uid`) VALUES ('54', '147', 'en_us', NULL, 'Bisexual Resource Center', 'http://www.biresource.org/', '', '2015-06-08 22:55:01', '2015-06-08 22:55:01', 'f90869e5-22aa-4a76-870a-09bd4e1190c9');
INSERT INTO `craft_matrixcontent_resourcelinks` (`id`, `elementId`, `locale`, `field_resourcesHeader_resourceTitle`, `field_resourceLink_linkText`, `field_resourceLink_linkUrl`, `field_resourceLink_description`, `dateCreated`, `dateUpdated`, `uid`) VALUES ('55', '148', 'en_us', NULL, 'GMHC', 'http://www.gmhc.org/', 'Gay Men\'s Health Crisis', '2015-06-08 22:55:01', '2015-06-08 22:55:01', '83b6f5d2-c492-40a3-92b4-0b59e0fe3d3e');
INSERT INTO `craft_matrixcontent_resourcelinks` (`id`, `elementId`, `locale`, `field_resourcesHeader_resourceTitle`, `field_resourceLink_linkText`, `field_resourceLink_linkUrl`, `field_resourceLink_description`, `dateCreated`, `dateUpdated`, `uid`) VALUES ('56', '149', 'en_us', NULL, 'Gay and Lesbian Activists Alliance ', 'http://www.glaa.org/', '', '2015-06-08 22:55:01', '2015-06-08 22:55:01', 'f8ba4eff-3dec-418d-a8ff-fd252857a30c');
INSERT INTO `craft_matrixcontent_resourcelinks` (`id`, `elementId`, `locale`, `field_resourcesHeader_resourceTitle`, `field_resourceLink_linkText`, `field_resourceLink_linkUrl`, `field_resourceLink_description`, `dateCreated`, `dateUpdated`, `uid`) VALUES ('57', '150', 'en_us', NULL, 'LesbiaNation', 'http://www.lesbianation.com/', 'One-stop cyber resource center of information, interaction, and entertainment', '2015-06-08 22:55:01', '2015-06-08 22:55:01', '6c923498-405f-4f71-ae38-bd90b8ce15d2');
INSERT INTO `craft_matrixcontent_resourcelinks` (`id`, `elementId`, `locale`, `field_resourcesHeader_resourceTitle`, `field_resourceLink_linkText`, `field_resourceLink_linkUrl`, `field_resourceLink_description`, `dateCreated`, `dateUpdated`, `uid`) VALUES ('58', '151', 'en_us', NULL, 'Gay and Lesbian Advocates and Defenders', 'http://www.glad.org/', '', '2015-06-08 22:55:01', '2015-06-08 22:55:01', '8be8208b-76af-40ef-baa5-fccbbca90f59');
INSERT INTO `craft_matrixcontent_resourcelinks` (`id`, `elementId`, `locale`, `field_resourcesHeader_resourceTitle`, `field_resourceLink_linkText`, `field_resourceLink_linkUrl`, `field_resourceLink_description`, `dateCreated`, `dateUpdated`, `uid`) VALUES ('59', '152', 'en_us', NULL, 'Parents, Families and Friends of Lesbians and Gays (PFLAG)', 'http://www.pflag.org/', '', '2015-06-08 22:55:01', '2015-06-08 22:55:01', '2948e930-70bf-4e00-88f0-64d6d297bf12');
INSERT INTO `craft_matrixcontent_resourcelinks` (`id`, `elementId`, `locale`, `field_resourcesHeader_resourceTitle`, `field_resourceLink_linkText`, `field_resourceLink_linkUrl`, `field_resourceLink_description`, `dateCreated`, `dateUpdated`, `uid`) VALUES ('60', '153', 'en_us', NULL, 'Gay and Lesbian National Hotline', 'http://www.glnh.org/', '', '2015-06-08 22:55:01', '2015-06-08 22:55:01', 'c9e73bb5-0bdf-4c9e-bdb1-79502ef730b9');
INSERT INTO `craft_matrixcontent_resourcelinks` (`id`, `elementId`, `locale`, `field_resourcesHeader_resourceTitle`, `field_resourceLink_linkText`, `field_resourceLink_linkUrl`, `field_resourceLink_description`, `dateCreated`, `dateUpdated`, `uid`) VALUES ('61', '154', 'en_us', NULL, 'Pridelinks Gay Lesbian Bi Trans Search Site', 'http://www.pridelinks.com/', '', '2015-06-08 22:55:01', '2015-06-08 22:55:01', '3f7fb8b7-a7bd-4370-8b7a-f9e82a7b2644');
INSERT INTO `craft_matrixcontent_resourcelinks` (`id`, `elementId`, `locale`, `field_resourcesHeader_resourceTitle`, `field_resourceLink_linkText`, `field_resourceLink_linkUrl`, `field_resourceLink_description`, `dateCreated`, `dateUpdated`, `uid`) VALUES ('62', '155', 'en_us', NULL, 'Transgender.org', 'http://www.transgender.org/', '', '2015-06-08 22:55:01', '2015-06-08 22:55:01', '0bf25cfc-bf1f-4b28-88c0-4b16bc24fa8f');
INSERT INTO `craft_matrixcontent_resourcelinks` (`id`, `elementId`, `locale`, `field_resourcesHeader_resourceTitle`, `field_resourceLink_linkText`, `field_resourceLink_linkUrl`, `field_resourceLink_description`, `dateCreated`, `dateUpdated`, `uid`) VALUES ('63', '156', 'en_us', NULL, 'Gayzoo', 'http://www.gayzoo.com/', 'Gay and Lesbian Search Engine', '2015-06-08 22:55:01', '2015-06-08 22:55:01', '364b4b5b-66af-4cbe-85c4-e467fea382e1');
INSERT INTO `craft_matrixcontent_resourcelinks` (`id`, `elementId`, `locale`, `field_resourcesHeader_resourceTitle`, `field_resourceLink_linkText`, `field_resourceLink_linkUrl`, `field_resourceLink_description`, `dateCreated`, `dateUpdated`, `uid`) VALUES ('64', '157', 'en_us', NULL, 'GLSEN', 'http://www.glsen.org/templates/index.html', 'Gay, Lesbian, and Straight Education Network', '2015-06-08 22:55:01', '2015-06-08 22:55:01', '33d0ba71-3087-46f0-ab40-126dbe4aefb9');
INSERT INTO `craft_matrixcontent_resourcelinks` (`id`, `elementId`, `locale`, `field_resourcesHeader_resourceTitle`, `field_resourceLink_linkText`, `field_resourceLink_linkUrl`, `field_resourceLink_description`, `dateCreated`, `dateUpdated`, `uid`) VALUES ('65', '158', 'en_us', NULL, 'Oasis', 'http://www.oasismag.com/', 'A monthly magazine by and about queer youth', '2015-06-08 22:55:01', '2015-06-08 22:55:01', 'b30a90e5-a45f-487d-907a-5874684ccda2');
INSERT INTO `craft_matrixcontent_resourcelinks` (`id`, `elementId`, `locale`, `field_resourcesHeader_resourceTitle`, `field_resourceLink_linkText`, `field_resourceLink_linkUrl`, `field_resourceLink_description`, `dateCreated`, `dateUpdated`, `uid`) VALUES ('66', '159', 'en_us', NULL, 'National Gay and Lesbian Taskforce', 'http://www.ngltf.org/', '', '2015-06-08 22:55:01', '2015-06-08 22:55:01', 'b7f96c84-82a8-4d85-8ed6-f0de9924d2f1');



DROP TABLE IF EXISTS `craft_matrixcontent_testinglocations`;


--
-- Schema for table `craft_matrixcontent_testinglocations`
--
CREATE TABLE `craft_matrixcontent_testinglocations` (
  `id` int(11) NOT NULL AUTO_INCREMENT,
  `elementId` int(11) NOT NULL,
  `locale` char(12) COLLATE utf8_unicode_ci NOT NULL,
  `field_location_locationName` text COLLATE utf8_unicode_ci,
  `field_location_address1` text COLLATE utf8_unicode_ci,
  `field_location_addres2` text COLLATE utf8_unicode_ci,
  `field_location_phone` text COLLATE utf8_unicode_ci,
  `field_location_website` text COLLATE utf8_unicode_ci,
  `field_location_services` varchar(255) COLLATE utf8_unicode_ci DEFAULT NULL,
  `field_location_city` text COLLATE utf8_unicode_ci,
  `field_location_state` text COLLATE utf8_unicode_ci,
  `field_location_zip` text COLLATE utf8_unicode_ci,
  `field_location_hours` text COLLATE utf8_unicode_ci,
  `field_location_fees` text COLLATE utf8_unicode_ci,
  `field_location_eligiblePopulation` text COLLATE utf8_unicode_ci,
  `field_location_appointmentType` text COLLATE utf8_unicode_ci,
  `field_location_phone2` text COLLATE utf8_unicode_ci,
  `field_location_latitude` text COLLATE utf8_unicode_ci,
  `field_location_longitude` text COLLATE utf8_unicode_ci,
  `dateCreated` datetime NOT NULL,
  `dateUpdated` datetime NOT NULL,
  `uid` char(36) COLLATE utf8_unicode_ci NOT NULL DEFAULT '0',
  PRIMARY KEY (`id`),
  UNIQUE KEY `craft_matrixcontent_testinglocations_elementId_locale_unq_idx` (`elementId`,`locale`),
  KEY `craft_matrixcontent_testinglocations_locale_idx` (`locale`)
) ENGINE=InnoDB AUTO_INCREMENT=26 DEFAULT CHARSET=utf8 COLLATE=utf8_unicode_ci;

--
-- Data for table `craft_matrixcontent_testinglocations`
--

INSERT INTO `craft_matrixcontent_testinglocations` (`id`, `elementId`, `locale`, `field_location_locationName`, `field_location_address1`, `field_location_addres2`, `field_location_phone`, `field_location_website`, `field_location_services`, `field_location_city`, `field_location_state`, `field_location_zip`, `field_location_hours`, `field_location_fees`, `field_location_eligiblePopulation`, `field_location_appointmentType`, `field_location_phone2`, `field_location_latitude`, `field_location_longitude`, `dateCreated`, `dateUpdated`, `uid`) VALUES ('1', '15', 'en_us', 'Broome County Health Department', '225 Front Street', '', '(607) 778-2839', '', '[\"Anonymous Testing\",\"Confidential Testing\",\"Rapid Testing\",\"Oral Testing\"]', 'Binghamton', 'NY', '13905', 'Varied', 'Free of charge', 'General Public', 'Walk in or by appointment', '', '42.1052726', '-75.9167228', '2015-05-26 02:47:09', '2015-05-31 23:15:54', 'd5c2a01a-1566-4e57-97a4-0838b2e6aad4');
INSERT INTO `craft_matrixcontent_testinglocations` (`id`, `elementId`, `locale`, `field_location_locationName`, `field_location_address1`, `field_location_addres2`, `field_location_phone`, `field_location_website`, `field_location_services`, `field_location_city`, `field_location_state`, `field_location_zip`, `field_location_hours`, `field_location_fees`, `field_location_eligiblePopulation`, `field_location_appointmentType`, `field_location_phone2`, `field_location_latitude`, `field_location_longitude`, `dateCreated`, `dateUpdated`, `uid`) VALUES ('2', '16', 'en_us', 'Southern Tier AIDS Program ', '277 Main Street', '', '(607) 798-1706', 'http://www.stapinc.org', '[\"Anonymous Testing\",\"Confidential Testing\",\"Rapid Testing\",\"Oral Testing\"]', 'Johnson City', 'NY', '13790', 'Monday 1 - 4:30, Thursday 9 - Noon, Thursday 1 - 3:00', 'Free of charge', 'General Public', 'Walk in or by appointment', '(800) 333-0982', '42.1158695', '-75.9567031', '2015-05-26 03:33:40', '2015-05-31 23:15:55', '8d18f299-eee1-4876-b939-de470af5c120');
INSERT INTO `craft_matrixcontent_testinglocations` (`id`, `elementId`, `locale`, `field_location_locationName`, `field_location_address1`, `field_location_addres2`, `field_location_phone`, `field_location_website`, `field_location_services`, `field_location_city`, `field_location_state`, `field_location_zip`, `field_location_hours`, `field_location_fees`, `field_location_eligiblePopulation`, `field_location_appointmentType`, `field_location_phone2`, `field_location_latitude`, `field_location_longitude`, `dateCreated`, `dateUpdated`, `uid`) VALUES ('3', '17', 'en_us', 'Planned Parenthood of South Central New York - Binghamton', '117 Hawley Street', '', '(607) 723-8306', 'http://www.ppscny.org', '[\"Confidential Testing\",\"Rapid Testing\"]', 'Binghamton', 'NY', '13901', 'Varied', 'Varied', 'General Public', 'By appointment, evening and weekend hours available ', '', '42.0981424', '-75.9074523', '2015-05-26 03:33:40', '2015-05-31 23:15:55', 'da3f6682-0bf8-4844-ab9f-0a2f5f4e2b34');
INSERT INTO `craft_matrixcontent_testinglocations` (`id`, `elementId`, `locale`, `field_location_locationName`, `field_location_address1`, `field_location_addres2`, `field_location_phone`, `field_location_website`, `field_location_services`, `field_location_city`, `field_location_state`, `field_location_zip`, `field_location_hours`, `field_location_fees`, `field_location_eligiblePopulation`, `field_location_appointmentType`, `field_location_phone2`, `field_location_latitude`, `field_location_longitude`, `dateCreated`, `dateUpdated`, `uid`) VALUES ('4', '19', 'en_us', 'Chemung County Health Department', '103 Washington Street', '', '(607) 737-2028', '', '[\"Anonymous Testing\",\"Confidential Testing\",\"Rapid Testing\"]', 'Elmira', 'NY', '14901', 'Varied', 'Free of charge', 'General Public', 'Walk in', '', '42.0906592', '-76.7950159', '2015-05-26 03:38:08', '2015-05-31 23:18:31', '5a09084f-0a02-47dc-9d07-18539471a2f0');
INSERT INTO `craft_matrixcontent_testinglocations` (`id`, `elementId`, `locale`, `field_location_locationName`, `field_location_address1`, `field_location_addres2`, `field_location_phone`, `field_location_website`, `field_location_services`, `field_location_city`, `field_location_state`, `field_location_zip`, `field_location_hours`, `field_location_fees`, `field_location_eligiblePopulation`, `field_location_appointmentType`, `field_location_phone2`, `field_location_latitude`, `field_location_longitude`, `dateCreated`, `dateUpdated`, `uid`) VALUES ('5', '20', 'en_us', 'Southern Tier AIDS Program ', '451 East Market Street', '', '(607) 737-4081', 'http://www.stapinc.org', '[\"Confidential Testing\",\"Rapid Testing\",\"Oral Testing\"]', 'Elmira', 'NY', '14901', 'Varied', 'Free of charge', 'General Public', 'By appointment', '(888) 564-5693', '42.09059', '-76.8001568', '2015-05-26 04:04:02', '2015-05-31 23:18:31', '27067afd-09ec-44d6-ba85-bb698fa49d64');
INSERT INTO `craft_matrixcontent_testinglocations` (`id`, `elementId`, `locale`, `field_location_locationName`, `field_location_address1`, `field_location_addres2`, `field_location_phone`, `field_location_website`, `field_location_services`, `field_location_city`, `field_location_state`, `field_location_zip`, `field_location_hours`, `field_location_fees`, `field_location_eligiblePopulation`, `field_location_appointmentType`, `field_location_phone2`, `field_location_latitude`, `field_location_longitude`, `dateCreated`, `dateUpdated`, `uid`) VALUES ('6', '21', 'en_us', 'Planned Parenthood of the Southern Finger Lakes', '775 East Church Street', '', '(607) 734-3313', 'http://www.plannedparenthood.org/ppst', '[\"Confidential Testing\",\"Rapid Testing\",\"Oral Testing\"]', 'Elmira', 'NY', '14901', 'Varied', 'Free of charge or reduced fee based on income, accepts 3rd party insurace', 'General Public', 'Walk in or by appointment, evening and weekend hours available ', '', '42.0940975', '-76.794044', '2015-05-26 04:04:02', '2015-05-31 23:18:31', '2268b569-98dd-4de3-a1ce-47b3bbee7cc7');
INSERT INTO `craft_matrixcontent_testinglocations` (`id`, `elementId`, `locale`, `field_location_locationName`, `field_location_address1`, `field_location_addres2`, `field_location_phone`, `field_location_website`, `field_location_services`, `field_location_city`, `field_location_state`, `field_location_zip`, `field_location_hours`, `field_location_fees`, `field_location_eligiblePopulation`, `field_location_appointmentType`, `field_location_phone2`, `field_location_latitude`, `field_location_longitude`, `dateCreated`, `dateUpdated`, `uid`) VALUES ('7', '22', 'en_us', 'Arnot Ogden Medical Center', '600 Roe Avenue', '', '(607) 737-8188', 'http://www.aomc.org', '[\"Confidential Testing\",\"Rapid Testing\"]', 'Elmira', 'NY', '14905', 'M/T/W/F 8:00 - 4:30', 'Bills insurance', 'General Public', 'By appointment', '', '42.1002359', '-76.8286155', '2015-05-26 04:04:02', '2015-05-31 23:18:31', 'c08e18aa-d4b4-4707-bf35-30abb08bc7b9');
INSERT INTO `craft_matrixcontent_testinglocations` (`id`, `elementId`, `locale`, `field_location_locationName`, `field_location_address1`, `field_location_addres2`, `field_location_phone`, `field_location_website`, `field_location_services`, `field_location_city`, `field_location_state`, `field_location_zip`, `field_location_hours`, `field_location_fees`, `field_location_eligiblePopulation`, `field_location_appointmentType`, `field_location_phone2`, `field_location_latitude`, `field_location_longitude`, `dateCreated`, `dateUpdated`, `uid`) VALUES ('8', '24', 'en_us', 'Planned Parenthood of South Central New York - Norwich', '26 Conkey Avenue', 'The Eaton Center, Suite 208', '(607) 334-6378', 'http://www.ppscny.org', '[\"Confidential Testing\",\"Rapid Testing\"]', 'Norwich', 'NY', '13815', 'Mon. 10 AM - 6 PM, Tue. & Wed. & Fri. 8:30 AM - 4:30 PM, Thur. 11:30 AM - 7:30 PM, Please call for Saturday hours', 'Sliding Fee Scale', 'All are welcome', 'By appointment  ', '', '42.5257407', '-75.525915', '2015-05-26 04:08:24', '2015-05-31 23:22:29', '205cc29a-6d67-45fb-b04e-2407bcc4d650');
INSERT INTO `craft_matrixcontent_testinglocations` (`id`, `elementId`, `locale`, `field_location_locationName`, `field_location_address1`, `field_location_addres2`, `field_location_phone`, `field_location_website`, `field_location_services`, `field_location_city`, `field_location_state`, `field_location_zip`, `field_location_hours`, `field_location_fees`, `field_location_eligiblePopulation`, `field_location_appointmentType`, `field_location_phone2`, `field_location_latitude`, `field_location_longitude`, `dateCreated`, `dateUpdated`, `uid`) VALUES ('9', '25', 'en_us', 'Chenango Memorial Hospital Family Health Center ', '4 Newton Avenue', '', '(607) 337-4139', '', '[\"Anonymous Testing\",\"Confidential Testing\"]', 'Norwich', 'NY', '13815', 'M-F 8:00 - 4:00', 'Free of charge or reducted fee based on client income', 'General Public', 'By appointment', '', '42.5395633', '-75.5254416', '2015-05-26 04:08:25', '2015-05-31 23:22:29', '8aad0380-6160-4270-8951-3624e2c83f4c');
INSERT INTO `craft_matrixcontent_testinglocations` (`id`, `elementId`, `locale`, `field_location_locationName`, `field_location_address1`, `field_location_addres2`, `field_location_phone`, `field_location_website`, `field_location_services`, `field_location_city`, `field_location_state`, `field_location_zip`, `field_location_hours`, `field_location_fees`, `field_location_eligiblePopulation`, `field_location_appointmentType`, `field_location_phone2`, `field_location_latitude`, `field_location_longitude`, `dateCreated`, `dateUpdated`, `uid`) VALUES ('10', '27', 'en_us', 'Jacobus Center for Reproductive Health', '60 Central Aveune', '', '(607) 753-5027', '', '[\"Confidential Testing\",\"Rapid Testing\"]', 'Cortland', 'NY', '13045', 'Varied', 'No Charge for STD Clinic, Sliding Fee Scale for Family Planning, $20 for General Public', 'Family planning, STD patients, and General Public', 'By appointment ', '', '42.601083', '-76.176411', '2015-05-26 04:21:04', '2015-05-31 23:23:57', '3ae1b575-ea35-4117-8333-64f141cc6d4b');
INSERT INTO `craft_matrixcontent_testinglocations` (`id`, `elementId`, `locale`, `field_location_locationName`, `field_location_address1`, `field_location_addres2`, `field_location_phone`, `field_location_website`, `field_location_services`, `field_location_city`, `field_location_state`, `field_location_zip`, `field_location_hours`, `field_location_fees`, `field_location_eligiblePopulation`, `field_location_appointmentType`, `field_location_phone2`, `field_location_latitude`, `field_location_longitude`, `dateCreated`, `dateUpdated`, `uid`) VALUES ('11', '28', 'en_us', 'Family Health Network of Central New York', '17 Main Street', '', '(607) 753-3797', '', '[\"Confidential Testing\"]', 'Cortland', 'NY', '13045', 'Varied, evening and weekend hours available', 'Free of charge or reducted fee based on client income', 'General Public', 'By appointment', '', '42.6005466', '-76.1800998', '2015-05-26 04:21:04', '2015-05-31 23:23:57', '9cd5c19d-78a1-48f8-b3b2-e9346df2c9c1');
INSERT INTO `craft_matrixcontent_testinglocations` (`id`, `elementId`, `locale`, `field_location_locationName`, `field_location_address1`, `field_location_addres2`, `field_location_phone`, `field_location_website`, `field_location_services`, `field_location_city`, `field_location_state`, `field_location_zip`, `field_location_hours`, `field_location_fees`, `field_location_eligiblePopulation`, `field_location_appointmentType`, `field_location_phone2`, `field_location_latitude`, `field_location_longitude`, `dateCreated`, `dateUpdated`, `uid`) VALUES ('12', '30', 'en_us', 'Planned Parenthood of South Central New York- Sidney', '37 Pleasant Street', '', '(607) 563-4363', '', '[\"Anonymous Testing\",\"Confidential Testing\",\"Rapid Testing\"]', 'Sidney', 'NY', '13838', 'Varied, evening hours available', 'Sliding fee scale', 'General Public', 'Walk in or by appointment', 'http://www.ppscny.org', '42.316674', '-75.387794', '2015-05-26 04:39:32', '2015-05-31 23:26:47', 'b857b914-b09f-477c-80b3-e0d7cc9f2079');
INSERT INTO `craft_matrixcontent_testinglocations` (`id`, `elementId`, `locale`, `field_location_locationName`, `field_location_address1`, `field_location_addres2`, `field_location_phone`, `field_location_website`, `field_location_services`, `field_location_city`, `field_location_state`, `field_location_zip`, `field_location_hours`, `field_location_fees`, `field_location_eligiblePopulation`, `field_location_appointmentType`, `field_location_phone2`, `field_location_latitude`, `field_location_longitude`, `dateCreated`, `dateUpdated`, `uid`) VALUES ('13', '31', 'en_us', 'Planned Parenthood of South Central New York - Walton', '130 North Street', '', '(607) 865-6579', 'http://www.ppscny.org', '[\"Anonymous Testing\",\"Confidential Testing\"]', 'Walton', 'NY', '13856', 'Varied, evening hours available', 'Sliding Fee Scale', 'General Public', 'Walk in or by appointment ', '', '42.175554', '-75.124806', '2015-05-26 04:39:32', '2015-05-31 23:26:47', 'c3617ea8-4eee-44d2-b8cd-f2eb0d247bb6');
INSERT INTO `craft_matrixcontent_testinglocations` (`id`, `elementId`, `locale`, `field_location_locationName`, `field_location_address1`, `field_location_addres2`, `field_location_phone`, `field_location_website`, `field_location_services`, `field_location_city`, `field_location_state`, `field_location_zip`, `field_location_hours`, `field_location_fees`, `field_location_eligiblePopulation`, `field_location_appointmentType`, `field_location_phone2`, `field_location_latitude`, `field_location_longitude`, `dateCreated`, `dateUpdated`, `uid`) VALUES ('14', '32', 'en_us', 'Colchester Health Center', 'Main Street, PO Box 327', '', '(607) 363-2517', '', '[\"Confidential Testing\"]', 'Downsville', 'NY', '13755', 'Varied', 'Free for PCAPclients only', 'General Public', 'By appointment', '', '42.0786532', '-74.9936221', '2015-05-26 04:39:32', '2015-05-31 23:26:47', '0fcde89d-5014-4c03-974c-e84aecd06c59');
INSERT INTO `craft_matrixcontent_testinglocations` (`id`, `elementId`, `locale`, `field_location_locationName`, `field_location_address1`, `field_location_addres2`, `field_location_phone`, `field_location_website`, `field_location_services`, `field_location_city`, `field_location_state`, `field_location_zip`, `field_location_hours`, `field_location_fees`, `field_location_eligiblePopulation`, `field_location_appointmentType`, `field_location_phone2`, `field_location_latitude`, `field_location_longitude`, `dateCreated`, `dateUpdated`, `uid`) VALUES ('15', '33', 'en_us', 'Delaware Valley Family Health Center', '2 Titus Place', '', '(607) 865-2400', '', '[\"Confidential Testing\"]', 'Walton', 'NY', '13856', 'Varied, evening hours available', 'Free for PCAPclients only, accepts 3rd party insurance ', 'General Public', 'By appointment', '', '42.1646379', '-75.127915', '2015-05-26 04:39:32', '2015-05-31 23:26:47', '1b9dc1e2-5655-4a16-afa8-a9f3687da2ee');
INSERT INTO `craft_matrixcontent_testinglocations` (`id`, `elementId`, `locale`, `field_location_locationName`, `field_location_address1`, `field_location_addres2`, `field_location_phone`, `field_location_website`, `field_location_services`, `field_location_city`, `field_location_state`, `field_location_zip`, `field_location_hours`, `field_location_fees`, `field_location_eligiblePopulation`, `field_location_appointmentType`, `field_location_phone2`, `field_location_latitude`, `field_location_longitude`, `dateCreated`, `dateUpdated`, `uid`) VALUES ('16', '34', 'en_us', 'Hancock Health Center ', '36 East Front Street', '', '(607) 637-4715', '', '[\"Confidential Testing\"]', 'Hancock', 'NY', '13783', 'Varied, evening hours available', 'Free for PCAP clients only, $67.00 for others, accepts 3rd party insurance ', 'General Public', 'By appointment', '', '41.9541255', '-75.2796085', '2015-05-26 04:39:32', '2015-05-31 23:26:47', '4f11e55c-b131-40e2-878a-0a7463d9414c');
INSERT INTO `craft_matrixcontent_testinglocations` (`id`, `elementId`, `locale`, `field_location_locationName`, `field_location_address1`, `field_location_addres2`, `field_location_phone`, `field_location_website`, `field_location_services`, `field_location_city`, `field_location_state`, `field_location_zip`, `field_location_hours`, `field_location_fees`, `field_location_eligiblePopulation`, `field_location_appointmentType`, `field_location_phone2`, `field_location_latitude`, `field_location_longitude`, `dateCreated`, `dateUpdated`, `uid`) VALUES ('17', '35', 'en_us', 'The Hospital - Sidney ', '43 Pearl Street West', '', '(607) 561-2022', '', '[\"Confidential Testing\"]', 'Sidney', 'NY', '13838', 'Varied', 'Free of charge or reduced fee based on client income', 'General Public', 'Walk in or by appointment', '', '42.3041666', '-75.3955434', '2015-05-26 04:39:32', '2015-05-31 23:26:47', '52cdfc8e-9fa5-48b9-9874-24489b522fe4');
INSERT INTO `craft_matrixcontent_testinglocations` (`id`, `elementId`, `locale`, `field_location_locationName`, `field_location_address1`, `field_location_addres2`, `field_location_phone`, `field_location_website`, `field_location_services`, `field_location_city`, `field_location_state`, `field_location_zip`, `field_location_hours`, `field_location_fees`, `field_location_eligiblePopulation`, `field_location_appointmentType`, `field_location_phone2`, `field_location_latitude`, `field_location_longitude`, `dateCreated`, `dateUpdated`, `uid`) VALUES ('18', '37', 'en_us', 'Otsego County Health Department', '125 Main Street', '', '(607) 433-0042', '', '[\"Anonymous Testing\",\"Confidential Testing\"]', 'Oneonta', 'NY', '13820', 'Varied, evening hours available', 'Free of charge', 'General Public', 'Walk in or by appointment', '', '42.4528708', '-75.0635944', '2015-05-26 05:47:36', '2015-05-31 23:29:38', '237a905f-1e3e-4f76-b818-06e055ea904e');
INSERT INTO `craft_matrixcontent_testinglocations` (`id`, `elementId`, `locale`, `field_location_locationName`, `field_location_address1`, `field_location_addres2`, `field_location_phone`, `field_location_website`, `field_location_services`, `field_location_city`, `field_location_state`, `field_location_zip`, `field_location_hours`, `field_location_fees`, `field_location_eligiblePopulation`, `field_location_appointmentType`, `field_location_phone2`, `field_location_latitude`, `field_location_longitude`, `dateCreated`, `dateUpdated`, `uid`) VALUES ('19', '38', 'en_us', 'Planned Parenthood of South Central New York - Oneonta', '37 Dietz Street', '', '(607) 432-2250', 'http://www.ppscny.org', '[\"Anonymous Testing\",\"Confidential Testing\",\"Rapid Testing\"]', 'Oneonta', 'NY', '13820', 'Varied, evening hours avaliable', 'Sliding fee scale', 'General Public', 'Walk in or by appointment', '', '42.455772', '-75.06318', '2015-05-26 05:47:36', '2015-05-31 23:29:38', '727da6f8-dceb-4bb4-a9b6-2a83859e8a7d');
INSERT INTO `craft_matrixcontent_testinglocations` (`id`, `elementId`, `locale`, `field_location_locationName`, `field_location_address1`, `field_location_addres2`, `field_location_phone`, `field_location_website`, `field_location_services`, `field_location_city`, `field_location_state`, `field_location_zip`, `field_location_hours`, `field_location_fees`, `field_location_eligiblePopulation`, `field_location_appointmentType`, `field_location_phone2`, `field_location_latitude`, `field_location_longitude`, `dateCreated`, `dateUpdated`, `uid`) VALUES ('20', '39', 'en_us', 'Oneonta Family Practice of Fox Hospital', '1 Fox Care Drive', '', '(607) 431-5555', 'http://www.foxcarenetnetwork.com', '[\"Confidential Testing\"]', 'Oneonta', 'NY', '13820', 'Varied, evening hours available', 'Accepts 3rd party insurance', 'General Public', 'By appointment', '', '42.4564101', '-75.0292819', '2015-05-26 05:47:36', '2015-05-31 23:29:38', 'd5f814da-99f7-4f14-9be2-28dbf6c0e74b');
INSERT INTO `craft_matrixcontent_testinglocations` (`id`, `elementId`, `locale`, `field_location_locationName`, `field_location_address1`, `field_location_addres2`, `field_location_phone`, `field_location_website`, `field_location_services`, `field_location_city`, `field_location_state`, `field_location_zip`, `field_location_hours`, `field_location_fees`, `field_location_eligiblePopulation`, `field_location_appointmentType`, `field_location_phone2`, `field_location_latitude`, `field_location_longitude`, `dateCreated`, `dateUpdated`, `uid`) VALUES ('21', '41', 'en_us', 'Tioga County Health Department', '1062 State Route 38', '', '(607) 687-8600', '', '[\"Anonymous Testing\",\"Confidential Testing\",\"Rapid Testing\"]', 'Owego', 'NY', '13827', 'Varied', 'Free of charge or reduced fee based on income', 'General Public', 'By appointment', '', '42.1418028', '-76.263659', '2015-05-26 05:49:58', '2015-05-31 23:30:20', '08efc1c6-a6b3-4543-8637-62b02428bff9');
INSERT INTO `craft_matrixcontent_testinglocations` (`id`, `elementId`, `locale`, `field_location_locationName`, `field_location_address1`, `field_location_addres2`, `field_location_phone`, `field_location_website`, `field_location_services`, `field_location_city`, `field_location_state`, `field_location_zip`, `field_location_hours`, `field_location_fees`, `field_location_eligiblePopulation`, `field_location_appointmentType`, `field_location_phone2`, `field_location_latitude`, `field_location_longitude`, `dateCreated`, `dateUpdated`, `uid`) VALUES ('22', '42', 'en_us', 'Tioga County Family Health Services', '110 Central Aveune', '', '(607) 687-5333', '', '[\"Confidential Testing\"]', 'Owego', 'NY', '13827', 'Varied', 'Free of charge or reduced fee based on income, accepts 3rd party insurace', 'General Public', 'Walk in or by appointment, evening hours available', '', '42.1053275', '-76.2651361', '2015-05-26 05:49:58', '2015-05-31 23:30:20', '5b0a3caa-87eb-4251-b275-106838d09ea1');
INSERT INTO `craft_matrixcontent_testinglocations` (`id`, `elementId`, `locale`, `field_location_locationName`, `field_location_address1`, `field_location_addres2`, `field_location_phone`, `field_location_website`, `field_location_services`, `field_location_city`, `field_location_state`, `field_location_zip`, `field_location_hours`, `field_location_fees`, `field_location_eligiblePopulation`, `field_location_appointmentType`, `field_location_phone2`, `field_location_latitude`, `field_location_longitude`, `dateCreated`, `dateUpdated`, `uid`) VALUES ('23', '44', 'en_us', 'Tompkins County Health Department', '55 Brown Road', '', '(607) 274-6604', 'http://www.tompkinscountyny.gov/health', '[\"Anonymous Testing\",\"Confidential Testing\",\"Rapid Testing\"]', 'Ithaca', 'NY', '14850', 'Varied', 'Free of charge', 'General Public', 'Walk in or by appointment, evening hours avaliable', '', '42.4860913', '-76.4622914', '2015-05-26 05:55:39', '2015-05-31 23:31:24', '06c38056-1158-48b4-b7d6-ce1580d52755');
INSERT INTO `craft_matrixcontent_testinglocations` (`id`, `elementId`, `locale`, `field_location_locationName`, `field_location_address1`, `field_location_addres2`, `field_location_phone`, `field_location_website`, `field_location_services`, `field_location_city`, `field_location_state`, `field_location_zip`, `field_location_hours`, `field_location_fees`, `field_location_eligiblePopulation`, `field_location_appointmentType`, `field_location_phone2`, `field_location_latitude`, `field_location_longitude`, `dateCreated`, `dateUpdated`, `uid`) VALUES ('24', '45', 'en_us', 'Southern Tier AIDS Program ', '501 South Meadow Street', '', '(607) 272-4098', 'http://www.stapinc.org', '[\"Confidential Testing\",\"Rapid Testing\",\"Oral Testing\"]', 'Ithaca', 'NY', '14850', 'Thursday 9 - 11:30 (confidential)', 'Free of charge', 'General Public', 'Walk in or by appointment', '(888) 206-2870', '42.4351719', '-76.5077508', '2015-05-26 05:55:39', '2015-05-31 23:31:24', '67c03676-a621-4377-9b8a-fcce12020c67');
INSERT INTO `craft_matrixcontent_testinglocations` (`id`, `elementId`, `locale`, `field_location_locationName`, `field_location_address1`, `field_location_addres2`, `field_location_phone`, `field_location_website`, `field_location_services`, `field_location_city`, `field_location_state`, `field_location_zip`, `field_location_hours`, `field_location_fees`, `field_location_eligiblePopulation`, `field_location_appointmentType`, `field_location_phone2`, `field_location_latitude`, `field_location_longitude`, `dateCreated`, `dateUpdated`, `uid`) VALUES ('25', '46', 'en_us', 'Planned Parenthood of the Southern Finger Lakes ', '620 West Seneca Street', '', '(607) 273-1513', 'http://www.sextalk.org', '[\"Confidential Testing\",\"Rapid Testing\",\"Oral Testing\"]', 'Ithaca', 'NY', '14850', 'Varied', 'Free of charge or reduced fee based on income, accepts 3rd party insurace', 'General Public', 'By appointment, evening and weekend hours available ', '', '42.440078', '-76.5096737', '2015-05-26 05:55:39', '2015-05-31 23:31:24', '7ef81e04-6f51-4b42-b97b-15d07406d5bc');



DROP TABLE IF EXISTS `craft_migrations`;


--
-- Schema for table `craft_migrations`
--
CREATE TABLE `craft_migrations` (
  `id` int(11) NOT NULL AUTO_INCREMENT,
  `pluginId` int(11) DEFAULT NULL,
  `version` varchar(255) COLLATE utf8_unicode_ci NOT NULL,
  `applyTime` datetime NOT NULL,
  `dateCreated` datetime NOT NULL,
  `dateUpdated` datetime NOT NULL,
  `uid` char(36) COLLATE utf8_unicode_ci NOT NULL DEFAULT '0',
  PRIMARY KEY (`id`),
  UNIQUE KEY `craft_migrations_version_unq_idx` (`version`),
  KEY `craft_migrations_pluginId_fk` (`pluginId`)
) ENGINE=InnoDB AUTO_INCREMENT=16 DEFAULT CHARSET=utf8 COLLATE=utf8_unicode_ci;

--
-- Data for table `craft_migrations`
--

INSERT INTO `craft_migrations` (`id`, `pluginId`, `version`, `applyTime`, `dateCreated`, `dateUpdated`, `uid`) VALUES ('1', NULL, 'm000000_000000_base', '2015-05-26 00:03:41', '2015-05-26 00:03:41', '2015-05-26 00:03:41', 'd851ff6d-b53d-4767-8a8f-7ed4a77641ba');
INSERT INTO `craft_migrations` (`id`, `pluginId`, `version`, `applyTime`, `dateCreated`, `dateUpdated`, `uid`) VALUES ('2', NULL, 'm140730_000001_add_filename_and_format_to_transformindex', '2015-05-26 00:03:41', '2015-05-26 00:03:41', '2015-05-26 00:03:41', '1545cc8c-4705-4bbb-a6bd-b85bae64cb68');
INSERT INTO `craft_migrations` (`id`, `pluginId`, `version`, `applyTime`, `dateCreated`, `dateUpdated`, `uid`) VALUES ('3', NULL, 'm140815_000001_add_format_to_transforms', '2015-05-26 00:03:41', '2015-05-26 00:03:41', '2015-05-26 00:03:41', '8775fa47-e8a9-40a6-af9c-cb46fc3d79f4');
INSERT INTO `craft_migrations` (`id`, `pluginId`, `version`, `applyTime`, `dateCreated`, `dateUpdated`, `uid`) VALUES ('4', NULL, 'm140822_000001_allow_more_than_128_items_per_field', '2015-05-26 00:03:41', '2015-05-26 00:03:41', '2015-05-26 00:03:41', '72a6e64a-56f6-4ab1-9131-374b2bb7cff5');
INSERT INTO `craft_migrations` (`id`, `pluginId`, `version`, `applyTime`, `dateCreated`, `dateUpdated`, `uid`) VALUES ('5', NULL, 'm140829_000001_single_title_formats', '2015-05-26 00:03:41', '2015-05-26 00:03:41', '2015-05-26 00:03:41', 'd476b1d9-8feb-4b85-a737-111435481d49');
INSERT INTO `craft_migrations` (`id`, `pluginId`, `version`, `applyTime`, `dateCreated`, `dateUpdated`, `uid`) VALUES ('6', NULL, 'm140831_000001_extended_cache_keys', '2015-05-26 00:03:41', '2015-05-26 00:03:41', '2015-05-26 00:03:41', '419cafb4-8c95-45b1-8c15-b1683665fe42');
INSERT INTO `craft_migrations` (`id`, `pluginId`, `version`, `applyTime`, `dateCreated`, `dateUpdated`, `uid`) VALUES ('7', NULL, 'm140922_000001_delete_orphaned_matrix_blocks', '2015-05-26 00:03:41', '2015-05-26 00:03:41', '2015-05-26 00:03:41', '805f0854-2666-4d11-9cbe-59adb782f37a');
INSERT INTO `craft_migrations` (`id`, `pluginId`, `version`, `applyTime`, `dateCreated`, `dateUpdated`, `uid`) VALUES ('8', NULL, 'm141008_000001_elements_index_tune', '2015-05-26 00:03:41', '2015-05-26 00:03:41', '2015-05-26 00:03:41', '4018f1ca-4f38-46d1-80ac-68ddc4684716');
INSERT INTO `craft_migrations` (`id`, `pluginId`, `version`, `applyTime`, `dateCreated`, `dateUpdated`, `uid`) VALUES ('9', NULL, 'm141009_000001_assets_source_handle', '2015-05-26 00:03:41', '2015-05-26 00:03:41', '2015-05-26 00:03:41', '75a11290-5614-4e45-b6bc-87b43f93e481');
INSERT INTO `craft_migrations` (`id`, `pluginId`, `version`, `applyTime`, `dateCreated`, `dateUpdated`, `uid`) VALUES ('10', NULL, 'm141024_000001_field_layout_tabs', '2015-05-26 00:03:41', '2015-05-26 00:03:41', '2015-05-26 00:03:41', '0af08949-291f-4654-9640-f97266f144a9');
INSERT INTO `craft_migrations` (`id`, `pluginId`, `version`, `applyTime`, `dateCreated`, `dateUpdated`, `uid`) VALUES ('11', NULL, 'm141030_000001_drop_structure_move_permission', '2015-05-26 00:03:41', '2015-05-26 00:03:41', '2015-05-26 00:03:41', '3a5d426f-1e62-41af-bcce-502b799796e0');
INSERT INTO `craft_migrations` (`id`, `pluginId`, `version`, `applyTime`, `dateCreated`, `dateUpdated`, `uid`) VALUES ('12', NULL, 'm141103_000001_tag_titles', '2015-05-26 00:03:41', '2015-05-26 00:03:41', '2015-05-26 00:03:41', 'd45a7655-f00e-4334-affe-90099f7c2b9d');
INSERT INTO `craft_migrations` (`id`, `pluginId`, `version`, `applyTime`, `dateCreated`, `dateUpdated`, `uid`) VALUES ('13', NULL, 'm141109_000001_user_status_shuffle', '2015-05-26 00:03:41', '2015-05-26 00:03:41', '2015-05-26 00:03:41', '9cf29a1e-a1b6-4707-8ca4-e4d87b905af9');
INSERT INTO `craft_migrations` (`id`, `pluginId`, `version`, `applyTime`, `dateCreated`, `dateUpdated`, `uid`) VALUES ('14', NULL, 'm141126_000001_user_week_start_day', '2015-05-26 00:03:41', '2015-05-26 00:03:41', '2015-05-26 00:03:41', '262f503f-5007-4964-b4b9-31c49e12c46d');
INSERT INTO `craft_migrations` (`id`, `pluginId`, `version`, `applyTime`, `dateCreated`, `dateUpdated`, `uid`) VALUES ('15', NULL, 'm150210_000001_adjust_user_photo_size', '2015-05-26 00:03:41', '2015-05-26 00:03:41', '2015-05-26 00:03:41', '246732f7-340d-4cad-b9e1-0965b22e3bd9');



DROP TABLE IF EXISTS `craft_plugins`;


--
-- Schema for table `craft_plugins`
--
CREATE TABLE `craft_plugins` (
  `id` int(11) NOT NULL AUTO_INCREMENT,
  `class` varchar(150) COLLATE utf8_unicode_ci NOT NULL,
  `version` char(15) COLLATE utf8_unicode_ci NOT NULL,
  `enabled` tinyint(1) unsigned NOT NULL DEFAULT '0',
  `settings` text COLLATE utf8_unicode_ci,
  `installDate` datetime NOT NULL,
  `dateCreated` datetime NOT NULL,
  `dateUpdated` datetime NOT NULL,
  `uid` char(36) COLLATE utf8_unicode_ci NOT NULL DEFAULT '0',
  PRIMARY KEY (`id`)
) ENGINE=InnoDB AUTO_INCREMENT=4 DEFAULT CHARSET=utf8 COLLATE=utf8_unicode_ci;

--
-- Data for table `craft_plugins`
--

INSERT INTO `craft_plugins` (`id`, `class`, `version`, `enabled`, `settings`, `installDate`, `dateCreated`, `dateUpdated`, `uid`) VALUES ('1', 'ArtVandelay', '1.0.2', '1', NULL, '2015-05-26 01:28:35', '2015-05-26 01:28:35', '2015-05-26 01:28:35', '255bf518-6226-4d85-be51-490c2f7aec74');
INSERT INTO `craft_plugins` (`id`, `class`, `version`, `enabled`, `settings`, `installDate`, `dateCreated`, `dateUpdated`, `uid`) VALUES ('2', 'MandrillForm', '0.6', '1', '{\"emailRecipient\":\"rubiojan@gmail.com\",\"apiKey\":\"366iwqaBJGdpNJRYo8irSg\",\"emailSubject\":\"New message from Southern Tier AIDS Program\"}', '2015-05-26 01:28:37', '2015-05-26 01:28:37', '2015-06-04 02:16:22', '28ae43e1-68bb-47d4-915c-530ade763ce0');
INSERT INTO `craft_plugins` (`id`, `class`, `version`, `enabled`, `settings`, `installDate`, `dateCreated`, `dateUpdated`, `uid`) VALUES ('3', 'Recaptcha', '1.0', '1', NULL, '2015-05-26 01:28:39', '2015-05-26 01:28:39', '2015-05-26 01:28:39', '87d88247-a03c-4fc9-9265-9a9ebbf948c1');



DROP TABLE IF EXISTS `craft_rackspaceaccess`;


--
-- Schema for table `craft_rackspaceaccess`
--
CREATE TABLE `craft_rackspaceaccess` (
  `id` int(11) NOT NULL AUTO_INCREMENT,
  `connectionKey` varchar(255) COLLATE utf8_unicode_ci NOT NULL,
  `token` varchar(255) COLLATE utf8_unicode_ci NOT NULL,
  `storageUrl` varchar(255) COLLATE utf8_unicode_ci NOT NULL,
  `cdnUrl` varchar(255) COLLATE utf8_unicode_ci NOT NULL,
  `dateCreated` datetime NOT NULL,
  `dateUpdated` datetime NOT NULL,
  `uid` char(36) COLLATE utf8_unicode_ci NOT NULL DEFAULT '0',
  PRIMARY KEY (`id`),
  UNIQUE KEY `craft_rackspaceaccess_connectionKey_unq_idx` (`connectionKey`)
) ENGINE=InnoDB DEFAULT CHARSET=utf8 COLLATE=utf8_unicode_ci;

DROP TABLE IF EXISTS `craft_relations`;


--
-- Schema for table `craft_relations`
--
CREATE TABLE `craft_relations` (
  `id` int(11) NOT NULL AUTO_INCREMENT,
  `fieldId` int(11) NOT NULL,
  `sourceId` int(11) NOT NULL,
  `sourceLocale` char(12) COLLATE utf8_unicode_ci DEFAULT NULL,
  `targetId` int(11) NOT NULL,
  `sortOrder` smallint(6) DEFAULT NULL,
  `dateCreated` datetime NOT NULL,
  `dateUpdated` datetime NOT NULL,
  `uid` char(36) COLLATE utf8_unicode_ci NOT NULL DEFAULT '0',
  PRIMARY KEY (`id`),
  UNIQUE KEY `craft_relations_fieldId_sourceId_sourceLocale_targetId_unq_idx` (`fieldId`,`sourceId`,`sourceLocale`,`targetId`),
  KEY `craft_relations_sourceId_fk` (`sourceId`),
  KEY `craft_relations_sourceLocale_fk` (`sourceLocale`),
  KEY `craft_relations_targetId_fk` (`targetId`)
) ENGINE=InnoDB AUTO_INCREMENT=10 DEFAULT CHARSET=utf8 COLLATE=utf8_unicode_ci;

--
-- Data for table `craft_relations`
--

INSERT INTO `craft_relations` (`id`, `fieldId`, `sourceId`, `sourceLocale`, `targetId`, `sortOrder`, `dateCreated`, `dateUpdated`, `uid`) VALUES ('7', '23', '51', NULL, '50', '1', '2015-06-07 00:07:32', '2015-06-07 00:07:32', '9d925214-26e7-493e-b7b0-861b1ac25ee4');
INSERT INTO `craft_relations` (`id`, `fieldId`, `sourceId`, `sourceLocale`, `targetId`, `sortOrder`, `dateCreated`, `dateUpdated`, `uid`) VALUES ('8', '23', '49', NULL, '48', '1', '2015-06-07 00:07:32', '2015-06-07 00:07:32', '4d229713-885a-431d-940b-a121ae0f8dc8');
INSERT INTO `craft_relations` (`id`, `fieldId`, `sourceId`, `sourceLocale`, `targetId`, `sortOrder`, `dateCreated`, `dateUpdated`, `uid`) VALUES ('9', '23', '53', NULL, '52', '1', '2015-06-07 00:07:32', '2015-06-07 00:07:32', '9c949179-34d8-45e2-96d8-c57aed547dae');



DROP TABLE IF EXISTS `craft_routes`;


--
-- Schema for table `craft_routes`
--
CREATE TABLE `craft_routes` (
  `id` int(11) NOT NULL AUTO_INCREMENT,
  `locale` char(12) COLLATE utf8_unicode_ci DEFAULT NULL,
  `urlParts` varchar(255) COLLATE utf8_unicode_ci NOT NULL,
  `urlPattern` varchar(255) COLLATE utf8_unicode_ci NOT NULL,
  `template` varchar(255) COLLATE utf8_unicode_ci NOT NULL,
  `sortOrder` tinyint(4) DEFAULT NULL,
  `dateCreated` datetime NOT NULL,
  `dateUpdated` datetime NOT NULL,
  `uid` char(36) COLLATE utf8_unicode_ci NOT NULL DEFAULT '0',
  PRIMARY KEY (`id`),
  UNIQUE KEY `craft_routes_urlPattern_unq_idx` (`urlPattern`),
  KEY `craft_routes_locale_idx` (`locale`)
) ENGINE=InnoDB DEFAULT CHARSET=utf8 COLLATE=utf8_unicode_ci;

DROP TABLE IF EXISTS `craft_searchindex`;


--
-- Schema for table `craft_searchindex`
--
CREATE TABLE `craft_searchindex` (
  `elementId` int(11) NOT NULL,
  `attribute` varchar(25) COLLATE utf8_unicode_ci NOT NULL,
  `fieldId` int(11) NOT NULL,
  `locale` char(12) COLLATE utf8_unicode_ci NOT NULL,
  `keywords` text COLLATE utf8_unicode_ci NOT NULL,
  PRIMARY KEY (`elementId`,`attribute`,`fieldId`,`locale`),
  FULLTEXT KEY `craft_searchindex_keywords_idx` (`keywords`)
) ENGINE=MyISAM DEFAULT CHARSET=utf8 COLLATE=utf8_unicode_ci;

--
-- Data for table `craft_searchindex`
--

INSERT INTO `craft_searchindex` (`elementId`, `attribute`, `fieldId`, `locale`, `keywords`) VALUES ('1', 'username', '0', 'en_us', ' admin ');
INSERT INTO `craft_searchindex` (`elementId`, `attribute`, `fieldId`, `locale`, `keywords`) VALUES ('1', 'firstname', '0', 'en_us', '');
INSERT INTO `craft_searchindex` (`elementId`, `attribute`, `fieldId`, `locale`, `keywords`) VALUES ('1', 'lastname', '0', 'en_us', '');
INSERT INTO `craft_searchindex` (`elementId`, `attribute`, `fieldId`, `locale`, `keywords`) VALUES ('1', 'fullname', '0', 'en_us', '');
INSERT INTO `craft_searchindex` (`elementId`, `attribute`, `fieldId`, `locale`, `keywords`) VALUES ('1', 'email', '0', 'en_us', ' rubiojan gmail com ');
INSERT INTO `craft_searchindex` (`elementId`, `attribute`, `fieldId`, `locale`, `keywords`) VALUES ('1', 'slug', '0', 'en_us', '');
INSERT INTO `craft_searchindex` (`elementId`, `attribute`, `fieldId`, `locale`, `keywords`) VALUES ('2', 'field', '1', 'en_us', ' it s true this site doesn t have a whole lot of content yet but don t worry our web developers have just installed the cms and they re setting things up for the content editors this very moment soon localhost will be an oasis of fresh perspectives sharp analyses and astute opinions that will keep you coming back again and again ');
INSERT INTO `craft_searchindex` (`elementId`, `attribute`, `fieldId`, `locale`, `keywords`) VALUES ('2', 'slug', '0', 'en_us', ' homepage ');
INSERT INTO `craft_searchindex` (`elementId`, `attribute`, `fieldId`, `locale`, `keywords`) VALUES ('2', 'title', '0', 'en_us', ' homepage ');
INSERT INTO `craft_searchindex` (`elementId`, `attribute`, `fieldId`, `locale`, `keywords`) VALUES ('3', 'field', '1', 'en_us', ' craft is the cms that s powering localhost it s beautiful powerful flexible and easy to use and it s made by pixel tonic we can t wait to dive in and see what it s capable of this is even more captivating content which you couldn t see on the news index page because it was entered after a page break and the news index template only likes to show the content on the first page craft a nice alternative to word if you re making a website ');
INSERT INTO `craft_searchindex` (`elementId`, `attribute`, `fieldId`, `locale`, `keywords`) VALUES ('3', 'field', '2', 'en_us', '');
INSERT INTO `craft_searchindex` (`elementId`, `attribute`, `fieldId`, `locale`, `keywords`) VALUES ('3', 'slug', '0', 'en_us', ' news ');
INSERT INTO `craft_searchindex` (`elementId`, `attribute`, `fieldId`, `locale`, `keywords`) VALUES ('3', 'title', '0', 'en_us', ' news ');
INSERT INTO `craft_searchindex` (`elementId`, `attribute`, `fieldId`, `locale`, `keywords`) VALUES ('14', 'field', '3', 'en_us', ' 225 front street walk in or by appointment binghamton general public free of charge varied 42 1052726 broome county health department 75 9167228 607 778 2839 anonymous testing confidential testing rapid testing oral testing ny 13905 277 main street walk in or by appointment johnson city general public free of charge monday 1 4 30 thursday 9 noon thursday 1 3 00 42 1158695 southern tier aids program 75 9567031 607 798 1706 800 333 0982 anonymous testing confidential testing rapid testing oral testing ny http www stapinc org 13790 117 hawley street by appointment evening and weekend hours available binghamton general public varied varied 42 0981424 planned parenthood of south central new york binghamton 75 9074523 607 723 8306 confidential testing rapid testing ny http www ppscny org 13901 ');
INSERT INTO `craft_searchindex` (`elementId`, `attribute`, `fieldId`, `locale`, `keywords`) VALUES ('14', 'slug', '0', 'en_us', ' broome ');
INSERT INTO `craft_searchindex` (`elementId`, `attribute`, `fieldId`, `locale`, `keywords`) VALUES ('14', 'title', '0', 'en_us', ' broome ');
INSERT INTO `craft_searchindex` (`elementId`, `attribute`, `fieldId`, `locale`, `keywords`) VALUES ('15', 'field', '4', 'en_us', ' broome county health department ');
INSERT INTO `craft_searchindex` (`elementId`, `attribute`, `fieldId`, `locale`, `keywords`) VALUES ('15', 'field', '5', 'en_us', ' 225 front street ');
INSERT INTO `craft_searchindex` (`elementId`, `attribute`, `fieldId`, `locale`, `keywords`) VALUES ('15', 'field', '6', 'en_us', '');
INSERT INTO `craft_searchindex` (`elementId`, `attribute`, `fieldId`, `locale`, `keywords`) VALUES ('15', 'field', '10', 'en_us', ' binghamton ');
INSERT INTO `craft_searchindex` (`elementId`, `attribute`, `fieldId`, `locale`, `keywords`) VALUES ('15', 'field', '11', 'en_us', ' ny ');
INSERT INTO `craft_searchindex` (`elementId`, `attribute`, `fieldId`, `locale`, `keywords`) VALUES ('15', 'field', '12', 'en_us', ' 13905 ');
INSERT INTO `craft_searchindex` (`elementId`, `attribute`, `fieldId`, `locale`, `keywords`) VALUES ('15', 'field', '7', 'en_us', ' 607 778 2839 ');
INSERT INTO `craft_searchindex` (`elementId`, `attribute`, `fieldId`, `locale`, `keywords`) VALUES ('15', 'field', '8', 'en_us', '');
INSERT INTO `craft_searchindex` (`elementId`, `attribute`, `fieldId`, `locale`, `keywords`) VALUES ('15', 'field', '9', 'en_us', ' anonymous testing confidential testing rapid testing oral testing ');
INSERT INTO `craft_searchindex` (`elementId`, `attribute`, `fieldId`, `locale`, `keywords`) VALUES ('15', 'slug', '0', 'en_us', '');
INSERT INTO `craft_searchindex` (`elementId`, `attribute`, `fieldId`, `locale`, `keywords`) VALUES ('15', 'field', '17', 'en_us', '');
INSERT INTO `craft_searchindex` (`elementId`, `attribute`, `fieldId`, `locale`, `keywords`) VALUES ('15', 'field', '13', 'en_us', ' varied ');
INSERT INTO `craft_searchindex` (`elementId`, `attribute`, `fieldId`, `locale`, `keywords`) VALUES ('15', 'field', '14', 'en_us', ' free of charge ');
INSERT INTO `craft_searchindex` (`elementId`, `attribute`, `fieldId`, `locale`, `keywords`) VALUES ('15', 'field', '15', 'en_us', ' general public ');
INSERT INTO `craft_searchindex` (`elementId`, `attribute`, `fieldId`, `locale`, `keywords`) VALUES ('15', 'field', '16', 'en_us', ' walk in or by appointment ');
INSERT INTO `craft_searchindex` (`elementId`, `attribute`, `fieldId`, `locale`, `keywords`) VALUES ('16', 'field', '4', 'en_us', ' southern tier aids program ');
INSERT INTO `craft_searchindex` (`elementId`, `attribute`, `fieldId`, `locale`, `keywords`) VALUES ('16', 'field', '5', 'en_us', ' 277 main street ');
INSERT INTO `craft_searchindex` (`elementId`, `attribute`, `fieldId`, `locale`, `keywords`) VALUES ('16', 'field', '6', 'en_us', '');
INSERT INTO `craft_searchindex` (`elementId`, `attribute`, `fieldId`, `locale`, `keywords`) VALUES ('16', 'field', '10', 'en_us', ' johnson city ');
INSERT INTO `craft_searchindex` (`elementId`, `attribute`, `fieldId`, `locale`, `keywords`) VALUES ('16', 'field', '11', 'en_us', ' ny ');
INSERT INTO `craft_searchindex` (`elementId`, `attribute`, `fieldId`, `locale`, `keywords`) VALUES ('16', 'field', '12', 'en_us', ' 13790 ');
INSERT INTO `craft_searchindex` (`elementId`, `attribute`, `fieldId`, `locale`, `keywords`) VALUES ('16', 'field', '7', 'en_us', ' 607 798 1706 ');
INSERT INTO `craft_searchindex` (`elementId`, `attribute`, `fieldId`, `locale`, `keywords`) VALUES ('16', 'field', '17', 'en_us', ' 800 333 0982 ');
INSERT INTO `craft_searchindex` (`elementId`, `attribute`, `fieldId`, `locale`, `keywords`) VALUES ('16', 'field', '8', 'en_us', ' http www stapinc org ');
INSERT INTO `craft_searchindex` (`elementId`, `attribute`, `fieldId`, `locale`, `keywords`) VALUES ('16', 'field', '13', 'en_us', ' monday 1 4 30 thursday 9 noon thursday 1 3 00 ');
INSERT INTO `craft_searchindex` (`elementId`, `attribute`, `fieldId`, `locale`, `keywords`) VALUES ('16', 'field', '14', 'en_us', ' free of charge ');
INSERT INTO `craft_searchindex` (`elementId`, `attribute`, `fieldId`, `locale`, `keywords`) VALUES ('16', 'field', '15', 'en_us', ' general public ');
INSERT INTO `craft_searchindex` (`elementId`, `attribute`, `fieldId`, `locale`, `keywords`) VALUES ('16', 'field', '16', 'en_us', ' walk in or by appointment ');
INSERT INTO `craft_searchindex` (`elementId`, `attribute`, `fieldId`, `locale`, `keywords`) VALUES ('16', 'field', '9', 'en_us', ' anonymous testing confidential testing rapid testing oral testing ');
INSERT INTO `craft_searchindex` (`elementId`, `attribute`, `fieldId`, `locale`, `keywords`) VALUES ('16', 'slug', '0', 'en_us', '');
INSERT INTO `craft_searchindex` (`elementId`, `attribute`, `fieldId`, `locale`, `keywords`) VALUES ('17', 'field', '4', 'en_us', ' planned parenthood of south central new york binghamton ');
INSERT INTO `craft_searchindex` (`elementId`, `attribute`, `fieldId`, `locale`, `keywords`) VALUES ('17', 'field', '5', 'en_us', ' 117 hawley street ');
INSERT INTO `craft_searchindex` (`elementId`, `attribute`, `fieldId`, `locale`, `keywords`) VALUES ('17', 'field', '6', 'en_us', '');
INSERT INTO `craft_searchindex` (`elementId`, `attribute`, `fieldId`, `locale`, `keywords`) VALUES ('17', 'field', '10', 'en_us', ' binghamton ');
INSERT INTO `craft_searchindex` (`elementId`, `attribute`, `fieldId`, `locale`, `keywords`) VALUES ('17', 'field', '11', 'en_us', ' ny ');
INSERT INTO `craft_searchindex` (`elementId`, `attribute`, `fieldId`, `locale`, `keywords`) VALUES ('17', 'field', '12', 'en_us', ' 13901 ');
INSERT INTO `craft_searchindex` (`elementId`, `attribute`, `fieldId`, `locale`, `keywords`) VALUES ('17', 'field', '7', 'en_us', ' 607 723 8306 ');
INSERT INTO `craft_searchindex` (`elementId`, `attribute`, `fieldId`, `locale`, `keywords`) VALUES ('17', 'field', '17', 'en_us', '');
INSERT INTO `craft_searchindex` (`elementId`, `attribute`, `fieldId`, `locale`, `keywords`) VALUES ('17', 'field', '8', 'en_us', ' http www ppscny org ');
INSERT INTO `craft_searchindex` (`elementId`, `attribute`, `fieldId`, `locale`, `keywords`) VALUES ('17', 'field', '13', 'en_us', ' varied ');
INSERT INTO `craft_searchindex` (`elementId`, `attribute`, `fieldId`, `locale`, `keywords`) VALUES ('17', 'field', '14', 'en_us', ' varied ');
INSERT INTO `craft_searchindex` (`elementId`, `attribute`, `fieldId`, `locale`, `keywords`) VALUES ('17', 'field', '15', 'en_us', ' general public ');
INSERT INTO `craft_searchindex` (`elementId`, `attribute`, `fieldId`, `locale`, `keywords`) VALUES ('17', 'field', '16', 'en_us', ' by appointment evening and weekend hours available ');
INSERT INTO `craft_searchindex` (`elementId`, `attribute`, `fieldId`, `locale`, `keywords`) VALUES ('17', 'field', '9', 'en_us', ' confidential testing rapid testing ');
INSERT INTO `craft_searchindex` (`elementId`, `attribute`, `fieldId`, `locale`, `keywords`) VALUES ('17', 'slug', '0', 'en_us', '');
INSERT INTO `craft_searchindex` (`elementId`, `attribute`, `fieldId`, `locale`, `keywords`) VALUES ('18', 'field', '3', 'en_us', ' 103 washington street walk in elmira general public free of charge varied 42 0906592 chemung county health department 76 7950159 607 737 2028 anonymous testing confidential testing rapid testing ny 14901 451 east market street by appointment elmira general public free of charge varied 42 09059 southern tier aids program 76 8001568 607 737 4081 888 564 5693 confidential testing rapid testing oral testing ny http www stapinc org 14901 775 east church street walk in or by appointment evening and weekend hours available elmira general public free of charge or reduced fee based on income accepts 3rd party insurace varied 42 0940975 planned parenthood of the southern finger lakes 76 794044 607 734 3313 confidential testing rapid testing oral testing ny http www plannedparenthood org ppst 14901 600 roe avenue by appointment elmira general public bills insurance m t w f 8 00 4 30 42 1002359 arnot ogden medical center 76 8286155 607 737 8188 confidential testing rapid testing ny http www aomc org 14905 ');
INSERT INTO `craft_searchindex` (`elementId`, `attribute`, `fieldId`, `locale`, `keywords`) VALUES ('18', 'slug', '0', 'en_us', ' chemung ');
INSERT INTO `craft_searchindex` (`elementId`, `attribute`, `fieldId`, `locale`, `keywords`) VALUES ('18', 'title', '0', 'en_us', ' chemung ');
INSERT INTO `craft_searchindex` (`elementId`, `attribute`, `fieldId`, `locale`, `keywords`) VALUES ('19', 'field', '4', 'en_us', ' chemung county health department ');
INSERT INTO `craft_searchindex` (`elementId`, `attribute`, `fieldId`, `locale`, `keywords`) VALUES ('19', 'field', '5', 'en_us', ' 103 washington street ');
INSERT INTO `craft_searchindex` (`elementId`, `attribute`, `fieldId`, `locale`, `keywords`) VALUES ('19', 'field', '6', 'en_us', '');
INSERT INTO `craft_searchindex` (`elementId`, `attribute`, `fieldId`, `locale`, `keywords`) VALUES ('19', 'field', '10', 'en_us', ' elmira ');
INSERT INTO `craft_searchindex` (`elementId`, `attribute`, `fieldId`, `locale`, `keywords`) VALUES ('19', 'field', '11', 'en_us', ' ny ');
INSERT INTO `craft_searchindex` (`elementId`, `attribute`, `fieldId`, `locale`, `keywords`) VALUES ('19', 'field', '12', 'en_us', ' 14901 ');
INSERT INTO `craft_searchindex` (`elementId`, `attribute`, `fieldId`, `locale`, `keywords`) VALUES ('19', 'field', '7', 'en_us', ' 607 737 2028 ');
INSERT INTO `craft_searchindex` (`elementId`, `attribute`, `fieldId`, `locale`, `keywords`) VALUES ('19', 'field', '17', 'en_us', '');
INSERT INTO `craft_searchindex` (`elementId`, `attribute`, `fieldId`, `locale`, `keywords`) VALUES ('19', 'field', '8', 'en_us', '');
INSERT INTO `craft_searchindex` (`elementId`, `attribute`, `fieldId`, `locale`, `keywords`) VALUES ('19', 'field', '13', 'en_us', ' varied ');
INSERT INTO `craft_searchindex` (`elementId`, `attribute`, `fieldId`, `locale`, `keywords`) VALUES ('19', 'field', '14', 'en_us', ' free of charge ');
INSERT INTO `craft_searchindex` (`elementId`, `attribute`, `fieldId`, `locale`, `keywords`) VALUES ('19', 'field', '15', 'en_us', ' general public ');
INSERT INTO `craft_searchindex` (`elementId`, `attribute`, `fieldId`, `locale`, `keywords`) VALUES ('19', 'field', '16', 'en_us', ' walk in ');
INSERT INTO `craft_searchindex` (`elementId`, `attribute`, `fieldId`, `locale`, `keywords`) VALUES ('19', 'field', '9', 'en_us', ' anonymous testing confidential testing rapid testing ');
INSERT INTO `craft_searchindex` (`elementId`, `attribute`, `fieldId`, `locale`, `keywords`) VALUES ('19', 'slug', '0', 'en_us', '');
INSERT INTO `craft_searchindex` (`elementId`, `attribute`, `fieldId`, `locale`, `keywords`) VALUES ('20', 'field', '4', 'en_us', ' southern tier aids program ');
INSERT INTO `craft_searchindex` (`elementId`, `attribute`, `fieldId`, `locale`, `keywords`) VALUES ('20', 'field', '5', 'en_us', ' 451 east market street ');
INSERT INTO `craft_searchindex` (`elementId`, `attribute`, `fieldId`, `locale`, `keywords`) VALUES ('20', 'field', '6', 'en_us', '');
INSERT INTO `craft_searchindex` (`elementId`, `attribute`, `fieldId`, `locale`, `keywords`) VALUES ('20', 'field', '10', 'en_us', ' elmira ');
INSERT INTO `craft_searchindex` (`elementId`, `attribute`, `fieldId`, `locale`, `keywords`) VALUES ('20', 'field', '11', 'en_us', ' ny ');
INSERT INTO `craft_searchindex` (`elementId`, `attribute`, `fieldId`, `locale`, `keywords`) VALUES ('20', 'field', '12', 'en_us', ' 14901 ');
INSERT INTO `craft_searchindex` (`elementId`, `attribute`, `fieldId`, `locale`, `keywords`) VALUES ('20', 'field', '7', 'en_us', ' 607 737 4081 ');
INSERT INTO `craft_searchindex` (`elementId`, `attribute`, `fieldId`, `locale`, `keywords`) VALUES ('20', 'field', '17', 'en_us', ' 888 564 5693 ');
INSERT INTO `craft_searchindex` (`elementId`, `attribute`, `fieldId`, `locale`, `keywords`) VALUES ('20', 'field', '8', 'en_us', ' http www stapinc org ');
INSERT INTO `craft_searchindex` (`elementId`, `attribute`, `fieldId`, `locale`, `keywords`) VALUES ('20', 'field', '13', 'en_us', ' varied ');
INSERT INTO `craft_searchindex` (`elementId`, `attribute`, `fieldId`, `locale`, `keywords`) VALUES ('20', 'field', '14', 'en_us', ' free of charge ');
INSERT INTO `craft_searchindex` (`elementId`, `attribute`, `fieldId`, `locale`, `keywords`) VALUES ('20', 'field', '15', 'en_us', ' general public ');
INSERT INTO `craft_searchindex` (`elementId`, `attribute`, `fieldId`, `locale`, `keywords`) VALUES ('20', 'field', '16', 'en_us', ' by appointment ');
INSERT INTO `craft_searchindex` (`elementId`, `attribute`, `fieldId`, `locale`, `keywords`) VALUES ('20', 'field', '9', 'en_us', ' confidential testing rapid testing oral testing ');
INSERT INTO `craft_searchindex` (`elementId`, `attribute`, `fieldId`, `locale`, `keywords`) VALUES ('20', 'slug', '0', 'en_us', '');
INSERT INTO `craft_searchindex` (`elementId`, `attribute`, `fieldId`, `locale`, `keywords`) VALUES ('21', 'field', '4', 'en_us', ' planned parenthood of the southern finger lakes ');
INSERT INTO `craft_searchindex` (`elementId`, `attribute`, `fieldId`, `locale`, `keywords`) VALUES ('21', 'field', '5', 'en_us', ' 775 east church street ');
INSERT INTO `craft_searchindex` (`elementId`, `attribute`, `fieldId`, `locale`, `keywords`) VALUES ('21', 'field', '6', 'en_us', '');
INSERT INTO `craft_searchindex` (`elementId`, `attribute`, `fieldId`, `locale`, `keywords`) VALUES ('21', 'field', '10', 'en_us', ' elmira ');
INSERT INTO `craft_searchindex` (`elementId`, `attribute`, `fieldId`, `locale`, `keywords`) VALUES ('21', 'field', '11', 'en_us', ' ny ');
INSERT INTO `craft_searchindex` (`elementId`, `attribute`, `fieldId`, `locale`, `keywords`) VALUES ('21', 'field', '12', 'en_us', ' 14901 ');
INSERT INTO `craft_searchindex` (`elementId`, `attribute`, `fieldId`, `locale`, `keywords`) VALUES ('21', 'field', '7', 'en_us', ' 607 734 3313 ');
INSERT INTO `craft_searchindex` (`elementId`, `attribute`, `fieldId`, `locale`, `keywords`) VALUES ('21', 'field', '17', 'en_us', '');
INSERT INTO `craft_searchindex` (`elementId`, `attribute`, `fieldId`, `locale`, `keywords`) VALUES ('21', 'field', '8', 'en_us', ' http www plannedparenthood org ppst ');
INSERT INTO `craft_searchindex` (`elementId`, `attribute`, `fieldId`, `locale`, `keywords`) VALUES ('21', 'field', '13', 'en_us', ' varied ');
INSERT INTO `craft_searchindex` (`elementId`, `attribute`, `fieldId`, `locale`, `keywords`) VALUES ('21', 'field', '14', 'en_us', ' free of charge or reduced fee based on income accepts 3rd party insurace ');
INSERT INTO `craft_searchindex` (`elementId`, `attribute`, `fieldId`, `locale`, `keywords`) VALUES ('21', 'field', '15', 'en_us', ' general public ');
INSERT INTO `craft_searchindex` (`elementId`, `attribute`, `fieldId`, `locale`, `keywords`) VALUES ('21', 'field', '16', 'en_us', ' walk in or by appointment evening and weekend hours available ');
INSERT INTO `craft_searchindex` (`elementId`, `attribute`, `fieldId`, `locale`, `keywords`) VALUES ('21', 'field', '9', 'en_us', ' confidential testing rapid testing oral testing ');
INSERT INTO `craft_searchindex` (`elementId`, `attribute`, `fieldId`, `locale`, `keywords`) VALUES ('21', 'slug', '0', 'en_us', '');
INSERT INTO `craft_searchindex` (`elementId`, `attribute`, `fieldId`, `locale`, `keywords`) VALUES ('22', 'field', '4', 'en_us', ' arnot ogden medical center ');
INSERT INTO `craft_searchindex` (`elementId`, `attribute`, `fieldId`, `locale`, `keywords`) VALUES ('22', 'field', '5', 'en_us', ' 600 roe avenue ');
INSERT INTO `craft_searchindex` (`elementId`, `attribute`, `fieldId`, `locale`, `keywords`) VALUES ('22', 'field', '6', 'en_us', '');
INSERT INTO `craft_searchindex` (`elementId`, `attribute`, `fieldId`, `locale`, `keywords`) VALUES ('22', 'field', '10', 'en_us', ' elmira ');
INSERT INTO `craft_searchindex` (`elementId`, `attribute`, `fieldId`, `locale`, `keywords`) VALUES ('22', 'field', '11', 'en_us', ' ny ');
INSERT INTO `craft_searchindex` (`elementId`, `attribute`, `fieldId`, `locale`, `keywords`) VALUES ('22', 'field', '12', 'en_us', ' 14905 ');
INSERT INTO `craft_searchindex` (`elementId`, `attribute`, `fieldId`, `locale`, `keywords`) VALUES ('22', 'field', '7', 'en_us', ' 607 737 8188 ');
INSERT INTO `craft_searchindex` (`elementId`, `attribute`, `fieldId`, `locale`, `keywords`) VALUES ('22', 'field', '17', 'en_us', '');
INSERT INTO `craft_searchindex` (`elementId`, `attribute`, `fieldId`, `locale`, `keywords`) VALUES ('22', 'field', '8', 'en_us', ' http www aomc org ');
INSERT INTO `craft_searchindex` (`elementId`, `attribute`, `fieldId`, `locale`, `keywords`) VALUES ('22', 'field', '13', 'en_us', ' m t w f 8 00 4 30 ');
INSERT INTO `craft_searchindex` (`elementId`, `attribute`, `fieldId`, `locale`, `keywords`) VALUES ('22', 'field', '14', 'en_us', ' bills insurance ');
INSERT INTO `craft_searchindex` (`elementId`, `attribute`, `fieldId`, `locale`, `keywords`) VALUES ('22', 'field', '15', 'en_us', ' general public ');
INSERT INTO `craft_searchindex` (`elementId`, `attribute`, `fieldId`, `locale`, `keywords`) VALUES ('22', 'field', '16', 'en_us', ' by appointment ');
INSERT INTO `craft_searchindex` (`elementId`, `attribute`, `fieldId`, `locale`, `keywords`) VALUES ('22', 'field', '9', 'en_us', ' confidential testing rapid testing ');
INSERT INTO `craft_searchindex` (`elementId`, `attribute`, `fieldId`, `locale`, `keywords`) VALUES ('22', 'slug', '0', 'en_us', '');
INSERT INTO `craft_searchindex` (`elementId`, `attribute`, `fieldId`, `locale`, `keywords`) VALUES ('23', 'field', '3', 'en_us', ' the eaton center suite 208 26 conkey avenue by appointment norwich all are welcome sliding fee scale mon 10 am 6 pm tue wed fri 8 30 am 4 30 pm thur 11 30 am 7 30 pm please call for saturday hours 42 5257407 planned parenthood of south central new york norwich 75 525915 607 334 6378 confidential testing rapid testing ny http www ppscny org 13815 4 newton avenue by appointment norwich general public free of charge or reducted fee based on client income m f 8 00 4 00 42 5395633 chenango memorial hospital family health center 75 5254416 607 337 4139 anonymous testing confidential testing ny 13815 ');
INSERT INTO `craft_searchindex` (`elementId`, `attribute`, `fieldId`, `locale`, `keywords`) VALUES ('23', 'slug', '0', 'en_us', ' chenango ');
INSERT INTO `craft_searchindex` (`elementId`, `attribute`, `fieldId`, `locale`, `keywords`) VALUES ('23', 'title', '0', 'en_us', ' chenango ');
INSERT INTO `craft_searchindex` (`elementId`, `attribute`, `fieldId`, `locale`, `keywords`) VALUES ('24', 'field', '4', 'en_us', ' planned parenthood of south central new york norwich ');
INSERT INTO `craft_searchindex` (`elementId`, `attribute`, `fieldId`, `locale`, `keywords`) VALUES ('24', 'field', '5', 'en_us', ' 26 conkey avenue ');
INSERT INTO `craft_searchindex` (`elementId`, `attribute`, `fieldId`, `locale`, `keywords`) VALUES ('24', 'field', '6', 'en_us', ' the eaton center suite 208 ');
INSERT INTO `craft_searchindex` (`elementId`, `attribute`, `fieldId`, `locale`, `keywords`) VALUES ('24', 'field', '10', 'en_us', ' norwich ');
INSERT INTO `craft_searchindex` (`elementId`, `attribute`, `fieldId`, `locale`, `keywords`) VALUES ('24', 'field', '11', 'en_us', ' ny ');
INSERT INTO `craft_searchindex` (`elementId`, `attribute`, `fieldId`, `locale`, `keywords`) VALUES ('24', 'field', '12', 'en_us', ' 13815 ');
INSERT INTO `craft_searchindex` (`elementId`, `attribute`, `fieldId`, `locale`, `keywords`) VALUES ('24', 'field', '7', 'en_us', ' 607 334 6378 ');
INSERT INTO `craft_searchindex` (`elementId`, `attribute`, `fieldId`, `locale`, `keywords`) VALUES ('24', 'field', '17', 'en_us', '');
INSERT INTO `craft_searchindex` (`elementId`, `attribute`, `fieldId`, `locale`, `keywords`) VALUES ('24', 'field', '8', 'en_us', ' http www ppscny org ');
INSERT INTO `craft_searchindex` (`elementId`, `attribute`, `fieldId`, `locale`, `keywords`) VALUES ('24', 'field', '13', 'en_us', ' mon 10 am 6 pm tue wed fri 8 30 am 4 30 pm thur 11 30 am 7 30 pm please call for saturday hours ');
INSERT INTO `craft_searchindex` (`elementId`, `attribute`, `fieldId`, `locale`, `keywords`) VALUES ('24', 'field', '14', 'en_us', ' sliding fee scale ');
INSERT INTO `craft_searchindex` (`elementId`, `attribute`, `fieldId`, `locale`, `keywords`) VALUES ('24', 'field', '15', 'en_us', ' all are welcome ');
INSERT INTO `craft_searchindex` (`elementId`, `attribute`, `fieldId`, `locale`, `keywords`) VALUES ('24', 'field', '16', 'en_us', ' by appointment ');
INSERT INTO `craft_searchindex` (`elementId`, `attribute`, `fieldId`, `locale`, `keywords`) VALUES ('24', 'field', '9', 'en_us', ' confidential testing rapid testing ');
INSERT INTO `craft_searchindex` (`elementId`, `attribute`, `fieldId`, `locale`, `keywords`) VALUES ('24', 'slug', '0', 'en_us', '');
INSERT INTO `craft_searchindex` (`elementId`, `attribute`, `fieldId`, `locale`, `keywords`) VALUES ('25', 'field', '4', 'en_us', ' chenango memorial hospital family health center ');
INSERT INTO `craft_searchindex` (`elementId`, `attribute`, `fieldId`, `locale`, `keywords`) VALUES ('25', 'field', '5', 'en_us', ' 4 newton avenue ');
INSERT INTO `craft_searchindex` (`elementId`, `attribute`, `fieldId`, `locale`, `keywords`) VALUES ('25', 'field', '6', 'en_us', '');
INSERT INTO `craft_searchindex` (`elementId`, `attribute`, `fieldId`, `locale`, `keywords`) VALUES ('25', 'field', '10', 'en_us', ' norwich ');
INSERT INTO `craft_searchindex` (`elementId`, `attribute`, `fieldId`, `locale`, `keywords`) VALUES ('25', 'field', '11', 'en_us', ' ny ');
INSERT INTO `craft_searchindex` (`elementId`, `attribute`, `fieldId`, `locale`, `keywords`) VALUES ('25', 'field', '12', 'en_us', ' 13815 ');
INSERT INTO `craft_searchindex` (`elementId`, `attribute`, `fieldId`, `locale`, `keywords`) VALUES ('25', 'field', '7', 'en_us', ' 607 337 4139 ');
INSERT INTO `craft_searchindex` (`elementId`, `attribute`, `fieldId`, `locale`, `keywords`) VALUES ('25', 'field', '17', 'en_us', '');
INSERT INTO `craft_searchindex` (`elementId`, `attribute`, `fieldId`, `locale`, `keywords`) VALUES ('25', 'field', '8', 'en_us', '');
INSERT INTO `craft_searchindex` (`elementId`, `attribute`, `fieldId`, `locale`, `keywords`) VALUES ('25', 'field', '13', 'en_us', ' m f 8 00 4 00 ');
INSERT INTO `craft_searchindex` (`elementId`, `attribute`, `fieldId`, `locale`, `keywords`) VALUES ('25', 'field', '14', 'en_us', ' free of charge or reducted fee based on client income ');
INSERT INTO `craft_searchindex` (`elementId`, `attribute`, `fieldId`, `locale`, `keywords`) VALUES ('25', 'field', '15', 'en_us', ' general public ');
INSERT INTO `craft_searchindex` (`elementId`, `attribute`, `fieldId`, `locale`, `keywords`) VALUES ('25', 'field', '16', 'en_us', ' by appointment ');
INSERT INTO `craft_searchindex` (`elementId`, `attribute`, `fieldId`, `locale`, `keywords`) VALUES ('25', 'field', '9', 'en_us', ' anonymous testing confidential testing ');
INSERT INTO `craft_searchindex` (`elementId`, `attribute`, `fieldId`, `locale`, `keywords`) VALUES ('25', 'slug', '0', 'en_us', '');
INSERT INTO `craft_searchindex` (`elementId`, `attribute`, `fieldId`, `locale`, `keywords`) VALUES ('26', 'field', '3', 'en_us', ' 60 central aveune by appointment cortland family planning std patients and general public no charge for std clinic sliding fee scale for family planning $20 for general public varied 42 601083 jacobus center for reproductive health 76 176411 607 753 5027 confidential testing rapid testing ny 13045 17 main street by appointment cortland general public free of charge or reducted fee based on client income varied evening and weekend hours available 42 6005466 family health network of central new york 76 1800998 607 753 3797 confidential testing ny 13045 ');
INSERT INTO `craft_searchindex` (`elementId`, `attribute`, `fieldId`, `locale`, `keywords`) VALUES ('26', 'slug', '0', 'en_us', ' cortland ');
INSERT INTO `craft_searchindex` (`elementId`, `attribute`, `fieldId`, `locale`, `keywords`) VALUES ('26', 'title', '0', 'en_us', ' cortland ');
INSERT INTO `craft_searchindex` (`elementId`, `attribute`, `fieldId`, `locale`, `keywords`) VALUES ('27', 'field', '4', 'en_us', ' jacobus center for reproductive health ');
INSERT INTO `craft_searchindex` (`elementId`, `attribute`, `fieldId`, `locale`, `keywords`) VALUES ('27', 'field', '5', 'en_us', ' 60 central aveune ');
INSERT INTO `craft_searchindex` (`elementId`, `attribute`, `fieldId`, `locale`, `keywords`) VALUES ('27', 'field', '6', 'en_us', '');
INSERT INTO `craft_searchindex` (`elementId`, `attribute`, `fieldId`, `locale`, `keywords`) VALUES ('27', 'field', '10', 'en_us', ' cortland ');
INSERT INTO `craft_searchindex` (`elementId`, `attribute`, `fieldId`, `locale`, `keywords`) VALUES ('27', 'field', '11', 'en_us', ' ny ');
INSERT INTO `craft_searchindex` (`elementId`, `attribute`, `fieldId`, `locale`, `keywords`) VALUES ('27', 'field', '12', 'en_us', ' 13045 ');
INSERT INTO `craft_searchindex` (`elementId`, `attribute`, `fieldId`, `locale`, `keywords`) VALUES ('27', 'field', '7', 'en_us', ' 607 753 5027 ');
INSERT INTO `craft_searchindex` (`elementId`, `attribute`, `fieldId`, `locale`, `keywords`) VALUES ('27', 'field', '17', 'en_us', '');
INSERT INTO `craft_searchindex` (`elementId`, `attribute`, `fieldId`, `locale`, `keywords`) VALUES ('27', 'field', '8', 'en_us', '');
INSERT INTO `craft_searchindex` (`elementId`, `attribute`, `fieldId`, `locale`, `keywords`) VALUES ('27', 'field', '13', 'en_us', ' varied ');
INSERT INTO `craft_searchindex` (`elementId`, `attribute`, `fieldId`, `locale`, `keywords`) VALUES ('27', 'field', '14', 'en_us', ' no charge for std clinic sliding fee scale for family planning $20 for general public ');
INSERT INTO `craft_searchindex` (`elementId`, `attribute`, `fieldId`, `locale`, `keywords`) VALUES ('27', 'field', '15', 'en_us', ' family planning std patients and general public ');
INSERT INTO `craft_searchindex` (`elementId`, `attribute`, `fieldId`, `locale`, `keywords`) VALUES ('27', 'field', '16', 'en_us', ' by appointment ');
INSERT INTO `craft_searchindex` (`elementId`, `attribute`, `fieldId`, `locale`, `keywords`) VALUES ('27', 'field', '9', 'en_us', ' confidential testing rapid testing ');
INSERT INTO `craft_searchindex` (`elementId`, `attribute`, `fieldId`, `locale`, `keywords`) VALUES ('27', 'slug', '0', 'en_us', '');
INSERT INTO `craft_searchindex` (`elementId`, `attribute`, `fieldId`, `locale`, `keywords`) VALUES ('28', 'field', '4', 'en_us', ' family health network of central new york ');
INSERT INTO `craft_searchindex` (`elementId`, `attribute`, `fieldId`, `locale`, `keywords`) VALUES ('28', 'field', '5', 'en_us', ' 17 main street ');
INSERT INTO `craft_searchindex` (`elementId`, `attribute`, `fieldId`, `locale`, `keywords`) VALUES ('28', 'field', '6', 'en_us', '');
INSERT INTO `craft_searchindex` (`elementId`, `attribute`, `fieldId`, `locale`, `keywords`) VALUES ('28', 'field', '10', 'en_us', ' cortland ');
INSERT INTO `craft_searchindex` (`elementId`, `attribute`, `fieldId`, `locale`, `keywords`) VALUES ('28', 'field', '11', 'en_us', ' ny ');
INSERT INTO `craft_searchindex` (`elementId`, `attribute`, `fieldId`, `locale`, `keywords`) VALUES ('28', 'field', '12', 'en_us', ' 13045 ');
INSERT INTO `craft_searchindex` (`elementId`, `attribute`, `fieldId`, `locale`, `keywords`) VALUES ('28', 'field', '7', 'en_us', ' 607 753 3797 ');
INSERT INTO `craft_searchindex` (`elementId`, `attribute`, `fieldId`, `locale`, `keywords`) VALUES ('28', 'field', '17', 'en_us', '');
INSERT INTO `craft_searchindex` (`elementId`, `attribute`, `fieldId`, `locale`, `keywords`) VALUES ('28', 'field', '8', 'en_us', '');
INSERT INTO `craft_searchindex` (`elementId`, `attribute`, `fieldId`, `locale`, `keywords`) VALUES ('28', 'field', '13', 'en_us', ' varied evening and weekend hours available ');
INSERT INTO `craft_searchindex` (`elementId`, `attribute`, `fieldId`, `locale`, `keywords`) VALUES ('28', 'field', '14', 'en_us', ' free of charge or reducted fee based on client income ');
INSERT INTO `craft_searchindex` (`elementId`, `attribute`, `fieldId`, `locale`, `keywords`) VALUES ('28', 'field', '15', 'en_us', ' general public ');
INSERT INTO `craft_searchindex` (`elementId`, `attribute`, `fieldId`, `locale`, `keywords`) VALUES ('28', 'field', '16', 'en_us', ' by appointment ');
INSERT INTO `craft_searchindex` (`elementId`, `attribute`, `fieldId`, `locale`, `keywords`) VALUES ('28', 'field', '9', 'en_us', ' confidential testing ');
INSERT INTO `craft_searchindex` (`elementId`, `attribute`, `fieldId`, `locale`, `keywords`) VALUES ('28', 'slug', '0', 'en_us', '');
INSERT INTO `craft_searchindex` (`elementId`, `attribute`, `fieldId`, `locale`, `keywords`) VALUES ('29', 'field', '3', 'en_us', ' 37 pleasant street walk in or by appointment sidney general public sliding fee scale varied evening hours available 42 316674 planned parenthood of south central new york sidney 75 387794 607 563 4363 http www ppscny org anonymous testing confidential testing rapid testing ny 13838 130 north street walk in or by appointment walton general public sliding fee scale varied evening hours available 42 175554 planned parenthood of south central new york walton 75 124806 607 865 6579 anonymous testing confidential testing ny http www ppscny org 13856 main street po box 327 by appointment downsville general public free for pcapclients only varied 42 0786532 colchester health center 74 9936221 607 363 2517 confidential testing ny 13755 2 titus place by appointment walton general public free for pcapclients only accepts 3rd party insurance varied evening hours available 42 1646379 delaware valley family health center 75 127915 607 865 2400 confidential testing ny 13856 36 east front street by appointment hancock general public free for pcap clients only $67 00 for others accepts 3rd party insurance varied evening hours available 41 9541255 hancock health center 75 2796085 607 637 4715 confidential testing ny 13783 43 pearl street west walk in or by appointment sidney general public free of charge or reduced fee based on client income varied 42 3041666 the hospital sidney 75 3955434 607 561 2022 confidential testing ny 13838 ');
INSERT INTO `craft_searchindex` (`elementId`, `attribute`, `fieldId`, `locale`, `keywords`) VALUES ('29', 'slug', '0', 'en_us', ' delaware ');
INSERT INTO `craft_searchindex` (`elementId`, `attribute`, `fieldId`, `locale`, `keywords`) VALUES ('29', 'title', '0', 'en_us', ' delaware ');
INSERT INTO `craft_searchindex` (`elementId`, `attribute`, `fieldId`, `locale`, `keywords`) VALUES ('30', 'field', '4', 'en_us', ' planned parenthood of south central new york sidney ');
INSERT INTO `craft_searchindex` (`elementId`, `attribute`, `fieldId`, `locale`, `keywords`) VALUES ('30', 'field', '5', 'en_us', ' 37 pleasant street ');
INSERT INTO `craft_searchindex` (`elementId`, `attribute`, `fieldId`, `locale`, `keywords`) VALUES ('30', 'field', '6', 'en_us', '');
INSERT INTO `craft_searchindex` (`elementId`, `attribute`, `fieldId`, `locale`, `keywords`) VALUES ('30', 'field', '10', 'en_us', ' sidney ');
INSERT INTO `craft_searchindex` (`elementId`, `attribute`, `fieldId`, `locale`, `keywords`) VALUES ('30', 'field', '11', 'en_us', ' ny ');
INSERT INTO `craft_searchindex` (`elementId`, `attribute`, `fieldId`, `locale`, `keywords`) VALUES ('30', 'field', '12', 'en_us', ' 13838 ');
INSERT INTO `craft_searchindex` (`elementId`, `attribute`, `fieldId`, `locale`, `keywords`) VALUES ('30', 'field', '7', 'en_us', ' 607 563 4363 ');
INSERT INTO `craft_searchindex` (`elementId`, `attribute`, `fieldId`, `locale`, `keywords`) VALUES ('30', 'field', '17', 'en_us', ' http www ppscny org ');
INSERT INTO `craft_searchindex` (`elementId`, `attribute`, `fieldId`, `locale`, `keywords`) VALUES ('30', 'field', '8', 'en_us', '');
INSERT INTO `craft_searchindex` (`elementId`, `attribute`, `fieldId`, `locale`, `keywords`) VALUES ('30', 'field', '13', 'en_us', ' varied evening hours available ');
INSERT INTO `craft_searchindex` (`elementId`, `attribute`, `fieldId`, `locale`, `keywords`) VALUES ('30', 'field', '14', 'en_us', ' sliding fee scale ');
INSERT INTO `craft_searchindex` (`elementId`, `attribute`, `fieldId`, `locale`, `keywords`) VALUES ('30', 'field', '15', 'en_us', ' general public ');
INSERT INTO `craft_searchindex` (`elementId`, `attribute`, `fieldId`, `locale`, `keywords`) VALUES ('30', 'field', '16', 'en_us', ' walk in or by appointment ');
INSERT INTO `craft_searchindex` (`elementId`, `attribute`, `fieldId`, `locale`, `keywords`) VALUES ('30', 'field', '9', 'en_us', ' anonymous testing confidential testing rapid testing ');
INSERT INTO `craft_searchindex` (`elementId`, `attribute`, `fieldId`, `locale`, `keywords`) VALUES ('30', 'slug', '0', 'en_us', '');
INSERT INTO `craft_searchindex` (`elementId`, `attribute`, `fieldId`, `locale`, `keywords`) VALUES ('31', 'field', '4', 'en_us', ' planned parenthood of south central new york walton ');
INSERT INTO `craft_searchindex` (`elementId`, `attribute`, `fieldId`, `locale`, `keywords`) VALUES ('31', 'field', '5', 'en_us', ' 130 north street ');
INSERT INTO `craft_searchindex` (`elementId`, `attribute`, `fieldId`, `locale`, `keywords`) VALUES ('31', 'field', '6', 'en_us', '');
INSERT INTO `craft_searchindex` (`elementId`, `attribute`, `fieldId`, `locale`, `keywords`) VALUES ('31', 'field', '10', 'en_us', ' walton ');
INSERT INTO `craft_searchindex` (`elementId`, `attribute`, `fieldId`, `locale`, `keywords`) VALUES ('31', 'field', '11', 'en_us', ' ny ');
INSERT INTO `craft_searchindex` (`elementId`, `attribute`, `fieldId`, `locale`, `keywords`) VALUES ('31', 'field', '12', 'en_us', ' 13856 ');
INSERT INTO `craft_searchindex` (`elementId`, `attribute`, `fieldId`, `locale`, `keywords`) VALUES ('31', 'field', '7', 'en_us', ' 607 865 6579 ');
INSERT INTO `craft_searchindex` (`elementId`, `attribute`, `fieldId`, `locale`, `keywords`) VALUES ('31', 'field', '17', 'en_us', '');
INSERT INTO `craft_searchindex` (`elementId`, `attribute`, `fieldId`, `locale`, `keywords`) VALUES ('31', 'field', '8', 'en_us', ' http www ppscny org ');
INSERT INTO `craft_searchindex` (`elementId`, `attribute`, `fieldId`, `locale`, `keywords`) VALUES ('31', 'field', '13', 'en_us', ' varied evening hours available ');
INSERT INTO `craft_searchindex` (`elementId`, `attribute`, `fieldId`, `locale`, `keywords`) VALUES ('31', 'field', '14', 'en_us', ' sliding fee scale ');
INSERT INTO `craft_searchindex` (`elementId`, `attribute`, `fieldId`, `locale`, `keywords`) VALUES ('31', 'field', '15', 'en_us', ' general public ');
INSERT INTO `craft_searchindex` (`elementId`, `attribute`, `fieldId`, `locale`, `keywords`) VALUES ('31', 'field', '16', 'en_us', ' walk in or by appointment ');
INSERT INTO `craft_searchindex` (`elementId`, `attribute`, `fieldId`, `locale`, `keywords`) VALUES ('31', 'field', '9', 'en_us', ' anonymous testing confidential testing ');
INSERT INTO `craft_searchindex` (`elementId`, `attribute`, `fieldId`, `locale`, `keywords`) VALUES ('31', 'slug', '0', 'en_us', '');
INSERT INTO `craft_searchindex` (`elementId`, `attribute`, `fieldId`, `locale`, `keywords`) VALUES ('32', 'field', '4', 'en_us', ' colchester health center ');
INSERT INTO `craft_searchindex` (`elementId`, `attribute`, `fieldId`, `locale`, `keywords`) VALUES ('32', 'field', '5', 'en_us', ' main street po box 327 ');
INSERT INTO `craft_searchindex` (`elementId`, `attribute`, `fieldId`, `locale`, `keywords`) VALUES ('32', 'field', '6', 'en_us', '');
INSERT INTO `craft_searchindex` (`elementId`, `attribute`, `fieldId`, `locale`, `keywords`) VALUES ('32', 'field', '10', 'en_us', ' downsville ');
INSERT INTO `craft_searchindex` (`elementId`, `attribute`, `fieldId`, `locale`, `keywords`) VALUES ('32', 'field', '11', 'en_us', ' ny ');
INSERT INTO `craft_searchindex` (`elementId`, `attribute`, `fieldId`, `locale`, `keywords`) VALUES ('32', 'field', '12', 'en_us', ' 13755 ');
INSERT INTO `craft_searchindex` (`elementId`, `attribute`, `fieldId`, `locale`, `keywords`) VALUES ('32', 'field', '7', 'en_us', ' 607 363 2517 ');
INSERT INTO `craft_searchindex` (`elementId`, `attribute`, `fieldId`, `locale`, `keywords`) VALUES ('32', 'field', '17', 'en_us', '');
INSERT INTO `craft_searchindex` (`elementId`, `attribute`, `fieldId`, `locale`, `keywords`) VALUES ('32', 'field', '8', 'en_us', '');
INSERT INTO `craft_searchindex` (`elementId`, `attribute`, `fieldId`, `locale`, `keywords`) VALUES ('32', 'field', '13', 'en_us', ' varied ');
INSERT INTO `craft_searchindex` (`elementId`, `attribute`, `fieldId`, `locale`, `keywords`) VALUES ('32', 'field', '14', 'en_us', ' free for pcapclients only ');
INSERT INTO `craft_searchindex` (`elementId`, `attribute`, `fieldId`, `locale`, `keywords`) VALUES ('32', 'field', '15', 'en_us', ' general public ');
INSERT INTO `craft_searchindex` (`elementId`, `attribute`, `fieldId`, `locale`, `keywords`) VALUES ('32', 'field', '16', 'en_us', ' by appointment ');
INSERT INTO `craft_searchindex` (`elementId`, `attribute`, `fieldId`, `locale`, `keywords`) VALUES ('32', 'field', '9', 'en_us', ' confidential testing ');
INSERT INTO `craft_searchindex` (`elementId`, `attribute`, `fieldId`, `locale`, `keywords`) VALUES ('32', 'slug', '0', 'en_us', '');
INSERT INTO `craft_searchindex` (`elementId`, `attribute`, `fieldId`, `locale`, `keywords`) VALUES ('33', 'field', '4', 'en_us', ' delaware valley family health center ');
INSERT INTO `craft_searchindex` (`elementId`, `attribute`, `fieldId`, `locale`, `keywords`) VALUES ('33', 'field', '5', 'en_us', ' 2 titus place ');
INSERT INTO `craft_searchindex` (`elementId`, `attribute`, `fieldId`, `locale`, `keywords`) VALUES ('33', 'field', '6', 'en_us', '');
INSERT INTO `craft_searchindex` (`elementId`, `attribute`, `fieldId`, `locale`, `keywords`) VALUES ('33', 'field', '10', 'en_us', ' walton ');
INSERT INTO `craft_searchindex` (`elementId`, `attribute`, `fieldId`, `locale`, `keywords`) VALUES ('33', 'field', '11', 'en_us', ' ny ');
INSERT INTO `craft_searchindex` (`elementId`, `attribute`, `fieldId`, `locale`, `keywords`) VALUES ('33', 'field', '12', 'en_us', ' 13856 ');
INSERT INTO `craft_searchindex` (`elementId`, `attribute`, `fieldId`, `locale`, `keywords`) VALUES ('33', 'field', '7', 'en_us', ' 607 865 2400 ');
INSERT INTO `craft_searchindex` (`elementId`, `attribute`, `fieldId`, `locale`, `keywords`) VALUES ('33', 'field', '17', 'en_us', '');
INSERT INTO `craft_searchindex` (`elementId`, `attribute`, `fieldId`, `locale`, `keywords`) VALUES ('33', 'field', '8', 'en_us', '');
INSERT INTO `craft_searchindex` (`elementId`, `attribute`, `fieldId`, `locale`, `keywords`) VALUES ('33', 'field', '13', 'en_us', ' varied evening hours available ');
INSERT INTO `craft_searchindex` (`elementId`, `attribute`, `fieldId`, `locale`, `keywords`) VALUES ('33', 'field', '14', 'en_us', ' free for pcapclients only accepts 3rd party insurance ');
INSERT INTO `craft_searchindex` (`elementId`, `attribute`, `fieldId`, `locale`, `keywords`) VALUES ('33', 'field', '15', 'en_us', ' general public ');
INSERT INTO `craft_searchindex` (`elementId`, `attribute`, `fieldId`, `locale`, `keywords`) VALUES ('33', 'field', '16', 'en_us', ' by appointment ');
INSERT INTO `craft_searchindex` (`elementId`, `attribute`, `fieldId`, `locale`, `keywords`) VALUES ('33', 'field', '9', 'en_us', ' confidential testing ');
INSERT INTO `craft_searchindex` (`elementId`, `attribute`, `fieldId`, `locale`, `keywords`) VALUES ('33', 'slug', '0', 'en_us', '');
INSERT INTO `craft_searchindex` (`elementId`, `attribute`, `fieldId`, `locale`, `keywords`) VALUES ('34', 'field', '4', 'en_us', ' hancock health center ');
INSERT INTO `craft_searchindex` (`elementId`, `attribute`, `fieldId`, `locale`, `keywords`) VALUES ('34', 'field', '5', 'en_us', ' 36 east front street ');
INSERT INTO `craft_searchindex` (`elementId`, `attribute`, `fieldId`, `locale`, `keywords`) VALUES ('34', 'field', '6', 'en_us', '');
INSERT INTO `craft_searchindex` (`elementId`, `attribute`, `fieldId`, `locale`, `keywords`) VALUES ('34', 'field', '10', 'en_us', ' hancock ');
INSERT INTO `craft_searchindex` (`elementId`, `attribute`, `fieldId`, `locale`, `keywords`) VALUES ('34', 'field', '11', 'en_us', ' ny ');
INSERT INTO `craft_searchindex` (`elementId`, `attribute`, `fieldId`, `locale`, `keywords`) VALUES ('34', 'field', '12', 'en_us', ' 13783 ');
INSERT INTO `craft_searchindex` (`elementId`, `attribute`, `fieldId`, `locale`, `keywords`) VALUES ('34', 'field', '7', 'en_us', ' 607 637 4715 ');
INSERT INTO `craft_searchindex` (`elementId`, `attribute`, `fieldId`, `locale`, `keywords`) VALUES ('34', 'field', '17', 'en_us', '');
INSERT INTO `craft_searchindex` (`elementId`, `attribute`, `fieldId`, `locale`, `keywords`) VALUES ('34', 'field', '8', 'en_us', '');
INSERT INTO `craft_searchindex` (`elementId`, `attribute`, `fieldId`, `locale`, `keywords`) VALUES ('34', 'field', '13', 'en_us', ' varied evening hours available ');
INSERT INTO `craft_searchindex` (`elementId`, `attribute`, `fieldId`, `locale`, `keywords`) VALUES ('34', 'field', '14', 'en_us', ' free for pcap clients only $67 00 for others accepts 3rd party insurance ');
INSERT INTO `craft_searchindex` (`elementId`, `attribute`, `fieldId`, `locale`, `keywords`) VALUES ('34', 'field', '15', 'en_us', ' general public ');
INSERT INTO `craft_searchindex` (`elementId`, `attribute`, `fieldId`, `locale`, `keywords`) VALUES ('34', 'field', '16', 'en_us', ' by appointment ');
INSERT INTO `craft_searchindex` (`elementId`, `attribute`, `fieldId`, `locale`, `keywords`) VALUES ('34', 'field', '9', 'en_us', ' confidential testing ');
INSERT INTO `craft_searchindex` (`elementId`, `attribute`, `fieldId`, `locale`, `keywords`) VALUES ('34', 'slug', '0', 'en_us', '');
INSERT INTO `craft_searchindex` (`elementId`, `attribute`, `fieldId`, `locale`, `keywords`) VALUES ('35', 'field', '4', 'en_us', ' the hospital sidney ');
INSERT INTO `craft_searchindex` (`elementId`, `attribute`, `fieldId`, `locale`, `keywords`) VALUES ('35', 'field', '5', 'en_us', ' 43 pearl street west ');
INSERT INTO `craft_searchindex` (`elementId`, `attribute`, `fieldId`, `locale`, `keywords`) VALUES ('35', 'field', '6', 'en_us', '');
INSERT INTO `craft_searchindex` (`elementId`, `attribute`, `fieldId`, `locale`, `keywords`) VALUES ('35', 'field', '10', 'en_us', ' sidney ');
INSERT INTO `craft_searchindex` (`elementId`, `attribute`, `fieldId`, `locale`, `keywords`) VALUES ('35', 'field', '11', 'en_us', ' ny ');
INSERT INTO `craft_searchindex` (`elementId`, `attribute`, `fieldId`, `locale`, `keywords`) VALUES ('35', 'field', '12', 'en_us', ' 13838 ');
INSERT INTO `craft_searchindex` (`elementId`, `attribute`, `fieldId`, `locale`, `keywords`) VALUES ('35', 'field', '7', 'en_us', ' 607 561 2022 ');
INSERT INTO `craft_searchindex` (`elementId`, `attribute`, `fieldId`, `locale`, `keywords`) VALUES ('35', 'field', '17', 'en_us', '');
INSERT INTO `craft_searchindex` (`elementId`, `attribute`, `fieldId`, `locale`, `keywords`) VALUES ('35', 'field', '8', 'en_us', '');
INSERT INTO `craft_searchindex` (`elementId`, `attribute`, `fieldId`, `locale`, `keywords`) VALUES ('35', 'field', '13', 'en_us', ' varied ');
INSERT INTO `craft_searchindex` (`elementId`, `attribute`, `fieldId`, `locale`, `keywords`) VALUES ('35', 'field', '14', 'en_us', ' free of charge or reduced fee based on client income ');
INSERT INTO `craft_searchindex` (`elementId`, `attribute`, `fieldId`, `locale`, `keywords`) VALUES ('35', 'field', '15', 'en_us', ' general public ');
INSERT INTO `craft_searchindex` (`elementId`, `attribute`, `fieldId`, `locale`, `keywords`) VALUES ('35', 'field', '16', 'en_us', ' walk in or by appointment ');
INSERT INTO `craft_searchindex` (`elementId`, `attribute`, `fieldId`, `locale`, `keywords`) VALUES ('35', 'field', '9', 'en_us', ' confidential testing ');
INSERT INTO `craft_searchindex` (`elementId`, `attribute`, `fieldId`, `locale`, `keywords`) VALUES ('35', 'slug', '0', 'en_us', '');
INSERT INTO `craft_searchindex` (`elementId`, `attribute`, `fieldId`, `locale`, `keywords`) VALUES ('36', 'field', '3', 'en_us', ' 125 main street walk in or by appointment oneonta general public free of charge varied evening hours available 42 4528708 otsego county health department 75 0635944 607 433 0042 anonymous testing confidential testing ny 13820 37 dietz street walk in or by appointment oneonta general public sliding fee scale varied evening hours avaliable 42 455772 planned parenthood of south central new york oneonta 75 06318 607 432 2250 anonymous testing confidential testing rapid testing ny http www ppscny org 13820 1 fox care drive by appointment oneonta general public accepts 3rd party insurance varied evening hours available 42 4564101 oneonta family practice of fox hospital 75 0292819 607 431 5555 confidential testing ny http www foxcarenetnetwork com 13820 ');
INSERT INTO `craft_searchindex` (`elementId`, `attribute`, `fieldId`, `locale`, `keywords`) VALUES ('36', 'slug', '0', 'en_us', ' otsego ');
INSERT INTO `craft_searchindex` (`elementId`, `attribute`, `fieldId`, `locale`, `keywords`) VALUES ('36', 'title', '0', 'en_us', ' otsego ');
INSERT INTO `craft_searchindex` (`elementId`, `attribute`, `fieldId`, `locale`, `keywords`) VALUES ('37', 'field', '4', 'en_us', ' otsego county health department ');
INSERT INTO `craft_searchindex` (`elementId`, `attribute`, `fieldId`, `locale`, `keywords`) VALUES ('37', 'field', '5', 'en_us', ' 125 main street ');
INSERT INTO `craft_searchindex` (`elementId`, `attribute`, `fieldId`, `locale`, `keywords`) VALUES ('37', 'field', '6', 'en_us', '');
INSERT INTO `craft_searchindex` (`elementId`, `attribute`, `fieldId`, `locale`, `keywords`) VALUES ('37', 'field', '10', 'en_us', ' oneonta ');
INSERT INTO `craft_searchindex` (`elementId`, `attribute`, `fieldId`, `locale`, `keywords`) VALUES ('37', 'field', '11', 'en_us', ' ny ');
INSERT INTO `craft_searchindex` (`elementId`, `attribute`, `fieldId`, `locale`, `keywords`) VALUES ('37', 'field', '12', 'en_us', ' 13820 ');
INSERT INTO `craft_searchindex` (`elementId`, `attribute`, `fieldId`, `locale`, `keywords`) VALUES ('37', 'field', '7', 'en_us', ' 607 433 0042 ');
INSERT INTO `craft_searchindex` (`elementId`, `attribute`, `fieldId`, `locale`, `keywords`) VALUES ('37', 'field', '17', 'en_us', '');
INSERT INTO `craft_searchindex` (`elementId`, `attribute`, `fieldId`, `locale`, `keywords`) VALUES ('37', 'field', '8', 'en_us', '');
INSERT INTO `craft_searchindex` (`elementId`, `attribute`, `fieldId`, `locale`, `keywords`) VALUES ('37', 'field', '13', 'en_us', ' varied evening hours available ');
INSERT INTO `craft_searchindex` (`elementId`, `attribute`, `fieldId`, `locale`, `keywords`) VALUES ('37', 'field', '14', 'en_us', ' free of charge ');
INSERT INTO `craft_searchindex` (`elementId`, `attribute`, `fieldId`, `locale`, `keywords`) VALUES ('37', 'field', '15', 'en_us', ' general public ');
INSERT INTO `craft_searchindex` (`elementId`, `attribute`, `fieldId`, `locale`, `keywords`) VALUES ('37', 'field', '16', 'en_us', ' walk in or by appointment ');
INSERT INTO `craft_searchindex` (`elementId`, `attribute`, `fieldId`, `locale`, `keywords`) VALUES ('37', 'field', '9', 'en_us', ' anonymous testing confidential testing ');
INSERT INTO `craft_searchindex` (`elementId`, `attribute`, `fieldId`, `locale`, `keywords`) VALUES ('37', 'slug', '0', 'en_us', '');
INSERT INTO `craft_searchindex` (`elementId`, `attribute`, `fieldId`, `locale`, `keywords`) VALUES ('38', 'field', '4', 'en_us', ' planned parenthood of south central new york oneonta ');
INSERT INTO `craft_searchindex` (`elementId`, `attribute`, `fieldId`, `locale`, `keywords`) VALUES ('38', 'field', '5', 'en_us', ' 37 dietz street ');
INSERT INTO `craft_searchindex` (`elementId`, `attribute`, `fieldId`, `locale`, `keywords`) VALUES ('38', 'field', '6', 'en_us', '');
INSERT INTO `craft_searchindex` (`elementId`, `attribute`, `fieldId`, `locale`, `keywords`) VALUES ('38', 'field', '10', 'en_us', ' oneonta ');
INSERT INTO `craft_searchindex` (`elementId`, `attribute`, `fieldId`, `locale`, `keywords`) VALUES ('38', 'field', '11', 'en_us', ' ny ');
INSERT INTO `craft_searchindex` (`elementId`, `attribute`, `fieldId`, `locale`, `keywords`) VALUES ('38', 'field', '12', 'en_us', ' 13820 ');
INSERT INTO `craft_searchindex` (`elementId`, `attribute`, `fieldId`, `locale`, `keywords`) VALUES ('38', 'field', '7', 'en_us', ' 607 432 2250 ');
INSERT INTO `craft_searchindex` (`elementId`, `attribute`, `fieldId`, `locale`, `keywords`) VALUES ('38', 'field', '17', 'en_us', '');
INSERT INTO `craft_searchindex` (`elementId`, `attribute`, `fieldId`, `locale`, `keywords`) VALUES ('38', 'field', '8', 'en_us', ' http www ppscny org ');
INSERT INTO `craft_searchindex` (`elementId`, `attribute`, `fieldId`, `locale`, `keywords`) VALUES ('38', 'field', '13', 'en_us', ' varied evening hours avaliable ');
INSERT INTO `craft_searchindex` (`elementId`, `attribute`, `fieldId`, `locale`, `keywords`) VALUES ('38', 'field', '14', 'en_us', ' sliding fee scale ');
INSERT INTO `craft_searchindex` (`elementId`, `attribute`, `fieldId`, `locale`, `keywords`) VALUES ('38', 'field', '15', 'en_us', ' general public ');
INSERT INTO `craft_searchindex` (`elementId`, `attribute`, `fieldId`, `locale`, `keywords`) VALUES ('38', 'field', '16', 'en_us', ' walk in or by appointment ');
INSERT INTO `craft_searchindex` (`elementId`, `attribute`, `fieldId`, `locale`, `keywords`) VALUES ('38', 'field', '9', 'en_us', ' anonymous testing confidential testing rapid testing ');
INSERT INTO `craft_searchindex` (`elementId`, `attribute`, `fieldId`, `locale`, `keywords`) VALUES ('38', 'slug', '0', 'en_us', '');
INSERT INTO `craft_searchindex` (`elementId`, `attribute`, `fieldId`, `locale`, `keywords`) VALUES ('39', 'field', '4', 'en_us', ' oneonta family practice of fox hospital ');
INSERT INTO `craft_searchindex` (`elementId`, `attribute`, `fieldId`, `locale`, `keywords`) VALUES ('39', 'field', '5', 'en_us', ' 1 fox care drive ');
INSERT INTO `craft_searchindex` (`elementId`, `attribute`, `fieldId`, `locale`, `keywords`) VALUES ('39', 'field', '6', 'en_us', '');
INSERT INTO `craft_searchindex` (`elementId`, `attribute`, `fieldId`, `locale`, `keywords`) VALUES ('39', 'field', '10', 'en_us', ' oneonta ');
INSERT INTO `craft_searchindex` (`elementId`, `attribute`, `fieldId`, `locale`, `keywords`) VALUES ('39', 'field', '11', 'en_us', ' ny ');
INSERT INTO `craft_searchindex` (`elementId`, `attribute`, `fieldId`, `locale`, `keywords`) VALUES ('39', 'field', '12', 'en_us', ' 13820 ');
INSERT INTO `craft_searchindex` (`elementId`, `attribute`, `fieldId`, `locale`, `keywords`) VALUES ('39', 'field', '7', 'en_us', ' 607 431 5555 ');
INSERT INTO `craft_searchindex` (`elementId`, `attribute`, `fieldId`, `locale`, `keywords`) VALUES ('39', 'field', '17', 'en_us', '');
INSERT INTO `craft_searchindex` (`elementId`, `attribute`, `fieldId`, `locale`, `keywords`) VALUES ('39', 'field', '8', 'en_us', ' http www foxcarenetnetwork com ');
INSERT INTO `craft_searchindex` (`elementId`, `attribute`, `fieldId`, `locale`, `keywords`) VALUES ('39', 'field', '13', 'en_us', ' varied evening hours available ');
INSERT INTO `craft_searchindex` (`elementId`, `attribute`, `fieldId`, `locale`, `keywords`) VALUES ('39', 'field', '14', 'en_us', ' accepts 3rd party insurance ');
INSERT INTO `craft_searchindex` (`elementId`, `attribute`, `fieldId`, `locale`, `keywords`) VALUES ('39', 'field', '15', 'en_us', ' general public ');
INSERT INTO `craft_searchindex` (`elementId`, `attribute`, `fieldId`, `locale`, `keywords`) VALUES ('39', 'field', '16', 'en_us', ' by appointment ');
INSERT INTO `craft_searchindex` (`elementId`, `attribute`, `fieldId`, `locale`, `keywords`) VALUES ('39', 'field', '9', 'en_us', ' confidential testing ');
INSERT INTO `craft_searchindex` (`elementId`, `attribute`, `fieldId`, `locale`, `keywords`) VALUES ('39', 'slug', '0', 'en_us', '');
INSERT INTO `craft_searchindex` (`elementId`, `attribute`, `fieldId`, `locale`, `keywords`) VALUES ('40', 'field', '3', 'en_us', ' 1062 state route 38 by appointment owego general public free of charge or reduced fee based on income varied 42 1418028 tioga county health department 76 263659 607 687 8600 anonymous testing confidential testing rapid testing ny 13827 110 central aveune walk in or by appointment evening hours available owego general public free of charge or reduced fee based on income accepts 3rd party insurace varied 42 1053275 tioga county family health services 76 2651361 607 687 5333 confidential testing ny 13827 ');
INSERT INTO `craft_searchindex` (`elementId`, `attribute`, `fieldId`, `locale`, `keywords`) VALUES ('40', 'slug', '0', 'en_us', ' tioga ');
INSERT INTO `craft_searchindex` (`elementId`, `attribute`, `fieldId`, `locale`, `keywords`) VALUES ('40', 'title', '0', 'en_us', ' tioga ');
INSERT INTO `craft_searchindex` (`elementId`, `attribute`, `fieldId`, `locale`, `keywords`) VALUES ('41', 'field', '4', 'en_us', ' tioga county health department ');
INSERT INTO `craft_searchindex` (`elementId`, `attribute`, `fieldId`, `locale`, `keywords`) VALUES ('41', 'field', '5', 'en_us', ' 1062 state route 38 ');
INSERT INTO `craft_searchindex` (`elementId`, `attribute`, `fieldId`, `locale`, `keywords`) VALUES ('41', 'field', '6', 'en_us', '');
INSERT INTO `craft_searchindex` (`elementId`, `attribute`, `fieldId`, `locale`, `keywords`) VALUES ('41', 'field', '10', 'en_us', ' owego ');
INSERT INTO `craft_searchindex` (`elementId`, `attribute`, `fieldId`, `locale`, `keywords`) VALUES ('41', 'field', '11', 'en_us', ' ny ');
INSERT INTO `craft_searchindex` (`elementId`, `attribute`, `fieldId`, `locale`, `keywords`) VALUES ('41', 'field', '12', 'en_us', ' 13827 ');
INSERT INTO `craft_searchindex` (`elementId`, `attribute`, `fieldId`, `locale`, `keywords`) VALUES ('41', 'field', '7', 'en_us', ' 607 687 8600 ');
INSERT INTO `craft_searchindex` (`elementId`, `attribute`, `fieldId`, `locale`, `keywords`) VALUES ('41', 'field', '17', 'en_us', '');
INSERT INTO `craft_searchindex` (`elementId`, `attribute`, `fieldId`, `locale`, `keywords`) VALUES ('41', 'field', '8', 'en_us', '');
INSERT INTO `craft_searchindex` (`elementId`, `attribute`, `fieldId`, `locale`, `keywords`) VALUES ('41', 'field', '13', 'en_us', ' varied ');
INSERT INTO `craft_searchindex` (`elementId`, `attribute`, `fieldId`, `locale`, `keywords`) VALUES ('41', 'field', '14', 'en_us', ' free of charge or reduced fee based on income ');
INSERT INTO `craft_searchindex` (`elementId`, `attribute`, `fieldId`, `locale`, `keywords`) VALUES ('41', 'field', '15', 'en_us', ' general public ');
INSERT INTO `craft_searchindex` (`elementId`, `attribute`, `fieldId`, `locale`, `keywords`) VALUES ('41', 'field', '16', 'en_us', ' by appointment ');
INSERT INTO `craft_searchindex` (`elementId`, `attribute`, `fieldId`, `locale`, `keywords`) VALUES ('41', 'field', '9', 'en_us', ' anonymous testing confidential testing rapid testing ');
INSERT INTO `craft_searchindex` (`elementId`, `attribute`, `fieldId`, `locale`, `keywords`) VALUES ('41', 'slug', '0', 'en_us', '');
INSERT INTO `craft_searchindex` (`elementId`, `attribute`, `fieldId`, `locale`, `keywords`) VALUES ('42', 'field', '4', 'en_us', ' tioga county family health services ');
INSERT INTO `craft_searchindex` (`elementId`, `attribute`, `fieldId`, `locale`, `keywords`) VALUES ('42', 'field', '5', 'en_us', ' 110 central aveune ');
INSERT INTO `craft_searchindex` (`elementId`, `attribute`, `fieldId`, `locale`, `keywords`) VALUES ('42', 'field', '6', 'en_us', '');
INSERT INTO `craft_searchindex` (`elementId`, `attribute`, `fieldId`, `locale`, `keywords`) VALUES ('42', 'field', '10', 'en_us', ' owego ');
INSERT INTO `craft_searchindex` (`elementId`, `attribute`, `fieldId`, `locale`, `keywords`) VALUES ('42', 'field', '11', 'en_us', ' ny ');
INSERT INTO `craft_searchindex` (`elementId`, `attribute`, `fieldId`, `locale`, `keywords`) VALUES ('42', 'field', '12', 'en_us', ' 13827 ');
INSERT INTO `craft_searchindex` (`elementId`, `attribute`, `fieldId`, `locale`, `keywords`) VALUES ('42', 'field', '7', 'en_us', ' 607 687 5333 ');
INSERT INTO `craft_searchindex` (`elementId`, `attribute`, `fieldId`, `locale`, `keywords`) VALUES ('42', 'field', '17', 'en_us', '');
INSERT INTO `craft_searchindex` (`elementId`, `attribute`, `fieldId`, `locale`, `keywords`) VALUES ('42', 'field', '8', 'en_us', '');
INSERT INTO `craft_searchindex` (`elementId`, `attribute`, `fieldId`, `locale`, `keywords`) VALUES ('42', 'field', '13', 'en_us', ' varied ');
INSERT INTO `craft_searchindex` (`elementId`, `attribute`, `fieldId`, `locale`, `keywords`) VALUES ('42', 'field', '14', 'en_us', ' free of charge or reduced fee based on income accepts 3rd party insurace ');
INSERT INTO `craft_searchindex` (`elementId`, `attribute`, `fieldId`, `locale`, `keywords`) VALUES ('42', 'field', '15', 'en_us', ' general public ');
INSERT INTO `craft_searchindex` (`elementId`, `attribute`, `fieldId`, `locale`, `keywords`) VALUES ('42', 'field', '16', 'en_us', ' walk in or by appointment evening hours available ');
INSERT INTO `craft_searchindex` (`elementId`, `attribute`, `fieldId`, `locale`, `keywords`) VALUES ('42', 'field', '9', 'en_us', ' confidential testing ');
INSERT INTO `craft_searchindex` (`elementId`, `attribute`, `fieldId`, `locale`, `keywords`) VALUES ('42', 'slug', '0', 'en_us', '');
INSERT INTO `craft_searchindex` (`elementId`, `attribute`, `fieldId`, `locale`, `keywords`) VALUES ('43', 'field', '3', 'en_us', ' 55 brown road walk in or by appointment evening hours avaliable ithaca general public free of charge varied 42 4860913 tompkins county health department 76 4622914 607 274 6604 anonymous testing confidential testing rapid testing ny http www tompkinscountyny gov health 14850 501 south meadow street walk in or by appointment ithaca general public free of charge thursday 9 11 30 confidential 42 4351719 southern tier aids program 76 5077508 607 272 4098 888 206 2870 confidential testing rapid testing oral testing ny http www stapinc org 14850 620 west seneca street by appointment evening and weekend hours available ithaca general public free of charge or reduced fee based on income accepts 3rd party insurace varied 42 440078 planned parenthood of the southern finger lakes 76 5096737 607 273 1513 confidential testing rapid testing oral testing ny http www sextalk org 14850 ');
INSERT INTO `craft_searchindex` (`elementId`, `attribute`, `fieldId`, `locale`, `keywords`) VALUES ('43', 'slug', '0', 'en_us', ' tompkins ');
INSERT INTO `craft_searchindex` (`elementId`, `attribute`, `fieldId`, `locale`, `keywords`) VALUES ('43', 'title', '0', 'en_us', ' tompkins ');
INSERT INTO `craft_searchindex` (`elementId`, `attribute`, `fieldId`, `locale`, `keywords`) VALUES ('44', 'field', '4', 'en_us', ' tompkins county health department ');
INSERT INTO `craft_searchindex` (`elementId`, `attribute`, `fieldId`, `locale`, `keywords`) VALUES ('44', 'field', '5', 'en_us', ' 55 brown road ');
INSERT INTO `craft_searchindex` (`elementId`, `attribute`, `fieldId`, `locale`, `keywords`) VALUES ('44', 'field', '6', 'en_us', '');
INSERT INTO `craft_searchindex` (`elementId`, `attribute`, `fieldId`, `locale`, `keywords`) VALUES ('44', 'field', '10', 'en_us', ' ithaca ');
INSERT INTO `craft_searchindex` (`elementId`, `attribute`, `fieldId`, `locale`, `keywords`) VALUES ('44', 'field', '11', 'en_us', ' ny ');
INSERT INTO `craft_searchindex` (`elementId`, `attribute`, `fieldId`, `locale`, `keywords`) VALUES ('44', 'field', '12', 'en_us', ' 14850 ');
INSERT INTO `craft_searchindex` (`elementId`, `attribute`, `fieldId`, `locale`, `keywords`) VALUES ('44', 'field', '7', 'en_us', ' 607 274 6604 ');
INSERT INTO `craft_searchindex` (`elementId`, `attribute`, `fieldId`, `locale`, `keywords`) VALUES ('44', 'field', '17', 'en_us', '');
INSERT INTO `craft_searchindex` (`elementId`, `attribute`, `fieldId`, `locale`, `keywords`) VALUES ('44', 'field', '8', 'en_us', ' http www tompkinscountyny gov health ');
INSERT INTO `craft_searchindex` (`elementId`, `attribute`, `fieldId`, `locale`, `keywords`) VALUES ('44', 'field', '13', 'en_us', ' varied ');
INSERT INTO `craft_searchindex` (`elementId`, `attribute`, `fieldId`, `locale`, `keywords`) VALUES ('44', 'field', '14', 'en_us', ' free of charge ');
INSERT INTO `craft_searchindex` (`elementId`, `attribute`, `fieldId`, `locale`, `keywords`) VALUES ('44', 'field', '15', 'en_us', ' general public ');
INSERT INTO `craft_searchindex` (`elementId`, `attribute`, `fieldId`, `locale`, `keywords`) VALUES ('44', 'field', '16', 'en_us', ' walk in or by appointment evening hours avaliable ');
INSERT INTO `craft_searchindex` (`elementId`, `attribute`, `fieldId`, `locale`, `keywords`) VALUES ('44', 'field', '9', 'en_us', ' anonymous testing confidential testing rapid testing ');
INSERT INTO `craft_searchindex` (`elementId`, `attribute`, `fieldId`, `locale`, `keywords`) VALUES ('44', 'slug', '0', 'en_us', '');
INSERT INTO `craft_searchindex` (`elementId`, `attribute`, `fieldId`, `locale`, `keywords`) VALUES ('45', 'field', '4', 'en_us', ' southern tier aids program ');
INSERT INTO `craft_searchindex` (`elementId`, `attribute`, `fieldId`, `locale`, `keywords`) VALUES ('45', 'field', '5', 'en_us', ' 501 south meadow street ');
INSERT INTO `craft_searchindex` (`elementId`, `attribute`, `fieldId`, `locale`, `keywords`) VALUES ('45', 'field', '6', 'en_us', '');
INSERT INTO `craft_searchindex` (`elementId`, `attribute`, `fieldId`, `locale`, `keywords`) VALUES ('45', 'field', '10', 'en_us', ' ithaca ');
INSERT INTO `craft_searchindex` (`elementId`, `attribute`, `fieldId`, `locale`, `keywords`) VALUES ('45', 'field', '11', 'en_us', ' ny ');
INSERT INTO `craft_searchindex` (`elementId`, `attribute`, `fieldId`, `locale`, `keywords`) VALUES ('45', 'field', '12', 'en_us', ' 14850 ');
INSERT INTO `craft_searchindex` (`elementId`, `attribute`, `fieldId`, `locale`, `keywords`) VALUES ('45', 'field', '7', 'en_us', ' 607 272 4098 ');
INSERT INTO `craft_searchindex` (`elementId`, `attribute`, `fieldId`, `locale`, `keywords`) VALUES ('45', 'field', '17', 'en_us', ' 888 206 2870 ');
INSERT INTO `craft_searchindex` (`elementId`, `attribute`, `fieldId`, `locale`, `keywords`) VALUES ('45', 'field', '8', 'en_us', ' http www stapinc org ');
INSERT INTO `craft_searchindex` (`elementId`, `attribute`, `fieldId`, `locale`, `keywords`) VALUES ('45', 'field', '13', 'en_us', ' thursday 9 11 30 confidential ');
INSERT INTO `craft_searchindex` (`elementId`, `attribute`, `fieldId`, `locale`, `keywords`) VALUES ('45', 'field', '14', 'en_us', ' free of charge ');
INSERT INTO `craft_searchindex` (`elementId`, `attribute`, `fieldId`, `locale`, `keywords`) VALUES ('45', 'field', '15', 'en_us', ' general public ');
INSERT INTO `craft_searchindex` (`elementId`, `attribute`, `fieldId`, `locale`, `keywords`) VALUES ('45', 'field', '16', 'en_us', ' walk in or by appointment ');
INSERT INTO `craft_searchindex` (`elementId`, `attribute`, `fieldId`, `locale`, `keywords`) VALUES ('45', 'field', '9', 'en_us', ' confidential testing rapid testing oral testing ');
INSERT INTO `craft_searchindex` (`elementId`, `attribute`, `fieldId`, `locale`, `keywords`) VALUES ('45', 'slug', '0', 'en_us', '');
INSERT INTO `craft_searchindex` (`elementId`, `attribute`, `fieldId`, `locale`, `keywords`) VALUES ('46', 'field', '4', 'en_us', ' planned parenthood of the southern finger lakes ');
INSERT INTO `craft_searchindex` (`elementId`, `attribute`, `fieldId`, `locale`, `keywords`) VALUES ('46', 'field', '5', 'en_us', ' 620 west seneca street ');
INSERT INTO `craft_searchindex` (`elementId`, `attribute`, `fieldId`, `locale`, `keywords`) VALUES ('46', 'field', '6', 'en_us', '');
INSERT INTO `craft_searchindex` (`elementId`, `attribute`, `fieldId`, `locale`, `keywords`) VALUES ('46', 'field', '10', 'en_us', ' ithaca ');
INSERT INTO `craft_searchindex` (`elementId`, `attribute`, `fieldId`, `locale`, `keywords`) VALUES ('46', 'field', '11', 'en_us', ' ny ');
INSERT INTO `craft_searchindex` (`elementId`, `attribute`, `fieldId`, `locale`, `keywords`) VALUES ('46', 'field', '12', 'en_us', ' 14850 ');
INSERT INTO `craft_searchindex` (`elementId`, `attribute`, `fieldId`, `locale`, `keywords`) VALUES ('46', 'field', '7', 'en_us', ' 607 273 1513 ');
INSERT INTO `craft_searchindex` (`elementId`, `attribute`, `fieldId`, `locale`, `keywords`) VALUES ('46', 'field', '17', 'en_us', '');
INSERT INTO `craft_searchindex` (`elementId`, `attribute`, `fieldId`, `locale`, `keywords`) VALUES ('46', 'field', '8', 'en_us', ' http www sextalk org ');
INSERT INTO `craft_searchindex` (`elementId`, `attribute`, `fieldId`, `locale`, `keywords`) VALUES ('46', 'field', '13', 'en_us', ' varied ');
INSERT INTO `craft_searchindex` (`elementId`, `attribute`, `fieldId`, `locale`, `keywords`) VALUES ('46', 'field', '14', 'en_us', ' free of charge or reduced fee based on income accepts 3rd party insurace ');
INSERT INTO `craft_searchindex` (`elementId`, `attribute`, `fieldId`, `locale`, `keywords`) VALUES ('46', 'field', '15', 'en_us', ' general public ');
INSERT INTO `craft_searchindex` (`elementId`, `attribute`, `fieldId`, `locale`, `keywords`) VALUES ('46', 'field', '16', 'en_us', ' by appointment evening and weekend hours available ');
INSERT INTO `craft_searchindex` (`elementId`, `attribute`, `fieldId`, `locale`, `keywords`) VALUES ('46', 'field', '9', 'en_us', ' confidential testing rapid testing oral testing ');
INSERT INTO `craft_searchindex` (`elementId`, `attribute`, `fieldId`, `locale`, `keywords`) VALUES ('46', 'slug', '0', 'en_us', '');
INSERT INTO `craft_searchindex` (`elementId`, `attribute`, `fieldId`, `locale`, `keywords`) VALUES ('15', 'field', '18', 'en_us', ' 42 1052726 ');
INSERT INTO `craft_searchindex` (`elementId`, `attribute`, `fieldId`, `locale`, `keywords`) VALUES ('15', 'field', '19', 'en_us', ' 75 9167228 ');
INSERT INTO `craft_searchindex` (`elementId`, `attribute`, `fieldId`, `locale`, `keywords`) VALUES ('16', 'field', '18', 'en_us', ' 42 1158695 ');
INSERT INTO `craft_searchindex` (`elementId`, `attribute`, `fieldId`, `locale`, `keywords`) VALUES ('16', 'field', '19', 'en_us', ' 75 9567031 ');
INSERT INTO `craft_searchindex` (`elementId`, `attribute`, `fieldId`, `locale`, `keywords`) VALUES ('17', 'field', '18', 'en_us', ' 42 0981424 ');
INSERT INTO `craft_searchindex` (`elementId`, `attribute`, `fieldId`, `locale`, `keywords`) VALUES ('17', 'field', '19', 'en_us', ' 75 9074523 ');
INSERT INTO `craft_searchindex` (`elementId`, `attribute`, `fieldId`, `locale`, `keywords`) VALUES ('19', 'field', '18', 'en_us', ' 42 0906592 ');
INSERT INTO `craft_searchindex` (`elementId`, `attribute`, `fieldId`, `locale`, `keywords`) VALUES ('19', 'field', '19', 'en_us', ' 76 7950159 ');
INSERT INTO `craft_searchindex` (`elementId`, `attribute`, `fieldId`, `locale`, `keywords`) VALUES ('20', 'field', '18', 'en_us', ' 42 09059 ');
INSERT INTO `craft_searchindex` (`elementId`, `attribute`, `fieldId`, `locale`, `keywords`) VALUES ('20', 'field', '19', 'en_us', ' 76 8001568 ');
INSERT INTO `craft_searchindex` (`elementId`, `attribute`, `fieldId`, `locale`, `keywords`) VALUES ('21', 'field', '18', 'en_us', ' 42 0940975 ');
INSERT INTO `craft_searchindex` (`elementId`, `attribute`, `fieldId`, `locale`, `keywords`) VALUES ('21', 'field', '19', 'en_us', ' 76 794044 ');
INSERT INTO `craft_searchindex` (`elementId`, `attribute`, `fieldId`, `locale`, `keywords`) VALUES ('22', 'field', '18', 'en_us', ' 42 1002359 ');
INSERT INTO `craft_searchindex` (`elementId`, `attribute`, `fieldId`, `locale`, `keywords`) VALUES ('22', 'field', '19', 'en_us', ' 76 8286155 ');
INSERT INTO `craft_searchindex` (`elementId`, `attribute`, `fieldId`, `locale`, `keywords`) VALUES ('24', 'field', '18', 'en_us', ' 42 5257407 ');
INSERT INTO `craft_searchindex` (`elementId`, `attribute`, `fieldId`, `locale`, `keywords`) VALUES ('24', 'field', '19', 'en_us', ' 75 525915 ');
INSERT INTO `craft_searchindex` (`elementId`, `attribute`, `fieldId`, `locale`, `keywords`) VALUES ('25', 'field', '18', 'en_us', ' 42 5395633 ');
INSERT INTO `craft_searchindex` (`elementId`, `attribute`, `fieldId`, `locale`, `keywords`) VALUES ('25', 'field', '19', 'en_us', ' 75 5254416 ');
INSERT INTO `craft_searchindex` (`elementId`, `attribute`, `fieldId`, `locale`, `keywords`) VALUES ('27', 'field', '18', 'en_us', ' 42 601083 ');
INSERT INTO `craft_searchindex` (`elementId`, `attribute`, `fieldId`, `locale`, `keywords`) VALUES ('27', 'field', '19', 'en_us', ' 76 176411 ');
INSERT INTO `craft_searchindex` (`elementId`, `attribute`, `fieldId`, `locale`, `keywords`) VALUES ('28', 'field', '18', 'en_us', ' 42 6005466 ');
INSERT INTO `craft_searchindex` (`elementId`, `attribute`, `fieldId`, `locale`, `keywords`) VALUES ('28', 'field', '19', 'en_us', ' 76 1800998 ');
INSERT INTO `craft_searchindex` (`elementId`, `attribute`, `fieldId`, `locale`, `keywords`) VALUES ('30', 'field', '18', 'en_us', ' 42 316674 ');
INSERT INTO `craft_searchindex` (`elementId`, `attribute`, `fieldId`, `locale`, `keywords`) VALUES ('30', 'field', '19', 'en_us', ' 75 387794 ');
INSERT INTO `craft_searchindex` (`elementId`, `attribute`, `fieldId`, `locale`, `keywords`) VALUES ('31', 'field', '18', 'en_us', ' 42 175554 ');
INSERT INTO `craft_searchindex` (`elementId`, `attribute`, `fieldId`, `locale`, `keywords`) VALUES ('31', 'field', '19', 'en_us', ' 75 124806 ');
INSERT INTO `craft_searchindex` (`elementId`, `attribute`, `fieldId`, `locale`, `keywords`) VALUES ('32', 'field', '18', 'en_us', ' 42 0786532 ');
INSERT INTO `craft_searchindex` (`elementId`, `attribute`, `fieldId`, `locale`, `keywords`) VALUES ('32', 'field', '19', 'en_us', ' 74 9936221 ');
INSERT INTO `craft_searchindex` (`elementId`, `attribute`, `fieldId`, `locale`, `keywords`) VALUES ('33', 'field', '18', 'en_us', ' 42 1646379 ');
INSERT INTO `craft_searchindex` (`elementId`, `attribute`, `fieldId`, `locale`, `keywords`) VALUES ('33', 'field', '19', 'en_us', ' 75 127915 ');
INSERT INTO `craft_searchindex` (`elementId`, `attribute`, `fieldId`, `locale`, `keywords`) VALUES ('34', 'field', '18', 'en_us', ' 41 9541255 ');
INSERT INTO `craft_searchindex` (`elementId`, `attribute`, `fieldId`, `locale`, `keywords`) VALUES ('34', 'field', '19', 'en_us', ' 75 2796085 ');
INSERT INTO `craft_searchindex` (`elementId`, `attribute`, `fieldId`, `locale`, `keywords`) VALUES ('35', 'field', '18', 'en_us', ' 42 3041666 ');
INSERT INTO `craft_searchindex` (`elementId`, `attribute`, `fieldId`, `locale`, `keywords`) VALUES ('35', 'field', '19', 'en_us', ' 75 3955434 ');
INSERT INTO `craft_searchindex` (`elementId`, `attribute`, `fieldId`, `locale`, `keywords`) VALUES ('37', 'field', '18', 'en_us', ' 42 4528708 ');
INSERT INTO `craft_searchindex` (`elementId`, `attribute`, `fieldId`, `locale`, `keywords`) VALUES ('37', 'field', '19', 'en_us', ' 75 0635944 ');
INSERT INTO `craft_searchindex` (`elementId`, `attribute`, `fieldId`, `locale`, `keywords`) VALUES ('38', 'field', '18', 'en_us', ' 42 455772 ');
INSERT INTO `craft_searchindex` (`elementId`, `attribute`, `fieldId`, `locale`, `keywords`) VALUES ('38', 'field', '19', 'en_us', ' 75 06318 ');
INSERT INTO `craft_searchindex` (`elementId`, `attribute`, `fieldId`, `locale`, `keywords`) VALUES ('39', 'field', '18', 'en_us', ' 42 4564101 ');
INSERT INTO `craft_searchindex` (`elementId`, `attribute`, `fieldId`, `locale`, `keywords`) VALUES ('39', 'field', '19', 'en_us', ' 75 0292819 ');
INSERT INTO `craft_searchindex` (`elementId`, `attribute`, `fieldId`, `locale`, `keywords`) VALUES ('41', 'field', '18', 'en_us', ' 42 1418028 ');
INSERT INTO `craft_searchindex` (`elementId`, `attribute`, `fieldId`, `locale`, `keywords`) VALUES ('41', 'field', '19', 'en_us', ' 76 263659 ');
INSERT INTO `craft_searchindex` (`elementId`, `attribute`, `fieldId`, `locale`, `keywords`) VALUES ('42', 'field', '18', 'en_us', ' 42 1053275 ');
INSERT INTO `craft_searchindex` (`elementId`, `attribute`, `fieldId`, `locale`, `keywords`) VALUES ('42', 'field', '19', 'en_us', ' 76 2651361 ');
INSERT INTO `craft_searchindex` (`elementId`, `attribute`, `fieldId`, `locale`, `keywords`) VALUES ('44', 'field', '18', 'en_us', ' 42 4860913 ');
INSERT INTO `craft_searchindex` (`elementId`, `attribute`, `fieldId`, `locale`, `keywords`) VALUES ('44', 'field', '19', 'en_us', ' 76 4622914 ');
INSERT INTO `craft_searchindex` (`elementId`, `attribute`, `fieldId`, `locale`, `keywords`) VALUES ('45', 'field', '18', 'en_us', ' 42 4351719 ');
INSERT INTO `craft_searchindex` (`elementId`, `attribute`, `fieldId`, `locale`, `keywords`) VALUES ('45', 'field', '19', 'en_us', ' 76 5077508 ');
INSERT INTO `craft_searchindex` (`elementId`, `attribute`, `fieldId`, `locale`, `keywords`) VALUES ('46', 'field', '18', 'en_us', ' 42 440078 ');
INSERT INTO `craft_searchindex` (`elementId`, `attribute`, `fieldId`, `locale`, `keywords`) VALUES ('46', 'field', '19', 'en_us', ' 76 5096737 ');
INSERT INTO `craft_searchindex` (`elementId`, `attribute`, `fieldId`, `locale`, `keywords`) VALUES ('47', 'username', '0', 'en_us', ' newtestuser ');
INSERT INTO `craft_searchindex` (`elementId`, `attribute`, `fieldId`, `locale`, `keywords`) VALUES ('47', 'firstname', '0', 'en_us', '');
INSERT INTO `craft_searchindex` (`elementId`, `attribute`, `fieldId`, `locale`, `keywords`) VALUES ('47', 'lastname', '0', 'en_us', '');
INSERT INTO `craft_searchindex` (`elementId`, `attribute`, `fieldId`, `locale`, `keywords`) VALUES ('47', 'fullname', '0', 'en_us', '');
INSERT INTO `craft_searchindex` (`elementId`, `attribute`, `fieldId`, `locale`, `keywords`) VALUES ('47', 'email', '0', 'en_us', ' jan obirulabs com ');
INSERT INTO `craft_searchindex` (`elementId`, `attribute`, `fieldId`, `locale`, `keywords`) VALUES ('47', 'slug', '0', 'en_us', '');
INSERT INTO `craft_searchindex` (`elementId`, `attribute`, `fieldId`, `locale`, `keywords`) VALUES ('48', 'filename', '0', 'en_us', ' mudgauntlet png ');
INSERT INTO `craft_searchindex` (`elementId`, `attribute`, `fieldId`, `locale`, `keywords`) VALUES ('48', 'extension', '0', 'en_us', ' png ');
INSERT INTO `craft_searchindex` (`elementId`, `attribute`, `fieldId`, `locale`, `keywords`) VALUES ('48', 'kind', '0', 'en_us', ' image ');
INSERT INTO `craft_searchindex` (`elementId`, `attribute`, `fieldId`, `locale`, `keywords`) VALUES ('48', 'slug', '0', 'en_us', '');
INSERT INTO `craft_searchindex` (`elementId`, `attribute`, `fieldId`, `locale`, `keywords`) VALUES ('48', 'title', '0', 'en_us', ' mudgauntlet ');
INSERT INTO `craft_searchindex` (`elementId`, `attribute`, `fieldId`, `locale`, `keywords`) VALUES ('7', 'field', '20', 'en_us', ' a great opportunity to combine a challenging route beautiful scenery with a chance to make a difference on one of the best supported rides anywhere ride a 100 miles or take it easy with 42 miles aids ride for life 2015 aidsride http aidsrideforlife org rider registration 2015 09 12 seriously challenge yourself by running crawling sprinting and splashing through the mud gauntlet broome county s premier hardcore outdoor obstacle course mud gauntlet 2015 mudgauntlet https www facebook com media set set=a 1057036687644019 1073741868 194458827235147 type=3 2015 04 19 calling all fitness heroes the ringmasters at stap have thrown down the gauntlet and have devised the perfect trio of tasks to test you and your fitness hot cross run 2014 hotcrossrun https www facebook com media set set=a 939412246073131 1073741856 194458827235147 type=3 http aidsrideforlife org rider registration 2014 10 11 ');
INSERT INTO `craft_searchindex` (`elementId`, `attribute`, `fieldId`, `locale`, `keywords`) VALUES ('7', 'slug', '0', 'en_us', ' events ');
INSERT INTO `craft_searchindex` (`elementId`, `attribute`, `fieldId`, `locale`, `keywords`) VALUES ('7', 'title', '0', 'en_us', ' events ');
INSERT INTO `craft_searchindex` (`elementId`, `attribute`, `fieldId`, `locale`, `keywords`) VALUES ('49', 'field', '21', 'en_us', ' mud gauntlet 2015 ');
INSERT INTO `craft_searchindex` (`elementId`, `attribute`, `fieldId`, `locale`, `keywords`) VALUES ('49', 'field', '22', 'en_us', ' seriously challenge yourself by running crawling sprinting and splashing through the mud gauntlet broome county s premier hardcore outdoor obstacle course ');
INSERT INTO `craft_searchindex` (`elementId`, `attribute`, `fieldId`, `locale`, `keywords`) VALUES ('49', 'field', '23', 'en_us', ' mudgauntlet ');
INSERT INTO `craft_searchindex` (`elementId`, `attribute`, `fieldId`, `locale`, `keywords`) VALUES ('49', 'slug', '0', 'en_us', '');
INSERT INTO `craft_searchindex` (`elementId`, `attribute`, `fieldId`, `locale`, `keywords`) VALUES ('50', 'filename', '0', 'en_us', ' aidsride png ');
INSERT INTO `craft_searchindex` (`elementId`, `attribute`, `fieldId`, `locale`, `keywords`) VALUES ('50', 'extension', '0', 'en_us', ' png ');
INSERT INTO `craft_searchindex` (`elementId`, `attribute`, `fieldId`, `locale`, `keywords`) VALUES ('50', 'kind', '0', 'en_us', ' image ');
INSERT INTO `craft_searchindex` (`elementId`, `attribute`, `fieldId`, `locale`, `keywords`) VALUES ('50', 'slug', '0', 'en_us', '');
INSERT INTO `craft_searchindex` (`elementId`, `attribute`, `fieldId`, `locale`, `keywords`) VALUES ('50', 'title', '0', 'en_us', ' aidsride ');
INSERT INTO `craft_searchindex` (`elementId`, `attribute`, `fieldId`, `locale`, `keywords`) VALUES ('51', 'field', '21', 'en_us', ' aids ride for life 2015 ');
INSERT INTO `craft_searchindex` (`elementId`, `attribute`, `fieldId`, `locale`, `keywords`) VALUES ('51', 'field', '24', 'en_us', ' 2015 09 12 ');
INSERT INTO `craft_searchindex` (`elementId`, `attribute`, `fieldId`, `locale`, `keywords`) VALUES ('51', 'field', '22', 'en_us', ' a great opportunity to combine a challenging route beautiful scenery with a chance to make a difference on one of the best supported rides anywhere ride a 100 miles or take it easy with 42 miles ');
INSERT INTO `craft_searchindex` (`elementId`, `attribute`, `fieldId`, `locale`, `keywords`) VALUES ('51', 'field', '23', 'en_us', ' aidsride ');
INSERT INTO `craft_searchindex` (`elementId`, `attribute`, `fieldId`, `locale`, `keywords`) VALUES ('51', 'slug', '0', 'en_us', '');
INSERT INTO `craft_searchindex` (`elementId`, `attribute`, `fieldId`, `locale`, `keywords`) VALUES ('49', 'field', '24', 'en_us', ' 2015 04 19 ');
INSERT INTO `craft_searchindex` (`elementId`, `attribute`, `fieldId`, `locale`, `keywords`) VALUES ('52', 'filename', '0', 'en_us', ' hotcrossrun png ');
INSERT INTO `craft_searchindex` (`elementId`, `attribute`, `fieldId`, `locale`, `keywords`) VALUES ('52', 'extension', '0', 'en_us', ' png ');
INSERT INTO `craft_searchindex` (`elementId`, `attribute`, `fieldId`, `locale`, `keywords`) VALUES ('52', 'kind', '0', 'en_us', ' image ');
INSERT INTO `craft_searchindex` (`elementId`, `attribute`, `fieldId`, `locale`, `keywords`) VALUES ('52', 'slug', '0', 'en_us', '');
INSERT INTO `craft_searchindex` (`elementId`, `attribute`, `fieldId`, `locale`, `keywords`) VALUES ('52', 'title', '0', 'en_us', ' hotcrossrun ');
INSERT INTO `craft_searchindex` (`elementId`, `attribute`, `fieldId`, `locale`, `keywords`) VALUES ('53', 'field', '21', 'en_us', ' hot cross run 2014 ');
INSERT INTO `craft_searchindex` (`elementId`, `attribute`, `fieldId`, `locale`, `keywords`) VALUES ('53', 'field', '24', 'en_us', ' 2014 10 11 ');
INSERT INTO `craft_searchindex` (`elementId`, `attribute`, `fieldId`, `locale`, `keywords`) VALUES ('53', 'field', '22', 'en_us', ' calling all fitness heroes the ringmasters at stap have thrown down the gauntlet and have devised the perfect trio of tasks to test you and your fitness ');
INSERT INTO `craft_searchindex` (`elementId`, `attribute`, `fieldId`, `locale`, `keywords`) VALUES ('53', 'field', '23', 'en_us', ' hotcrossrun ');
INSERT INTO `craft_searchindex` (`elementId`, `attribute`, `fieldId`, `locale`, `keywords`) VALUES ('53', 'slug', '0', 'en_us', '');
INSERT INTO `craft_searchindex` (`elementId`, `attribute`, `fieldId`, `locale`, `keywords`) VALUES ('51', 'field', '25', 'en_us', ' http aidsrideforlife org rider registration ');
INSERT INTO `craft_searchindex` (`elementId`, `attribute`, `fieldId`, `locale`, `keywords`) VALUES ('51', 'field', '26', 'en_us', '');
INSERT INTO `craft_searchindex` (`elementId`, `attribute`, `fieldId`, `locale`, `keywords`) VALUES ('49', 'field', '25', 'en_us', '');
INSERT INTO `craft_searchindex` (`elementId`, `attribute`, `fieldId`, `locale`, `keywords`) VALUES ('49', 'field', '26', 'en_us', ' https www facebook com media set set=a 1057036687644019 1073741868 194458827235147 type=3 ');
INSERT INTO `craft_searchindex` (`elementId`, `attribute`, `fieldId`, `locale`, `keywords`) VALUES ('53', 'field', '25', 'en_us', ' http aidsrideforlife org rider registration ');
INSERT INTO `craft_searchindex` (`elementId`, `attribute`, `fieldId`, `locale`, `keywords`) VALUES ('53', 'field', '26', 'en_us', ' https www facebook com media set set=a 939412246073131 1073741856 194458827235147 type=3 ');
INSERT INTO `craft_searchindex` (`elementId`, `attribute`, `fieldId`, `locale`, `keywords`) VALUES ('54', 'field', '27', 'en_us', ' hiv stands for human immunodeficiency virus it is the virus that attacks the body s immune system and over time people become less able to fight off illness and diseases aids stands for acquired immune deficiency syndrome aids is a condition that results from your body s weakened immune system as a result of infection with hiv doctors make an aids diagnosis based on a set of symptoms and conditions identified by the u s centers for disease control cdc these conditions include being hiv and having a t cell cd4 cell count lower than 200 and or having had one or more opportunistic infections these can include toxoplasmosis kaposi s sarcoma and several others what does hiv and aids stand for the three most common ways that hiv is transmitted are unprotected sex that s having anal vaginal or oral sex without a condom or other barrier with an hiv infected person and or sharing needles that s sharing intravenous iv drug needles syringes and or other equipment works with an hiv infected person mother to child from hiv infected woman to babies before or during birth or through breast feeding hiv is not the only infection that you can get from sexual contact you can also get other sexually transmitted infections stis such as chlamydia hpv gonorrhea hepatitis b c herpes intestinal parasites non gonococcal urethritis and syphilis through unprotected anal vaginal and oral sex as well as other sexual practices like rimming if you have any of these stis and do anything sexually that can transmit hiv you re also at much greater risk of actually getting hiv in fact having one of these stis can increase your risk for contracting hiv what are the ways that hiv is transmitted no shaking hands hugging using a toilet drinking from the same glass or the sneezing and coughing of an infected person will not put you at risk for contracting hiv you can only get hiv from intimate contact with specific body fluids from an infected you can t get hiv from day to day contact in the workplace schools or social settings and you can t get hiv from shaking hands hugging or a casual kiss you also can t get infected from a toilet seat a drinking fountain a doorknob dishes drinking glasses food or pets hiv is not an airborne or food borne virus and does not live long outside the body can i get hiv from casual contact no there is no cure or vaccine for hiv infection or aids research scientists in the united states and other countries are actively working towards the development of a cure to date no one has ever been able to cure any virus known to mankind however there are many treatments and medications to help treat hiv is there a cure for hiv or aids no you can t many of the typical outward symptoms of hiv are not necessarily clear indicators that someone is hiv positive the only sure way to find out is to ask the guy if he knows his hiv status and hope that they answer honestly and if they don t know their status it s probably a good idea to assume they are hiv positive and play safely can i tell if someone is hiv positive just from looking at them yes it is possible for either sex partner to become infected with hiv during anal sex hiv can be found in the blood semen pre cum or vaginal fluid of a person infected with the virus in general the person being penetrated or receiving the semen is at greater risk of getting hiv because the lining of the rectum is thin and may allow the virus to enter the body during anal sex however the person doing the penetrating or inserting his penis into an infected partner is also at risk because hiv can enter through the urethra the piss slit or opening at the tip of the penis or through small cuts abrasions or open sores on the penis having unprotected without a condom anal sex is considered to be very risky behavior if you re going to have anal sex you can reduce the risk of hiv transmission significantly by using a latex or polyurethane condom most of the time condoms work well however condoms are more likely to break during anal sex than during vaginal sex so even with a condom anal sex can be risky you should also be sure to use a water based lubricant rather than an oil based lube in addition to the condom to reduce the chances of the condom breaking if you are barebacking have the insertive partner top pull out before ejaculating avoid douching enema beforehand as this actually puts you at a higher risk for becoming infected with hiv douching may wash away helpful or good bacteria in the mucous membrane lining your ass as well as reducing your natural lubrication this increases the friction of being penetrated which can cause tears in the rectum and anus it s also not good to douche after being penetrated since this could spread the virus around even more also use lots of lube to make sure that your anus and rectum are as thoroughly lubricated as possible which also helps to avoid cuts and tears which would make it easier for hiv to get into your body s blood stream can i get hiv from anal sex yes it is possible to become infected with hiv through vaginal intercourse in fact it is the most common way the virus is transmitted in much of the world hiv can be found in the blood semen pre cum or vaginal fluid of a person infected with the virus the lining of the vagina can tear and possibly allow hiv to enter the body more easily direct absorption of hiv through the mucous membranes that line the vagina also is a possibility men may be at less risk for hiv transmission than women are through vaginal intercourse however hiv can enter the body of the male through his urethra the piss slit or opening at the tip of the penis or through small cuts or open sores on the penis the risk for hiv infection also increases if you or a partner has a sexually transmitted disease sti if you choose to have vaginal intercourse use a latex condom to help protect both you and your partner from the risk of hiv and other stis studies have shown that latex condoms are very effective though not perfect in preventing hiv transmission when used correctly and consistently if either partner is allergic to latex plastic polyurethane condoms for either the male or female can be used can i get hiv from having vaginal sex yes it is possible for you to become infected with hiv through performing oral sex but it is considered low to medium risk there have been a few cases of hiv transmission from performing oral sex on a person infected with hiv while no one knows exactly what the degree of risk is evidence suggests that the risk is less than that of unprotected anal or vaginal sex blood semen pre cum and vaginal fluid all may contain the virus cells in the mucous lining of the mouth may carry hiv into the lymph nodes or the bloodstream the risk increases if you have cuts or sores around or in your mouth or throat your partner ejaculates in your mouth oryour partner has another sexually transmitted infection sti can i get hiv from performing oral sex yes it is possible for you to become infected with hiv through receiving oral sex but it is considered low risk though no one knows exactly what the degree of risk is evidence suggests that the risk is less than that of unprotected anal or vaginal sex if your partner has hiv blood from his or her mouth may enter the urethra the piss slit or opening at the tip of the penis the vagina the anus or directly into the body through small cuts or open sores if you choose to have oral sex and your partner is male use a latex condom on the penis orif you or your partner is allergic to latex use a polyurethane condom if you aren t going to use a condom you can reduce your risk of hiv infection by avoiding deep throating which makes it easier for the slit of your penis to come into contact with the mucous membranes at the back of your partner s throat providing a good entry point for hiv to get into the body s blood stream if you choose to have oral sex and your partner is female use a latex barrier such as a dental dam or a cut open condom that makes a square between your mouth and the vagina plastic food wrap also can be used as a barrier using a barrier will reduce the risk of blood or vaginal fluids entering your mouth research has shown the effectiveness of latex condoms used on the penis to prevent the transmission of hiv condoms are not risk free but they greatly reduce your risk of becoming hiv infected if your partner has the virus can i get hiv from someone performing oral sex on me don t brush or floss your teeth for at least an hour before giving head you can use a mouthwash breath mint or gum instead this will keep the number of tears and cuts in your mouth to a minimum try not to eat abrasive foods like tortilla chips french bread pretzels etc for the same reasons in general it s also a good idea to maintain excellent oral hygiene to prevent the possibility of easy tears cuts in the mouth avoid getting semen in your mouth semen contains active hiv if you do get semen in your mouth as the saying goes swallow or spit just don t let it sit the longer semen is in your mouth the more potential for hiv to find an entry point into your body avoid deep throating since this can cause abrasions in the throat precum and semen can come into contact with these abrasions creating an effective entry point for hiv infection if you aren t going to use a condom for oral sex condom the following are ways to reduce the risk of hiv transmission an undetectable viral load is only a measure of the hiv levels in a blood sample but there is still no sure way to know or average how much hiv virus there is in semen or pre cum since it varies from man to man if someone is hiv positive but has an undetectable viral load is it safe to perform oral sex without a condom hiv is not casually transmitted so kissing on the cheek is very safe even if the other person has the virus your unbroken skin is a good barrier no one has become infected from such ordinary social contact as dry kisses hugs and handshakes open mouth kissing is considered a very low risk activity for the transmission of hiv because the amount of hiv in saliva is very small and relatively inactive however prolonged open mouth kissing could damage the mouth or lips which would then allow hiv to pass from an infected person to a partner and then enter the body through cuts or sores in the mouth can i get hiv from kissing on the cheek open mouth or deep kissing swapping saliva ');
INSERT INTO `craft_searchindex` (`elementId`, `attribute`, `fieldId`, `locale`, `keywords`) VALUES ('54', 'slug', '0', 'en_us', ' hiv aids 101 ');
INSERT INTO `craft_searchindex` (`elementId`, `attribute`, `fieldId`, `locale`, `keywords`) VALUES ('54', 'title', '0', 'en_us', ' hiv aids 101 ');
INSERT INTO `craft_searchindex` (`elementId`, `attribute`, `fieldId`, `locale`, `keywords`) VALUES ('55', 'field', '28', 'en_us', ' what does hiv and aids stand for ');
INSERT INTO `craft_searchindex` (`elementId`, `attribute`, `fieldId`, `locale`, `keywords`) VALUES ('55', 'field', '29', 'en_us', ' hiv stands for human immunodeficiency virus it is the virus that attacks the body s immune system and over time people become less able to fight off illness and diseases aids stands for acquired immune deficiency syndrome aids is a condition that results from your body s weakened immune system as a result of infection with hiv doctors make an aids diagnosis based on a set of symptoms and conditions identified by the u s centers for disease control cdc these conditions include being hiv and having a t cell cd4 cell count lower than 200 and or having had one or more opportunistic infections these can include toxoplasmosis kaposi s sarcoma and several others ');
INSERT INTO `craft_searchindex` (`elementId`, `attribute`, `fieldId`, `locale`, `keywords`) VALUES ('55', 'slug', '0', 'en_us', '');
INSERT INTO `craft_searchindex` (`elementId`, `attribute`, `fieldId`, `locale`, `keywords`) VALUES ('56', 'field', '28', 'en_us', ' what are the ways that hiv is transmitted ');
INSERT INTO `craft_searchindex` (`elementId`, `attribute`, `fieldId`, `locale`, `keywords`) VALUES ('56', 'field', '29', 'en_us', ' the three most common ways that hiv is transmitted are unprotected sex that s having anal vaginal or oral sex without a condom or other barrier with an hiv infected person and or sharing needles that s sharing intravenous iv drug needles syringes and or other equipment works with an hiv infected person mother to child from hiv infected woman to babies before or during birth or through breast feeding hiv is not the only infection that you can get from sexual contact you can also get other sexually transmitted infections stis such as chlamydia hpv gonorrhea hepatitis b c herpes intestinal parasites non gonococcal urethritis and syphilis through unprotected anal vaginal and oral sex as well as other sexual practices like rimming if you have any of these stis and do anything sexually that can transmit hiv you re also at much greater risk of actually getting hiv in fact having one of these stis can increase your risk for contracting hiv ');
INSERT INTO `craft_searchindex` (`elementId`, `attribute`, `fieldId`, `locale`, `keywords`) VALUES ('56', 'slug', '0', 'en_us', '');
INSERT INTO `craft_searchindex` (`elementId`, `attribute`, `fieldId`, `locale`, `keywords`) VALUES ('57', 'field', '28', 'en_us', ' can i get hiv from casual contact ');
INSERT INTO `craft_searchindex` (`elementId`, `attribute`, `fieldId`, `locale`, `keywords`) VALUES ('57', 'field', '29', 'en_us', ' no shaking hands hugging using a toilet drinking from the same glass or the sneezing and coughing of an infected person will not put you at risk for contracting hiv you can only get hiv from intimate contact with specific body fluids from an infected you can t get hiv from day to day contact in the workplace schools or social settings and you can t get hiv from shaking hands hugging or a casual kiss you also can t get infected from a toilet seat a drinking fountain a doorknob dishes drinking glasses food or pets hiv is not an airborne or food borne virus and does not live long outside the body ');
INSERT INTO `craft_searchindex` (`elementId`, `attribute`, `fieldId`, `locale`, `keywords`) VALUES ('57', 'slug', '0', 'en_us', '');
INSERT INTO `craft_searchindex` (`elementId`, `attribute`, `fieldId`, `locale`, `keywords`) VALUES ('58', 'field', '28', 'en_us', ' is there a cure for hiv or aids ');
INSERT INTO `craft_searchindex` (`elementId`, `attribute`, `fieldId`, `locale`, `keywords`) VALUES ('58', 'field', '29', 'en_us', ' no there is no cure or vaccine for hiv infection or aids research scientists in the united states and other countries are actively working towards the development of a cure to date no one has ever been able to cure any virus known to mankind however there are many treatments and medications to help treat hiv ');
INSERT INTO `craft_searchindex` (`elementId`, `attribute`, `fieldId`, `locale`, `keywords`) VALUES ('58', 'slug', '0', 'en_us', '');
INSERT INTO `craft_searchindex` (`elementId`, `attribute`, `fieldId`, `locale`, `keywords`) VALUES ('59', 'field', '28', 'en_us', ' can i tell if someone is hiv positive just from looking at them ');
INSERT INTO `craft_searchindex` (`elementId`, `attribute`, `fieldId`, `locale`, `keywords`) VALUES ('59', 'field', '29', 'en_us', ' no you can t many of the typical outward symptoms of hiv are not necessarily clear indicators that someone is hiv positive the only sure way to find out is to ask the guy if he knows his hiv status and hope that they answer honestly and if they don t know their status it s probably a good idea to assume they are hiv positive and play safely ');
INSERT INTO `craft_searchindex` (`elementId`, `attribute`, `fieldId`, `locale`, `keywords`) VALUES ('59', 'slug', '0', 'en_us', '');
INSERT INTO `craft_searchindex` (`elementId`, `attribute`, `fieldId`, `locale`, `keywords`) VALUES ('60', 'field', '28', 'en_us', ' can i get hiv from anal sex ');
INSERT INTO `craft_searchindex` (`elementId`, `attribute`, `fieldId`, `locale`, `keywords`) VALUES ('60', 'field', '29', 'en_us', ' yes it is possible for either sex partner to become infected with hiv during anal sex hiv can be found in the blood semen pre cum or vaginal fluid of a person infected with the virus in general the person being penetrated or receiving the semen is at greater risk of getting hiv because the lining of the rectum is thin and may allow the virus to enter the body during anal sex however the person doing the penetrating or inserting his penis into an infected partner is also at risk because hiv can enter through the urethra the piss slit or opening at the tip of the penis or through small cuts abrasions or open sores on the penis having unprotected without a condom anal sex is considered to be very risky behavior if you re going to have anal sex you can reduce the risk of hiv transmission significantly by using a latex or polyurethane condom most of the time condoms work well however condoms are more likely to break during anal sex than during vaginal sex so even with a condom anal sex can be risky you should also be sure to use a water based lubricant rather than an oil based lube in addition to the condom to reduce the chances of the condom breaking if you are barebacking have the insertive partner top pull out before ejaculating avoid douching enema beforehand as this actually puts you at a higher risk for becoming infected with hiv douching may wash away helpful or good bacteria in the mucous membrane lining your ass as well as reducing your natural lubrication this increases the friction of being penetrated which can cause tears in the rectum and anus it s also not good to douche after being penetrated since this could spread the virus around even more also use lots of lube to make sure that your anus and rectum are as thoroughly lubricated as possible which also helps to avoid cuts and tears which would make it easier for hiv to get into your body s blood stream ');
INSERT INTO `craft_searchindex` (`elementId`, `attribute`, `fieldId`, `locale`, `keywords`) VALUES ('60', 'slug', '0', 'en_us', '');
INSERT INTO `craft_searchindex` (`elementId`, `attribute`, `fieldId`, `locale`, `keywords`) VALUES ('61', 'field', '28', 'en_us', ' can i get hiv from having vaginal sex ');
INSERT INTO `craft_searchindex` (`elementId`, `attribute`, `fieldId`, `locale`, `keywords`) VALUES ('61', 'field', '29', 'en_us', ' yes it is possible to become infected with hiv through vaginal intercourse in fact it is the most common way the virus is transmitted in much of the world hiv can be found in the blood semen pre cum or vaginal fluid of a person infected with the virus the lining of the vagina can tear and possibly allow hiv to enter the body more easily direct absorption of hiv through the mucous membranes that line the vagina also is a possibility men may be at less risk for hiv transmission than women are through vaginal intercourse however hiv can enter the body of the male through his urethra the piss slit or opening at the tip of the penis or through small cuts or open sores on the penis the risk for hiv infection also increases if you or a partner has a sexually transmitted disease sti if you choose to have vaginal intercourse use a latex condom to help protect both you and your partner from the risk of hiv and other stis studies have shown that latex condoms are very effective though not perfect in preventing hiv transmission when used correctly and consistently if either partner is allergic to latex plastic polyurethane condoms for either the male or female can be used ');
INSERT INTO `craft_searchindex` (`elementId`, `attribute`, `fieldId`, `locale`, `keywords`) VALUES ('61', 'slug', '0', 'en_us', '');
INSERT INTO `craft_searchindex` (`elementId`, `attribute`, `fieldId`, `locale`, `keywords`) VALUES ('62', 'field', '28', 'en_us', ' can i get hiv from performing oral sex ');
INSERT INTO `craft_searchindex` (`elementId`, `attribute`, `fieldId`, `locale`, `keywords`) VALUES ('62', 'field', '29', 'en_us', ' yes it is possible for you to become infected with hiv through performing oral sex but it is considered low to medium risk there have been a few cases of hiv transmission from performing oral sex on a person infected with hiv while no one knows exactly what the degree of risk is evidence suggests that the risk is less than that of unprotected anal or vaginal sex blood semen pre cum and vaginal fluid all may contain the virus cells in the mucous lining of the mouth may carry hiv into the lymph nodes or the bloodstream the risk increases if you have cuts or sores around or in your mouth or throat your partner ejaculates in your mouth oryour partner has another sexually transmitted infection sti ');
INSERT INTO `craft_searchindex` (`elementId`, `attribute`, `fieldId`, `locale`, `keywords`) VALUES ('62', 'slug', '0', 'en_us', '');
INSERT INTO `craft_searchindex` (`elementId`, `attribute`, `fieldId`, `locale`, `keywords`) VALUES ('63', 'field', '28', 'en_us', ' can i get hiv from someone performing oral sex on me ');
INSERT INTO `craft_searchindex` (`elementId`, `attribute`, `fieldId`, `locale`, `keywords`) VALUES ('63', 'field', '29', 'en_us', ' yes it is possible for you to become infected with hiv through receiving oral sex but it is considered low risk though no one knows exactly what the degree of risk is evidence suggests that the risk is less than that of unprotected anal or vaginal sex if your partner has hiv blood from his or her mouth may enter the urethra the piss slit or opening at the tip of the penis the vagina the anus or directly into the body through small cuts or open sores if you choose to have oral sex and your partner is male use a latex condom on the penis orif you or your partner is allergic to latex use a polyurethane condom if you aren t going to use a condom you can reduce your risk of hiv infection by avoiding deep throating which makes it easier for the slit of your penis to come into contact with the mucous membranes at the back of your partner s throat providing a good entry point for hiv to get into the body s blood stream if you choose to have oral sex and your partner is female use a latex barrier such as a dental dam or a cut open condom that makes a square between your mouth and the vagina plastic food wrap also can be used as a barrier using a barrier will reduce the risk of blood or vaginal fluids entering your mouth research has shown the effectiveness of latex condoms used on the penis to prevent the transmission of hiv condoms are not risk free but they greatly reduce your risk of becoming hiv infected if your partner has the virus ');
INSERT INTO `craft_searchindex` (`elementId`, `attribute`, `fieldId`, `locale`, `keywords`) VALUES ('63', 'slug', '0', 'en_us', '');
INSERT INTO `craft_searchindex` (`elementId`, `attribute`, `fieldId`, `locale`, `keywords`) VALUES ('64', 'field', '28', 'en_us', ' if you aren t going to use a condom for oral sex condom the following are ways to reduce the risk of hiv transmission ');
INSERT INTO `craft_searchindex` (`elementId`, `attribute`, `fieldId`, `locale`, `keywords`) VALUES ('64', 'field', '29', 'en_us', ' don t brush or floss your teeth for at least an hour before giving head you can use a mouthwash breath mint or gum instead this will keep the number of tears and cuts in your mouth to a minimum try not to eat abrasive foods like tortilla chips french bread pretzels etc for the same reasons in general it s also a good idea to maintain excellent oral hygiene to prevent the possibility of easy tears cuts in the mouth avoid getting semen in your mouth semen contains active hiv if you do get semen in your mouth as the saying goes swallow or spit just don t let it sit the longer semen is in your mouth the more potential for hiv to find an entry point into your body avoid deep throating since this can cause abrasions in the throat precum and semen can come into contact with these abrasions creating an effective entry point for hiv infection ');
INSERT INTO `craft_searchindex` (`elementId`, `attribute`, `fieldId`, `locale`, `keywords`) VALUES ('64', 'slug', '0', 'en_us', '');
INSERT INTO `craft_searchindex` (`elementId`, `attribute`, `fieldId`, `locale`, `keywords`) VALUES ('65', 'field', '28', 'en_us', ' if someone is hiv positive but has an undetectable viral load is it safe to perform oral sex without a condom ');
INSERT INTO `craft_searchindex` (`elementId`, `attribute`, `fieldId`, `locale`, `keywords`) VALUES ('65', 'field', '29', 'en_us', ' an undetectable viral load is only a measure of the hiv levels in a blood sample but there is still no sure way to know or average how much hiv virus there is in semen or pre cum since it varies from man to man ');
INSERT INTO `craft_searchindex` (`elementId`, `attribute`, `fieldId`, `locale`, `keywords`) VALUES ('65', 'slug', '0', 'en_us', '');
INSERT INTO `craft_searchindex` (`elementId`, `attribute`, `fieldId`, `locale`, `keywords`) VALUES ('66', 'field', '28', 'en_us', ' can i get hiv from kissing on the cheek open mouth or deep kissing swapping saliva ');
INSERT INTO `craft_searchindex` (`elementId`, `attribute`, `fieldId`, `locale`, `keywords`) VALUES ('66', 'field', '29', 'en_us', ' hiv is not casually transmitted so kissing on the cheek is very safe even if the other person has the virus your unbroken skin is a good barrier no one has become infected from such ordinary social contact as dry kisses hugs and handshakes open mouth kissing is considered a very low risk activity for the transmission of hiv because the amount of hiv in saliva is very small and relatively inactive however prolonged open mouth kissing could damage the mouth or lips which would then allow hiv to pass from an infected person to a partner and then enter the body through cuts or sores in the mouth ');
INSERT INTO `craft_searchindex` (`elementId`, `attribute`, `fieldId`, `locale`, `keywords`) VALUES ('66', 'slug', '0', 'en_us', '');
INSERT INTO `craft_searchindex` (`elementId`, `attribute`, `fieldId`, `locale`, `keywords`) VALUES ('67', 'field', '27', 'en_us', ' the following practices can help reduce your risk of becoming infected with hiv or other stis keep semen and blood including blood from piercing shaving or menstruation out of the mouth anus or vagina and away from other mucous membranes like the eyes or nose and any cuts breaks in the skin use latex or polyurethane condoms for oral anal and vaginal sex and pull out of your partner before ejaculation for added safety use only water based or silicone based lubricants with latex condoms oil based lubes like crisco vaseline baby oil hand creams etc can cause latex to break if you must use oil based lubricants use polyurethane condoms since these are safe to use with oil if you are barebacking unprotected anal sex the insertive partner top should pull out before ejaculating avoid douching or using an enema beforehand as this actually puts you at a higher risk for becoming infected with hiv douching may wash away helpful or good bacteria in the mucous membrane lining your rectum as well as reducing your natural lubrication this increases the friction during anal penetration which can cause tears in the rectum and anus it s also not good to douche after anal penetration since this could spread the virus around even more also use lots of lube to make sure that your anus and rectum are as thoroughly lubricated as possible which also helps to avoid cuts and tears which make it easier for hiv to get into your body s blood stream use a condom during oral sex even if your partner does not ejaculate in your mouth hiv from semen or pre cum could enter the blood stream through cuts or sores in your mouth if you don t like the taste of plain latex try flavored condoms they can turn oral sex into a whole new experience for both you and your partner use dental dams latex squares cut open condoms or saran wrap for mouth to anus contact rimming or performing oral sex on a woman use latex gloves or finger cots for fingering especially if you have any cuts or sores on your hands don t brush or floss your teeth for at least an hour before kissing or performing oral sex you can use a mouthwash breath mint or gum instead this will keep the number of tears and cuts in your mouth to a minimum try not to eat abrasive foods tortilla chips french bread pretzels etc for the same reasons you should also try to be aware of whether or not you have any cuts or sores in your mouth in general it s a good idea to maintain excellent oral hygiene to prevent the possibility of having any easy tears cuts in your mouth avoid getting semen in your mouth semen contains hiv if you do get semen in your mouth as the saying goes swallow or spit just don t let it sit the longer semen stays in your mouth the more potential for hiv to find an entry point into your body also avoid deep throating since this can cause abrasions in your throat precum and semen can come into contact with these abrasions creating an effective entry point for hiv infection don t share sex toys use condoms on dildos or vibrators and or clean them with soap and water or in hydrogen peroxide after use alcohol and other drugs can impair your judgment and put you at risk for hiv infection or if you already have hiv for transmitting it to others many people have trouble keeping to their commitments to safe healthy sexual behaviors after getting high massage hugging masturbation solo or with others and other activities that don t let blood or semen into your bloodstream are always safe how can i reduce my risk from getting hiv and other stis a risk of hiv transmission does exist if instruments contaminated with blood are not sterilized or disinfected or if they are shared inappropriately between clients cdc recommends that instruments that are intended to penetrate the skin be used once then disposed of or thoroughly cleaned and sterilized personal service workers who do tattooing or body piercing should be educated about how hiv is transmitted and take precautions to prevent transmission of hiv and other blood borne infections in their settings if you are considering getting a tattoo or having your body pierced ask staff at the establishment what procedures they use to prevent the spread of hiv and other blood borne infections such as hepatitis b virus you also may call the local health department to find out what sterilization procedures are in place in the local area for these types of establishments can i get hiv from getting a tattoo or through body piercing ');
INSERT INTO `craft_searchindex` (`elementId`, `attribute`, `fieldId`, `locale`, `keywords`) VALUES ('67', 'slug', '0', 'en_us', ' harm risk reduction ');
INSERT INTO `craft_searchindex` (`elementId`, `attribute`, `fieldId`, `locale`, `keywords`) VALUES ('67', 'title', '0', 'en_us', ' harm risk reduction ');
INSERT INTO `craft_searchindex` (`elementId`, `attribute`, `fieldId`, `locale`, `keywords`) VALUES ('68', 'field', '28', 'en_us', ' how can i reduce my risk from getting hiv and other stis ');
INSERT INTO `craft_searchindex` (`elementId`, `attribute`, `fieldId`, `locale`, `keywords`) VALUES ('68', 'field', '29', 'en_us', ' the following practices can help reduce your risk of becoming infected with hiv or other stis keep semen and blood including blood from piercing shaving or menstruation out of the mouth anus or vagina and away from other mucous membranes like the eyes or nose and any cuts breaks in the skin use latex or polyurethane condoms for oral anal and vaginal sex and pull out of your partner before ejaculation for added safety use only water based or silicone based lubricants with latex condoms oil based lubes like crisco vaseline baby oil hand creams etc can cause latex to break if you must use oil based lubricants use polyurethane condoms since these are safe to use with oil if you are barebacking unprotected anal sex the insertive partner top should pull out before ejaculating avoid douching or using an enema beforehand as this actually puts you at a higher risk for becoming infected with hiv douching may wash away helpful or good bacteria in the mucous membrane lining your rectum as well as reducing your natural lubrication this increases the friction during anal penetration which can cause tears in the rectum and anus it s also not good to douche after anal penetration since this could spread the virus around even more also use lots of lube to make sure that your anus and rectum are as thoroughly lubricated as possible which also helps to avoid cuts and tears which make it easier for hiv to get into your body s blood stream use a condom during oral sex even if your partner does not ejaculate in your mouth hiv from semen or pre cum could enter the blood stream through cuts or sores in your mouth if you don t like the taste of plain latex try flavored condoms they can turn oral sex into a whole new experience for both you and your partner use dental dams latex squares cut open condoms or saran wrap for mouth to anus contact rimming or performing oral sex on a woman use latex gloves or finger cots for fingering especially if you have any cuts or sores on your hands don t brush or floss your teeth for at least an hour before kissing or performing oral sex you can use a mouthwash breath mint or gum instead this will keep the number of tears and cuts in your mouth to a minimum try not to eat abrasive foods tortilla chips french bread pretzels etc for the same reasons you should also try to be aware of whether or not you have any cuts or sores in your mouth in general it s a good idea to maintain excellent oral hygiene to prevent the possibility of having any easy tears cuts in your mouth avoid getting semen in your mouth semen contains hiv if you do get semen in your mouth as the saying goes swallow or spit just don t let it sit the longer semen stays in your mouth the more potential for hiv to find an entry point into your body also avoid deep throating since this can cause abrasions in your throat precum and semen can come into contact with these abrasions creating an effective entry point for hiv infection don t share sex toys use condoms on dildos or vibrators and or clean them with soap and water or in hydrogen peroxide after use alcohol and other drugs can impair your judgment and put you at risk for hiv infection or if you already have hiv for transmitting it to others many people have trouble keeping to their commitments to safe healthy sexual behaviors after getting high massage hugging masturbation solo or with others and other activities that don t let blood or semen into your bloodstream are always safe ');
INSERT INTO `craft_searchindex` (`elementId`, `attribute`, `fieldId`, `locale`, `keywords`) VALUES ('68', 'slug', '0', 'en_us', '');
INSERT INTO `craft_searchindex` (`elementId`, `attribute`, `fieldId`, `locale`, `keywords`) VALUES ('69', 'field', '28', 'en_us', ' can i get hiv from getting a tattoo or through body piercing ');
INSERT INTO `craft_searchindex` (`elementId`, `attribute`, `fieldId`, `locale`, `keywords`) VALUES ('69', 'field', '29', 'en_us', ' a risk of hiv transmission does exist if instruments contaminated with blood are not sterilized or disinfected or if they are shared inappropriately between clients cdc recommends that instruments that are intended to penetrate the skin be used once then disposed of or thoroughly cleaned and sterilized personal service workers who do tattooing or body piercing should be educated about how hiv is transmitted and take precautions to prevent transmission of hiv and other blood borne infections in their settings if you are considering getting a tattoo or having your body pierced ask staff at the establishment what procedures they use to prevent the spread of hiv and other blood borne infections such as hepatitis b virus you also may call the local health department to find out what sterilization procedures are in place in the local area for these types of establishments ');
INSERT INTO `craft_searchindex` (`elementId`, `attribute`, `fieldId`, `locale`, `keywords`) VALUES ('69', 'slug', '0', 'en_us', '');
INSERT INTO `craft_searchindex` (`elementId`, `attribute`, `fieldId`, `locale`, `keywords`) VALUES ('70', 'field', '27', 'en_us', ' studies have shown that latex condoms are highly effective in preventing hiv transmission when used consistently and correctly these studies looked at uninfected people considered to be at very high risk of infection because they were involved in sexual relationships with hiv infected people the studies found that even with repeated sexual contact 98 100% of those people who used latex condoms correctly and consistently did not become infected with hiv how effective are latex condoms in preventing hiv there are currently several available brands of polyurethane condoms that can be used as alternatives to latex condoms 1 the female condom f2 the first condom designed to be worn by women for vaginal sex it s also easily used by men for anal sex made of soft polyurethane this product actually offers more protection against pregnancy and disease because it covers more area and is compatible with water silicon and oil based lubricants 2 avanti duron condom avanti was the first polyurethane condom it s strong nonporous and non permeable to all viruses and protects against stis including hiv it s hypoallergenic and thinner than latex so it can transmit more sensation and warm to the body s temperature unlike latex it s safe to use with water silicon and oil based lubricants because polyurethane isn t quite as elastic as latex the avanti is slightly larger than the average latex condom for the record consumer reports and the fda have both reported that the avanti breaks more readily than a latex condom and are recommending them exclusively for those with latex allergies 3 trojan supra condom the supra is made from a medical grade advanced material called microsheer it s ultra thin strong and clear almost invisible and has no latex allergens it s compatible with water silicon and oil based lubricants has no taste or smell and can transmit body heat unlike latex supras are also quite a bit larger than the average condom 4 lifestyles skyn condom this condom is made from a technologically advanced material called polyisoprene which is thin strong and clear with no latex allergens it is compatible with water based and silicone based lubricants these are approximately the same size as a standard condom do not use lambskin condoms they do not prevent transmission of hiv i m allergic to latex and or my partner is what brands of polyurethane condoms are available as an alternative this is sometimes referred to as double bagging it is better to use a single condom at a time when a single condom is used properly the resulting safety factor for prevention of hiv transmission increases dramatically when two condoms are used there is a much bigger chance of friction between the two latex barriers friction heat is a condom s worst biggest enemy heat contact with latex will increase the chance of breakage hot temperatures humidity and even ultraviolet light can contribute to the deterioration of latex condoms is it safe safer to use two condoms instead of one at the same time no recent scientific studies have conclusively proven nonoxyl 9 ineffective in preventing hiv transmission in fact it actually appears to increase your chances of becoming infected with hiv given the risks and the lack of any preventive benefits the use of nonoxyl 9 is no longer recommended as a preventive measure against hiv transmission infection does the spermicide nonoxyl 9 n 9 help prevent hiv infection it is always safe to use water based lubricants and silicone based lubricants with latex condoms the lubrication heightens the sexual experience and if you put a few drops of lube inside the tip of the condom you ll have better stimulation along with added safety it is never safe to use oil based lubricants skin lotions baby oil vaseline crisco cold cream or even whipped cream with latex condoms because oil dramatically weakens latex and definitely increases the chances of condom failure breakage for example mineral oil is a common ingredient in many lotions according to the cdc within as little as 60 seconds of exposure a 90% decrease in latex strength will occur in a condom when using an oil based lubricant to demonstrate this phenomenon blow up a latex condom place a dab of oil or lotion on it and watch it explode the moral of the story don t use oil on latex only polyurethane condoms can safely be used with oil based lubricants so if you must use an oil based lubricant please use only polyurethane condoms polyurethane condoms also work well with water based and silicone based lubricants what kinds of lubricants should i use ');
INSERT INTO `craft_searchindex` (`elementId`, `attribute`, `fieldId`, `locale`, `keywords`) VALUES ('70', 'slug', '0', 'en_us', ' condoms ');
INSERT INTO `craft_searchindex` (`elementId`, `attribute`, `fieldId`, `locale`, `keywords`) VALUES ('70', 'title', '0', 'en_us', ' condoms ');
INSERT INTO `craft_searchindex` (`elementId`, `attribute`, `fieldId`, `locale`, `keywords`) VALUES ('71', 'field', '28', 'en_us', ' how effective are latex condoms in preventing hiv ');
INSERT INTO `craft_searchindex` (`elementId`, `attribute`, `fieldId`, `locale`, `keywords`) VALUES ('71', 'field', '29', 'en_us', ' studies have shown that latex condoms are highly effective in preventing hiv transmission when used consistently and correctly these studies looked at uninfected people considered to be at very high risk of infection because they were involved in sexual relationships with hiv infected people the studies found that even with repeated sexual contact 98 100% of those people who used latex condoms correctly and consistently did not become infected with hiv ');
INSERT INTO `craft_searchindex` (`elementId`, `attribute`, `fieldId`, `locale`, `keywords`) VALUES ('71', 'slug', '0', 'en_us', '');
INSERT INTO `craft_searchindex` (`elementId`, `attribute`, `fieldId`, `locale`, `keywords`) VALUES ('72', 'field', '28', 'en_us', ' i m allergic to latex and or my partner is what brands of polyurethane condoms are available as an alternative ');
INSERT INTO `craft_searchindex` (`elementId`, `attribute`, `fieldId`, `locale`, `keywords`) VALUES ('72', 'field', '29', 'en_us', ' there are currently several available brands of polyurethane condoms that can be used as alternatives to latex condoms 1 the female condom f2 the first condom designed to be worn by women for vaginal sex it s also easily used by men for anal sex made of soft polyurethane this product actually offers more protection against pregnancy and disease because it covers more area and is compatible with water silicon and oil based lubricants 2 avanti duron condom avanti was the first polyurethane condom it s strong nonporous and non permeable to all viruses and protects against stis including hiv it s hypoallergenic and thinner than latex so it can transmit more sensation and warm to the body s temperature unlike latex it s safe to use with water silicon and oil based lubricants because polyurethane isn t quite as elastic as latex the avanti is slightly larger than the average latex condom for the record consumer reports and the fda have both reported that the avanti breaks more readily than a latex condom and are recommending them exclusively for those with latex allergies 3 trojan supra condom the supra is made from a medical grade advanced material called microsheer it s ultra thin strong and clear almost invisible and has no latex allergens it s compatible with water silicon and oil based lubricants has no taste or smell and can transmit body heat unlike latex supras are also quite a bit larger than the average condom 4 lifestyles skyn condom this condom is made from a technologically advanced material called polyisoprene which is thin strong and clear with no latex allergens it is compatible with water based and silicone based lubricants these are approximately the same size as a standard condom do not use lambskin condoms they do not prevent transmission of hiv ');
INSERT INTO `craft_searchindex` (`elementId`, `attribute`, `fieldId`, `locale`, `keywords`) VALUES ('72', 'slug', '0', 'en_us', '');
INSERT INTO `craft_searchindex` (`elementId`, `attribute`, `fieldId`, `locale`, `keywords`) VALUES ('73', 'field', '28', 'en_us', ' is it safe safer to use two condoms instead of one at the same time ');
INSERT INTO `craft_searchindex` (`elementId`, `attribute`, `fieldId`, `locale`, `keywords`) VALUES ('73', 'field', '29', 'en_us', ' this is sometimes referred to as double bagging it is better to use a single condom at a time when a single condom is used properly the resulting safety factor for prevention of hiv transmission increases dramatically when two condoms are used there is a much bigger chance of friction between the two latex barriers friction heat is a condom s worst biggest enemy heat contact with latex will increase the chance of breakage hot temperatures humidity and even ultraviolet light can contribute to the deterioration of latex condoms ');
INSERT INTO `craft_searchindex` (`elementId`, `attribute`, `fieldId`, `locale`, `keywords`) VALUES ('73', 'slug', '0', 'en_us', '');
INSERT INTO `craft_searchindex` (`elementId`, `attribute`, `fieldId`, `locale`, `keywords`) VALUES ('74', 'field', '28', 'en_us', ' does the spermicide nonoxyl 9 n 9 help prevent hiv infection ');
INSERT INTO `craft_searchindex` (`elementId`, `attribute`, `fieldId`, `locale`, `keywords`) VALUES ('74', 'field', '29', 'en_us', ' no recent scientific studies have conclusively proven nonoxyl 9 ineffective in preventing hiv transmission in fact it actually appears to increase your chances of becoming infected with hiv given the risks and the lack of any preventive benefits the use of nonoxyl 9 is no longer recommended as a preventive measure against hiv transmission infection ');
INSERT INTO `craft_searchindex` (`elementId`, `attribute`, `fieldId`, `locale`, `keywords`) VALUES ('74', 'slug', '0', 'en_us', '');
INSERT INTO `craft_searchindex` (`elementId`, `attribute`, `fieldId`, `locale`, `keywords`) VALUES ('75', 'field', '28', 'en_us', ' what kinds of lubricants should i use ');
INSERT INTO `craft_searchindex` (`elementId`, `attribute`, `fieldId`, `locale`, `keywords`) VALUES ('75', 'field', '29', 'en_us', ' it is always safe to use water based lubricants and silicone based lubricants with latex condoms the lubrication heightens the sexual experience and if you put a few drops of lube inside the tip of the condom you ll have better stimulation along with added safety it is never safe to use oil based lubricants skin lotions baby oil vaseline crisco cold cream or even whipped cream with latex condoms because oil dramatically weakens latex and definitely increases the chances of condom failure breakage for example mineral oil is a common ingredient in many lotions according to the cdc within as little as 60 seconds of exposure a 90% decrease in latex strength will occur in a condom when using an oil based lubricant to demonstrate this phenomenon blow up a latex condom place a dab of oil or lotion on it and watch it explode the moral of the story don t use oil on latex only polyurethane condoms can safely be used with oil based lubricants so if you must use an oil based lubricant please use only polyurethane condoms polyurethane condoms also work well with water based and silicone based lubricants ');
INSERT INTO `craft_searchindex` (`elementId`, `attribute`, `fieldId`, `locale`, `keywords`) VALUES ('75', 'slug', '0', 'en_us', '');
INSERT INTO `craft_searchindex` (`elementId`, `attribute`, `fieldId`, `locale`, `keywords`) VALUES ('76', 'field', '27', 'en_us', ' there are many ways to prevent hiv infection two of the most common are the use of condoms or dental dams and not sharing needles when injecting drugs unfortunately things don t always work out as planned accidents happen sometimes having unprotected sex wasn t a decision we made but happened as a result of sexual assault other times we decide to have unprotected sex and then worry about it afterwards for these events there is an option called pep post exposure prophylaxis pep is the use of medications to reduce the chances of hiv infection after a person may have been exposed to the virus a high risk exposure includes unprotected anal or vaginal sex or needle exposure with someone who is hiv infected or someone of unknown status unprotected oral sex is lower risk for hiv infection pep is usually not given to people who had unprotected oral sex but you can talk to you doctor about whether it is right for you this therapy should never be routine it is a complicated medical therapy that should be attempted only in urgent situations what is post exposure prophylaxis pep if you are considering pep realize that potential benefits have to be weighed against the significant costs and health risks you might be anxious about the experience that put you at risk for hiv while some researchers believe pep may help prevent hiv infection this has not been proven and its use is currently being evaluated should i take pep these medications can have severe side effects such as nausea headaches weight loss dehydration and vomiting current recommendations for pep treatments include a combination of a 2 3 antiretroviral therapy for a period of 28 days the program requires a commitment to taking medications daily the therapy may not be effective for everyone if a person becomes infected with hiv there is a risk that the virus will be difficult to treat because it may develop resistance to the pep medications what are the possible side effects if you have had a high risk exposure within the past 72 hours call your medical provider and ask to speak to a doctor about pep you can also visit the local emergency rooms each hospital emergency room has a protocol in place for pep please note that medication is best started as soon as possible and no later than 72 hours after an exposure from unprotected anal or vaginal sex or from sharing needles how do i get pep ');
INSERT INTO `craft_searchindex` (`elementId`, `attribute`, `fieldId`, `locale`, `keywords`) VALUES ('76', 'slug', '0', 'en_us', ' post exposure prophylaxis ');
INSERT INTO `craft_searchindex` (`elementId`, `attribute`, `fieldId`, `locale`, `keywords`) VALUES ('76', 'title', '0', 'en_us', ' post exposure prophylaxis ');
INSERT INTO `craft_searchindex` (`elementId`, `attribute`, `fieldId`, `locale`, `keywords`) VALUES ('77', 'field', '28', 'en_us', ' what is post exposure prophylaxis pep ');
INSERT INTO `craft_searchindex` (`elementId`, `attribute`, `fieldId`, `locale`, `keywords`) VALUES ('77', 'field', '29', 'en_us', ' there are many ways to prevent hiv infection two of the most common are the use of condoms or dental dams and not sharing needles when injecting drugs unfortunately things don t always work out as planned accidents happen sometimes having unprotected sex wasn t a decision we made but happened as a result of sexual assault other times we decide to have unprotected sex and then worry about it afterwards for these events there is an option called pep post exposure prophylaxis pep is the use of medications to reduce the chances of hiv infection after a person may have been exposed to the virus a high risk exposure includes unprotected anal or vaginal sex or needle exposure with someone who is hiv infected or someone of unknown status unprotected oral sex is lower risk for hiv infection pep is usually not given to people who had unprotected oral sex but you can talk to you doctor about whether it is right for you this therapy should never be routine it is a complicated medical therapy that should be attempted only in urgent situations ');
INSERT INTO `craft_searchindex` (`elementId`, `attribute`, `fieldId`, `locale`, `keywords`) VALUES ('77', 'slug', '0', 'en_us', '');
INSERT INTO `craft_searchindex` (`elementId`, `attribute`, `fieldId`, `locale`, `keywords`) VALUES ('78', 'field', '28', 'en_us', ' should i take pep ');
INSERT INTO `craft_searchindex` (`elementId`, `attribute`, `fieldId`, `locale`, `keywords`) VALUES ('78', 'field', '29', 'en_us', ' if you are considering pep realize that potential benefits have to be weighed against the significant costs and health risks you might be anxious about the experience that put you at risk for hiv while some researchers believe pep may help prevent hiv infection this has not been proven and its use is currently being evaluated ');
INSERT INTO `craft_searchindex` (`elementId`, `attribute`, `fieldId`, `locale`, `keywords`) VALUES ('78', 'slug', '0', 'en_us', '');
INSERT INTO `craft_searchindex` (`elementId`, `attribute`, `fieldId`, `locale`, `keywords`) VALUES ('79', 'field', '28', 'en_us', ' what are the possible side effects ');
INSERT INTO `craft_searchindex` (`elementId`, `attribute`, `fieldId`, `locale`, `keywords`) VALUES ('79', 'field', '29', 'en_us', ' these medications can have severe side effects such as nausea headaches weight loss dehydration and vomiting current recommendations for pep treatments include a combination of a 2 3 antiretroviral therapy for a period of 28 days the program requires a commitment to taking medications daily the therapy may not be effective for everyone if a person becomes infected with hiv there is a risk that the virus will be difficult to treat because it may develop resistance to the pep medications ');
INSERT INTO `craft_searchindex` (`elementId`, `attribute`, `fieldId`, `locale`, `keywords`) VALUES ('79', 'slug', '0', 'en_us', '');
INSERT INTO `craft_searchindex` (`elementId`, `attribute`, `fieldId`, `locale`, `keywords`) VALUES ('80', 'field', '28', 'en_us', ' how do i get pep ');
INSERT INTO `craft_searchindex` (`elementId`, `attribute`, `fieldId`, `locale`, `keywords`) VALUES ('80', 'field', '29', 'en_us', ' if you have had a high risk exposure within the past 72 hours call your medical provider and ask to speak to a doctor about pep you can also visit the local emergency rooms each hospital emergency room has a protocol in place for pep please note that medication is best started as soon as possible and no later than 72 hours after an exposure from unprotected anal or vaginal sex or from sharing needles ');
INSERT INTO `craft_searchindex` (`elementId`, `attribute`, `fieldId`, `locale`, `keywords`) VALUES ('80', 'slug', '0', 'en_us', '');
INSERT INTO `craft_searchindex` (`elementId`, `attribute`, `fieldId`, `locale`, `keywords`) VALUES ('81', 'field', '27', 'en_us', ' the cdc recommends that you be in the care of a doctor or medical service ideally one with experience treating people living with hiv your doctor can provide you with relevant information and guidance you can also contact stap for more information i m hiv positive where can i get information about treatments the short simple answer is yes because there are different strains of the virus therefore it is possible for someone who s hiv positive to become infected with multiple and more virulent strains of hiv this is one of the reasons that medical providers will encourage couples who are both hiv to still use condoms can hiv positive people become re infected ');
INSERT INTO `craft_searchindex` (`elementId`, `attribute`, `fieldId`, `locale`, `keywords`) VALUES ('81', 'slug', '0', 'en_us', ' prevention for positives ');
INSERT INTO `craft_searchindex` (`elementId`, `attribute`, `fieldId`, `locale`, `keywords`) VALUES ('81', 'title', '0', 'en_us', ' prevention for positives ');
INSERT INTO `craft_searchindex` (`elementId`, `attribute`, `fieldId`, `locale`, `keywords`) VALUES ('82', 'field', '28', 'en_us', ' i m hiv positive where can i get information about treatments ');
INSERT INTO `craft_searchindex` (`elementId`, `attribute`, `fieldId`, `locale`, `keywords`) VALUES ('82', 'field', '29', 'en_us', ' the cdc recommends that you be in the care of a doctor or medical service ideally one with experience treating people living with hiv your doctor can provide you with relevant information and guidance you can also contact stap for more information ');
INSERT INTO `craft_searchindex` (`elementId`, `attribute`, `fieldId`, `locale`, `keywords`) VALUES ('82', 'slug', '0', 'en_us', '');
INSERT INTO `craft_searchindex` (`elementId`, `attribute`, `fieldId`, `locale`, `keywords`) VALUES ('83', 'field', '28', 'en_us', ' can hiv positive people become re infected ');
INSERT INTO `craft_searchindex` (`elementId`, `attribute`, `fieldId`, `locale`, `keywords`) VALUES ('83', 'field', '29', 'en_us', ' the short simple answer is yes because there are different strains of the virus therefore it is possible for someone who s hiv positive to become infected with multiple and more virulent strains of hiv this is one of the reasons that medical providers will encourage couples who are both hiv to still use condoms ');
INSERT INTO `craft_searchindex` (`elementId`, `attribute`, `fieldId`, `locale`, `keywords`) VALUES ('83', 'slug', '0', 'en_us', '');
INSERT INTO `craft_searchindex` (`elementId`, `attribute`, `fieldId`, `locale`, `keywords`) VALUES ('84', 'field', '27', 'en_us', ' yes having an sti can increase a person s risk of becoming infected with hiv whether the sti causes open sores or breaks in the skin e g syphilis herpes chancroid or does not cause breaks in the skin e g chlamydia gonorrhea if the sti infection causes irritation of the skin breaks or sores may make it easier for hiv to enter the body during sexual contact even when the sti causes no breaks or open sores the infection can stimulate an immune response in the genital area that can make hiv transmission more likely in addition if an hiv infected person is also infected with another sti that person is three to five times more likely than other hiv infected persons who don t have an sti to transmit hiv through sexual contact for those are sexually active the following hiv prevention activities are highly effective engaging in sex that does not involve vaginal anal or oral sex having intercourse with only one uninfected partner orusing latex or polyurethane condoms every time you have sex is there a connection between hiv and other sexually transmitted infections stis first of all remember that some sexually transmitted diseases stis cause no symptoms and when symptoms do occur they often go unrecognized most people with stis have no symptoms none so you can be infected and even infect someone else without knowing it however there are some common signs to watch for the symptoms listed below are tricky as they can show up anywhere from two days to a couple of months after initial exposure to the disease sometimes symptoms can show up as much as several years after the initial sti infection if you have any of these symptoms or think you have been exposed to an sti contact a healthcare provider immediately take note of any sores bumps or blisters near the mouth or genitals burning or pain during urination or a bowel movement flu like symptoms including fever chills and aches swelling in the groin areafor women only unusual odor or discharge from the vagina pelvic pain burning or itching around the vagina unusual bleeding pain during intercourse increased severity of menstrual cramps or abnormal periodjust for men discharge from the penis pain in the testicles what are the most common symptoms associated with stis infectionwhat is it how do i get it how can i tell how do i get rid of it how do i lower my risk chlamydiabacteria that can infect the urethra the opening of your penis throat anus or testiclesoral vaginal or anal sex without protectionafter 7 14 days there is a smelly discharge or burning particularly when urinating and itching or pain and swelling in the testicles antibioticspay attention to any odors use condoms for anal and vaginal sex genital herpesa virus that causes sores on sex organ or mouth skin to skin contact even when there are no symptoms after 5 21 days there are small painful sores that will go away they may itch burn tingle or ooze sore reappear later no cure treatments lessen symptoms and help prevent recurrence pay attention to outbreaks and sores avoid contact as much as possible genital warts hpv a virus that infects the sex organs and causes warts or bumps some very small contact with warts after many months small painless bumps appear on the genitals or anal area no cure warts are removed through different methods pay attention to warts around someone s penis vagina anus and genital area gonorrheabacteria that can infect the urethra opening of your penis throat anus or testicles oral vaginal or anal sex without protection after 3 5 days there is a smelly discharge or burning particularly when urinating antibioticspay attention to any odors use condoms for anal and vaginal sex hepatitis aa virus that causes inflammation of the liver orally transmitted sharing silverware or toothbrushes eating contaminated food or oral to anal contact with an infected person after 10 50 days there is fever abdominal pain nausea and fatigue no cure may take 6 12 months to resolve and is rarely fatal get vaccinated use a latex barrier for anal and vaginal contact hepatitis ba virus that causes inflammation of the liver may lead to cancer or cirrhosis contact with infected blood or bodily fluids unprotected anal sex or sharing needles with an infected person after 60 90 days fatigue loss of appetite nausea yellowing of skin and eyes dark urine no cure liver infection can become chronic and sometimes be fatal get vaccinated use a latex barrier for anal and vaginal contact hepatitis ca virus that causes a more serious inflammation of the liver and liver failure over time contact with infected blood or bodily fluids unprotected anal sex or sharing needles after 60 90 days fatigue loss of appetite nausea but mostly no symptoms no cure or vaccine high chance of becoming chronic or fatal don t share needles use a condom for anal and vaginal sex hiva virus that attacks the immune system unprotected anal and vaginal sex sharing needles get an hiv test during the first weeks flu like symptoms fever night sweats weight loss sore swollen lymph nodes occur after some years people may develop illnesses infections and cancers aids diagnosis no cure or vaccine hiv treatments help many people with hiv aids to live longer and healthier lives don t share needles use a condom for anal and vaginal sex lympho granulomavenereuma bacterial infection that can cause ulcers on the penis or anus anal or oral sex unprotected anal intercourse is a common risk factor within 30 days pimple or blister turns into ulcer painful lymph nodes anal discharge bloody diarrhea three weeks of uninterrupted antibiotics use a condom for anal and vaginal sex pay attention to any open sores syphilisa bacteria that causes a chancre sore on butt penis or mouth untreated it spreads throughout the body oral or anal sex without protection contact with sores after 3 weeks sores on genitals or mouth rash swollen glands and fever antibioticsuse a condom for anal and vaginal sex pay attention to any open sores it is important to always use a condom properly for persons whose sexual behaviors place them at risk for hiv and sti s correct and consistent use of a condom can reduce the risk of hiv and sti transmission however no protective method is 100% effective and condom use cannot guarantee absolute protection against any sti s guide to sexually transmitted infections sti s ');
INSERT INTO `craft_searchindex` (`elementId`, `attribute`, `fieldId`, `locale`, `keywords`) VALUES ('84', 'slug', '0', 'en_us', ' sexually transmitted infections ');
INSERT INTO `craft_searchindex` (`elementId`, `attribute`, `fieldId`, `locale`, `keywords`) VALUES ('84', 'title', '0', 'en_us', ' sexually transmitted infections ');
INSERT INTO `craft_searchindex` (`elementId`, `attribute`, `fieldId`, `locale`, `keywords`) VALUES ('85', 'field', '28', 'en_us', ' is there a connection between hiv and other sexually transmitted infections stis ');
INSERT INTO `craft_searchindex` (`elementId`, `attribute`, `fieldId`, `locale`, `keywords`) VALUES ('85', 'field', '29', 'en_us', ' yes having an sti can increase a person s risk of becoming infected with hiv whether the sti causes open sores or breaks in the skin e g syphilis herpes chancroid or does not cause breaks in the skin e g chlamydia gonorrhea if the sti infection causes irritation of the skin breaks or sores may make it easier for hiv to enter the body during sexual contact even when the sti causes no breaks or open sores the infection can stimulate an immune response in the genital area that can make hiv transmission more likely in addition if an hiv infected person is also infected with another sti that person is three to five times more likely than other hiv infected persons who don t have an sti to transmit hiv through sexual contact for those are sexually active the following hiv prevention activities are highly effective engaging in sex that does not involve vaginal anal or oral sex having intercourse with only one uninfected partner orusing latex or polyurethane condoms every time you have sex ');
INSERT INTO `craft_searchindex` (`elementId`, `attribute`, `fieldId`, `locale`, `keywords`) VALUES ('85', 'slug', '0', 'en_us', '');
INSERT INTO `craft_searchindex` (`elementId`, `attribute`, `fieldId`, `locale`, `keywords`) VALUES ('86', 'field', '28', 'en_us', ' what are the most common symptoms associated with stis ');
INSERT INTO `craft_searchindex` (`elementId`, `attribute`, `fieldId`, `locale`, `keywords`) VALUES ('86', 'field', '29', 'en_us', ' first of all remember that some sexually transmitted diseases stis cause no symptoms and when symptoms do occur they often go unrecognized most people with stis have no symptoms none so you can be infected and even infect someone else without knowing it however there are some common signs to watch for the symptoms listed below are tricky as they can show up anywhere from two days to a couple of months after initial exposure to the disease sometimes symptoms can show up as much as several years after the initial sti infection if you have any of these symptoms or think you have been exposed to an sti contact a healthcare provider immediately take note of any sores bumps or blisters near the mouth or genitals burning or pain during urination or a bowel movement flu like symptoms including fever chills and aches swelling in the groin areafor women only unusual odor or discharge from the vagina pelvic pain burning or itching around the vagina unusual bleeding pain during intercourse increased severity of menstrual cramps or abnormal periodjust for men discharge from the penis pain in the testicles ');
INSERT INTO `craft_searchindex` (`elementId`, `attribute`, `fieldId`, `locale`, `keywords`) VALUES ('86', 'slug', '0', 'en_us', '');
INSERT INTO `craft_searchindex` (`elementId`, `attribute`, `fieldId`, `locale`, `keywords`) VALUES ('87', 'field', '28', 'en_us', ' guide to sexually transmitted infections sti s ');
INSERT INTO `craft_searchindex` (`elementId`, `attribute`, `fieldId`, `locale`, `keywords`) VALUES ('87', 'field', '29', 'en_us', ' infectionwhat is it how do i get it how can i tell how do i get rid of it how do i lower my risk chlamydiabacteria that can infect the urethra the opening of your penis throat anus or testiclesoral vaginal or anal sex without protectionafter 7 14 days there is a smelly discharge or burning particularly when urinating and itching or pain and swelling in the testicles antibioticspay attention to any odors use condoms for anal and vaginal sex genital herpesa virus that causes sores on sex organ or mouth skin to skin contact even when there are no symptoms after 5 21 days there are small painful sores that will go away they may itch burn tingle or ooze sore reappear later no cure treatments lessen symptoms and help prevent recurrence pay attention to outbreaks and sores avoid contact as much as possible genital warts hpv a virus that infects the sex organs and causes warts or bumps some very small contact with warts after many months small painless bumps appear on the genitals or anal area no cure warts are removed through different methods pay attention to warts around someone s penis vagina anus and genital area gonorrheabacteria that can infect the urethra opening of your penis throat anus or testicles oral vaginal or anal sex without protection after 3 5 days there is a smelly discharge or burning particularly when urinating antibioticspay attention to any odors use condoms for anal and vaginal sex hepatitis aa virus that causes inflammation of the liver orally transmitted sharing silverware or toothbrushes eating contaminated food or oral to anal contact with an infected person after 10 50 days there is fever abdominal pain nausea and fatigue no cure may take 6 12 months to resolve and is rarely fatal get vaccinated use a latex barrier for anal and vaginal contact hepatitis ba virus that causes inflammation of the liver may lead to cancer or cirrhosis contact with infected blood or bodily fluids unprotected anal sex or sharing needles with an infected person after 60 90 days fatigue loss of appetite nausea yellowing of skin and eyes dark urine no cure liver infection can become chronic and sometimes be fatal get vaccinated use a latex barrier for anal and vaginal contact hepatitis ca virus that causes a more serious inflammation of the liver and liver failure over time contact with infected blood or bodily fluids unprotected anal sex or sharing needles after 60 90 days fatigue loss of appetite nausea but mostly no symptoms no cure or vaccine high chance of becoming chronic or fatal don t share needles use a condom for anal and vaginal sex hiva virus that attacks the immune system unprotected anal and vaginal sex sharing needles get an hiv test during the first weeks flu like symptoms fever night sweats weight loss sore swollen lymph nodes occur after some years people may develop illnesses infections and cancers aids diagnosis no cure or vaccine hiv treatments help many people with hiv aids to live longer and healthier lives don t share needles use a condom for anal and vaginal sex lympho granulomavenereuma bacterial infection that can cause ulcers on the penis or anus anal or oral sex unprotected anal intercourse is a common risk factor within 30 days pimple or blister turns into ulcer painful lymph nodes anal discharge bloody diarrhea three weeks of uninterrupted antibiotics use a condom for anal and vaginal sex pay attention to any open sores syphilisa bacteria that causes a chancre sore on butt penis or mouth untreated it spreads throughout the body oral or anal sex without protection contact with sores after 3 weeks sores on genitals or mouth rash swollen glands and fever antibioticsuse a condom for anal and vaginal sex pay attention to any open sores it is important to always use a condom properly for persons whose sexual behaviors place them at risk for hiv and sti s correct and consistent use of a condom can reduce the risk of hiv and sti transmission however no protective method is 100% effective and condom use cannot guarantee absolute protection against any sti s ');
INSERT INTO `craft_searchindex` (`elementId`, `attribute`, `fieldId`, `locale`, `keywords`) VALUES ('87', 'slug', '0', 'en_us', '');
INSERT INTO `craft_searchindex` (`elementId`, `attribute`, `fieldId`, `locale`, `keywords`) VALUES ('88', 'field', '30', 'en_us', ' faq s glossaries aids treatment news http www aids org index html center for disease control and std prevention http www cdc gov std national institute of allergy and infectious diseases http www niaid nih gov factsheets stdinfo htm engender health http www engenderhealth org res onc sti preventing sti6p4 html united states department of health and human services aids info http aidsinfo nih gov educational resources practical information for living successfully after a diagnosis survivorship a to z http www survivorshipatoz org hiv useful resources for those working in the area of aids prevention and education including evaluation instruments program ideas fact sheets and educational tools center for aids prevention studies http www caps ucsf edu almost everything you might need to know about lgbt equity organizing person http www personproject org educational programs for teaching people how to prevent transmission of hiv american red cross disease prevention education http www redcross org services hss hivaids the cdc national prevention information network has information on a wide variety of topics cdc national prevention information network http www cdcnpin org scripts hiv index asp site focuses on information about education to prevent infection avert http www avert org the web s clinical handbook for patients doctors and students masters in health care http www mastersinhealthcare com blog 2012 the webs clinical handbook links to spanish hiv insite http hivinsite ucsf edu tobacco prevention resources tobacco free broome tobaccofreebt org tobacco free tompkins http www tompkins co org wellness tobaccofree ');
INSERT INTO `craft_searchindex` (`elementId`, `attribute`, `fieldId`, `locale`, `keywords`) VALUES ('88', 'slug', '0', 'en_us', ' online resources ');
INSERT INTO `craft_searchindex` (`elementId`, `attribute`, `fieldId`, `locale`, `keywords`) VALUES ('88', 'title', '0', 'en_us', ' online resources ');
INSERT INTO `craft_searchindex` (`elementId`, `attribute`, `fieldId`, `locale`, `keywords`) VALUES ('89', 'field', '31', 'en_us', ' faq s glossaries ');
INSERT INTO `craft_searchindex` (`elementId`, `attribute`, `fieldId`, `locale`, `keywords`) VALUES ('89', 'slug', '0', 'en_us', '');
INSERT INTO `craft_searchindex` (`elementId`, `attribute`, `fieldId`, `locale`, `keywords`) VALUES ('90', 'field', '32', 'en_us', ' aids treatment news ');
INSERT INTO `craft_searchindex` (`elementId`, `attribute`, `fieldId`, `locale`, `keywords`) VALUES ('90', 'field', '33', 'en_us', ' http www aids org index html ');
INSERT INTO `craft_searchindex` (`elementId`, `attribute`, `fieldId`, `locale`, `keywords`) VALUES ('90', 'field', '34', 'en_us', '');
INSERT INTO `craft_searchindex` (`elementId`, `attribute`, `fieldId`, `locale`, `keywords`) VALUES ('90', 'slug', '0', 'en_us', '');
INSERT INTO `craft_searchindex` (`elementId`, `attribute`, `fieldId`, `locale`, `keywords`) VALUES ('91', 'field', '32', 'en_us', ' center for disease control and std prevention ');
INSERT INTO `craft_searchindex` (`elementId`, `attribute`, `fieldId`, `locale`, `keywords`) VALUES ('91', 'field', '33', 'en_us', ' http www cdc gov std ');
INSERT INTO `craft_searchindex` (`elementId`, `attribute`, `fieldId`, `locale`, `keywords`) VALUES ('91', 'field', '34', 'en_us', '');
INSERT INTO `craft_searchindex` (`elementId`, `attribute`, `fieldId`, `locale`, `keywords`) VALUES ('91', 'slug', '0', 'en_us', '');
INSERT INTO `craft_searchindex` (`elementId`, `attribute`, `fieldId`, `locale`, `keywords`) VALUES ('92', 'field', '32', 'en_us', ' national institute of allergy and infectious diseases ');
INSERT INTO `craft_searchindex` (`elementId`, `attribute`, `fieldId`, `locale`, `keywords`) VALUES ('92', 'field', '33', 'en_us', ' http www niaid nih gov factsheets stdinfo htm ');
INSERT INTO `craft_searchindex` (`elementId`, `attribute`, `fieldId`, `locale`, `keywords`) VALUES ('92', 'field', '34', 'en_us', '');
INSERT INTO `craft_searchindex` (`elementId`, `attribute`, `fieldId`, `locale`, `keywords`) VALUES ('92', 'slug', '0', 'en_us', '');
INSERT INTO `craft_searchindex` (`elementId`, `attribute`, `fieldId`, `locale`, `keywords`) VALUES ('93', 'field', '32', 'en_us', ' engender health ');
INSERT INTO `craft_searchindex` (`elementId`, `attribute`, `fieldId`, `locale`, `keywords`) VALUES ('93', 'field', '33', 'en_us', ' http www engenderhealth org res onc sti preventing sti6p4 html ');
INSERT INTO `craft_searchindex` (`elementId`, `attribute`, `fieldId`, `locale`, `keywords`) VALUES ('93', 'field', '34', 'en_us', '');
INSERT INTO `craft_searchindex` (`elementId`, `attribute`, `fieldId`, `locale`, `keywords`) VALUES ('93', 'slug', '0', 'en_us', '');
INSERT INTO `craft_searchindex` (`elementId`, `attribute`, `fieldId`, `locale`, `keywords`) VALUES ('94', 'field', '32', 'en_us', ' united states department of health and human services aids info ');
INSERT INTO `craft_searchindex` (`elementId`, `attribute`, `fieldId`, `locale`, `keywords`) VALUES ('94', 'field', '33', 'en_us', ' http aidsinfo nih gov ');
INSERT INTO `craft_searchindex` (`elementId`, `attribute`, `fieldId`, `locale`, `keywords`) VALUES ('94', 'field', '34', 'en_us', '');
INSERT INTO `craft_searchindex` (`elementId`, `attribute`, `fieldId`, `locale`, `keywords`) VALUES ('94', 'slug', '0', 'en_us', '');
INSERT INTO `craft_searchindex` (`elementId`, `attribute`, `fieldId`, `locale`, `keywords`) VALUES ('95', 'field', '31', 'en_us', ' educational resources ');
INSERT INTO `craft_searchindex` (`elementId`, `attribute`, `fieldId`, `locale`, `keywords`) VALUES ('95', 'slug', '0', 'en_us', '');
INSERT INTO `craft_searchindex` (`elementId`, `attribute`, `fieldId`, `locale`, `keywords`) VALUES ('96', 'field', '32', 'en_us', ' survivorship a to z ');
INSERT INTO `craft_searchindex` (`elementId`, `attribute`, `fieldId`, `locale`, `keywords`) VALUES ('96', 'field', '33', 'en_us', ' http www survivorshipatoz org hiv ');
INSERT INTO `craft_searchindex` (`elementId`, `attribute`, `fieldId`, `locale`, `keywords`) VALUES ('96', 'field', '34', 'en_us', ' practical information for living successfully after a diagnosis ');
INSERT INTO `craft_searchindex` (`elementId`, `attribute`, `fieldId`, `locale`, `keywords`) VALUES ('96', 'slug', '0', 'en_us', '');
INSERT INTO `craft_searchindex` (`elementId`, `attribute`, `fieldId`, `locale`, `keywords`) VALUES ('97', 'field', '32', 'en_us', ' center for aids prevention studies ');
INSERT INTO `craft_searchindex` (`elementId`, `attribute`, `fieldId`, `locale`, `keywords`) VALUES ('97', 'field', '33', 'en_us', ' http www caps ucsf edu ');
INSERT INTO `craft_searchindex` (`elementId`, `attribute`, `fieldId`, `locale`, `keywords`) VALUES ('97', 'field', '34', 'en_us', ' useful resources for those working in the area of aids prevention and education including evaluation instruments program ideas fact sheets and educational tools ');
INSERT INTO `craft_searchindex` (`elementId`, `attribute`, `fieldId`, `locale`, `keywords`) VALUES ('97', 'slug', '0', 'en_us', '');
INSERT INTO `craft_searchindex` (`elementId`, `attribute`, `fieldId`, `locale`, `keywords`) VALUES ('98', 'field', '32', 'en_us', ' person ');
INSERT INTO `craft_searchindex` (`elementId`, `attribute`, `fieldId`, `locale`, `keywords`) VALUES ('98', 'field', '33', 'en_us', ' http www personproject org ');
INSERT INTO `craft_searchindex` (`elementId`, `attribute`, `fieldId`, `locale`, `keywords`) VALUES ('98', 'field', '34', 'en_us', ' almost everything you might need to know about lgbt equity organizing ');
INSERT INTO `craft_searchindex` (`elementId`, `attribute`, `fieldId`, `locale`, `keywords`) VALUES ('98', 'slug', '0', 'en_us', '');
INSERT INTO `craft_searchindex` (`elementId`, `attribute`, `fieldId`, `locale`, `keywords`) VALUES ('99', 'field', '32', 'en_us', ' american red cross disease prevention education ');
INSERT INTO `craft_searchindex` (`elementId`, `attribute`, `fieldId`, `locale`, `keywords`) VALUES ('99', 'field', '33', 'en_us', ' http www redcross org services hss hivaids ');
INSERT INTO `craft_searchindex` (`elementId`, `attribute`, `fieldId`, `locale`, `keywords`) VALUES ('99', 'field', '34', 'en_us', ' educational programs for teaching people how to prevent transmission of hiv ');
INSERT INTO `craft_searchindex` (`elementId`, `attribute`, `fieldId`, `locale`, `keywords`) VALUES ('99', 'slug', '0', 'en_us', '');
INSERT INTO `craft_searchindex` (`elementId`, `attribute`, `fieldId`, `locale`, `keywords`) VALUES ('100', 'field', '32', 'en_us', ' cdc national prevention information network ');
INSERT INTO `craft_searchindex` (`elementId`, `attribute`, `fieldId`, `locale`, `keywords`) VALUES ('100', 'field', '33', 'en_us', ' http www cdcnpin org scripts hiv index asp ');
INSERT INTO `craft_searchindex` (`elementId`, `attribute`, `fieldId`, `locale`, `keywords`) VALUES ('100', 'field', '34', 'en_us', ' the cdc national prevention information network has information on a wide variety of topics ');
INSERT INTO `craft_searchindex` (`elementId`, `attribute`, `fieldId`, `locale`, `keywords`) VALUES ('100', 'slug', '0', 'en_us', '');
INSERT INTO `craft_searchindex` (`elementId`, `attribute`, `fieldId`, `locale`, `keywords`) VALUES ('101', 'field', '32', 'en_us', ' avert ');
INSERT INTO `craft_searchindex` (`elementId`, `attribute`, `fieldId`, `locale`, `keywords`) VALUES ('101', 'field', '33', 'en_us', ' http www avert org ');
INSERT INTO `craft_searchindex` (`elementId`, `attribute`, `fieldId`, `locale`, `keywords`) VALUES ('101', 'field', '34', 'en_us', ' site focuses on information about education to prevent infection ');
INSERT INTO `craft_searchindex` (`elementId`, `attribute`, `fieldId`, `locale`, `keywords`) VALUES ('101', 'slug', '0', 'en_us', '');
INSERT INTO `craft_searchindex` (`elementId`, `attribute`, `fieldId`, `locale`, `keywords`) VALUES ('102', 'field', '32', 'en_us', ' masters in health care ');
INSERT INTO `craft_searchindex` (`elementId`, `attribute`, `fieldId`, `locale`, `keywords`) VALUES ('102', 'field', '33', 'en_us', ' http www mastersinhealthcare com blog 2012 the webs clinical handbook ');
INSERT INTO `craft_searchindex` (`elementId`, `attribute`, `fieldId`, `locale`, `keywords`) VALUES ('102', 'field', '34', 'en_us', ' the web s clinical handbook for patients doctors and students ');
INSERT INTO `craft_searchindex` (`elementId`, `attribute`, `fieldId`, `locale`, `keywords`) VALUES ('102', 'slug', '0', 'en_us', '');
INSERT INTO `craft_searchindex` (`elementId`, `attribute`, `fieldId`, `locale`, `keywords`) VALUES ('103', 'field', '32', 'en_us', ' hiv insite ');
INSERT INTO `craft_searchindex` (`elementId`, `attribute`, `fieldId`, `locale`, `keywords`) VALUES ('103', 'field', '33', 'en_us', ' http hivinsite ucsf edu ');
INSERT INTO `craft_searchindex` (`elementId`, `attribute`, `fieldId`, `locale`, `keywords`) VALUES ('103', 'field', '34', 'en_us', ' links to spanish ');
INSERT INTO `craft_searchindex` (`elementId`, `attribute`, `fieldId`, `locale`, `keywords`) VALUES ('103', 'slug', '0', 'en_us', '');
INSERT INTO `craft_searchindex` (`elementId`, `attribute`, `fieldId`, `locale`, `keywords`) VALUES ('104', 'field', '31', 'en_us', ' tobacco prevention resources ');
INSERT INTO `craft_searchindex` (`elementId`, `attribute`, `fieldId`, `locale`, `keywords`) VALUES ('104', 'slug', '0', 'en_us', '');
INSERT INTO `craft_searchindex` (`elementId`, `attribute`, `fieldId`, `locale`, `keywords`) VALUES ('105', 'field', '32', 'en_us', '');
INSERT INTO `craft_searchindex` (`elementId`, `attribute`, `fieldId`, `locale`, `keywords`) VALUES ('105', 'field', '33', 'en_us', ' tobaccofreebt org ');
INSERT INTO `craft_searchindex` (`elementId`, `attribute`, `fieldId`, `locale`, `keywords`) VALUES ('105', 'field', '34', 'en_us', ' tobacco free broome ');
INSERT INTO `craft_searchindex` (`elementId`, `attribute`, `fieldId`, `locale`, `keywords`) VALUES ('105', 'slug', '0', 'en_us', '');
INSERT INTO `craft_searchindex` (`elementId`, `attribute`, `fieldId`, `locale`, `keywords`) VALUES ('106', 'field', '32', 'en_us', '');
INSERT INTO `craft_searchindex` (`elementId`, `attribute`, `fieldId`, `locale`, `keywords`) VALUES ('106', 'field', '33', 'en_us', ' http www tompkins co org wellness tobaccofree ');
INSERT INTO `craft_searchindex` (`elementId`, `attribute`, `fieldId`, `locale`, `keywords`) VALUES ('106', 'field', '34', 'en_us', ' tobacco free tompkins ');
INSERT INTO `craft_searchindex` (`elementId`, `attribute`, `fieldId`, `locale`, `keywords`) VALUES ('106', 'slug', '0', 'en_us', '');
INSERT INTO `craft_searchindex` (`elementId`, `attribute`, `fieldId`, `locale`, `keywords`) VALUES ('107', 'field', '30', 'en_us', ' local health departments broome county health department http www gobroomecounty com hd tompkins county health department http www co tompkins ny us health regional aids service organizations syracuse and surrounding regions aids community resources http www aidscommunityresources com rochester and surrounding regions aids rochester http www aidsrochester org buffalo and surrounding regions aids communtiy services http www aidscommunityservices com albany and surrounding regions aids council of northeast new york http www aidscouncil org lower hudson regions aids related communtiy servcies http www arcs org ');
INSERT INTO `craft_searchindex` (`elementId`, `attribute`, `fieldId`, `locale`, `keywords`) VALUES ('107', 'slug', '0', 'en_us', ' local resources ');
INSERT INTO `craft_searchindex` (`elementId`, `attribute`, `fieldId`, `locale`, `keywords`) VALUES ('107', 'title', '0', 'en_us', ' local resources ');
INSERT INTO `craft_searchindex` (`elementId`, `attribute`, `fieldId`, `locale`, `keywords`) VALUES ('108', 'field', '31', 'en_us', ' local health departments ');
INSERT INTO `craft_searchindex` (`elementId`, `attribute`, `fieldId`, `locale`, `keywords`) VALUES ('108', 'slug', '0', 'en_us', '');
INSERT INTO `craft_searchindex` (`elementId`, `attribute`, `fieldId`, `locale`, `keywords`) VALUES ('109', 'field', '32', 'en_us', ' broome county health department ');
INSERT INTO `craft_searchindex` (`elementId`, `attribute`, `fieldId`, `locale`, `keywords`) VALUES ('109', 'field', '33', 'en_us', ' http www gobroomecounty com hd ');
INSERT INTO `craft_searchindex` (`elementId`, `attribute`, `fieldId`, `locale`, `keywords`) VALUES ('109', 'field', '34', 'en_us', '');
INSERT INTO `craft_searchindex` (`elementId`, `attribute`, `fieldId`, `locale`, `keywords`) VALUES ('109', 'slug', '0', 'en_us', '');
INSERT INTO `craft_searchindex` (`elementId`, `attribute`, `fieldId`, `locale`, `keywords`) VALUES ('110', 'field', '32', 'en_us', ' tompkins county health department ');
INSERT INTO `craft_searchindex` (`elementId`, `attribute`, `fieldId`, `locale`, `keywords`) VALUES ('110', 'field', '33', 'en_us', ' http www co tompkins ny us health ');
INSERT INTO `craft_searchindex` (`elementId`, `attribute`, `fieldId`, `locale`, `keywords`) VALUES ('110', 'field', '34', 'en_us', '');
INSERT INTO `craft_searchindex` (`elementId`, `attribute`, `fieldId`, `locale`, `keywords`) VALUES ('110', 'slug', '0', 'en_us', '');
INSERT INTO `craft_searchindex` (`elementId`, `attribute`, `fieldId`, `locale`, `keywords`) VALUES ('111', 'field', '31', 'en_us', ' regional aids service organizations ');
INSERT INTO `craft_searchindex` (`elementId`, `attribute`, `fieldId`, `locale`, `keywords`) VALUES ('111', 'slug', '0', 'en_us', '');
INSERT INTO `craft_searchindex` (`elementId`, `attribute`, `fieldId`, `locale`, `keywords`) VALUES ('112', 'field', '32', 'en_us', ' aids community resources ');
INSERT INTO `craft_searchindex` (`elementId`, `attribute`, `fieldId`, `locale`, `keywords`) VALUES ('112', 'field', '33', 'en_us', ' http www aidscommunityresources com ');
INSERT INTO `craft_searchindex` (`elementId`, `attribute`, `fieldId`, `locale`, `keywords`) VALUES ('112', 'field', '34', 'en_us', ' syracuse and surrounding regions ');
INSERT INTO `craft_searchindex` (`elementId`, `attribute`, `fieldId`, `locale`, `keywords`) VALUES ('112', 'slug', '0', 'en_us', '');
INSERT INTO `craft_searchindex` (`elementId`, `attribute`, `fieldId`, `locale`, `keywords`) VALUES ('113', 'field', '32', 'en_us', ' aids rochester ');
INSERT INTO `craft_searchindex` (`elementId`, `attribute`, `fieldId`, `locale`, `keywords`) VALUES ('113', 'field', '33', 'en_us', ' http www aidsrochester org ');
INSERT INTO `craft_searchindex` (`elementId`, `attribute`, `fieldId`, `locale`, `keywords`) VALUES ('113', 'field', '34', 'en_us', ' rochester and surrounding regions ');
INSERT INTO `craft_searchindex` (`elementId`, `attribute`, `fieldId`, `locale`, `keywords`) VALUES ('113', 'slug', '0', 'en_us', '');
INSERT INTO `craft_searchindex` (`elementId`, `attribute`, `fieldId`, `locale`, `keywords`) VALUES ('114', 'field', '32', 'en_us', ' aids communtiy services ');
INSERT INTO `craft_searchindex` (`elementId`, `attribute`, `fieldId`, `locale`, `keywords`) VALUES ('114', 'field', '33', 'en_us', ' http www aidscommunityservices com ');
INSERT INTO `craft_searchindex` (`elementId`, `attribute`, `fieldId`, `locale`, `keywords`) VALUES ('114', 'field', '34', 'en_us', ' buffalo and surrounding regions ');
INSERT INTO `craft_searchindex` (`elementId`, `attribute`, `fieldId`, `locale`, `keywords`) VALUES ('114', 'slug', '0', 'en_us', '');
INSERT INTO `craft_searchindex` (`elementId`, `attribute`, `fieldId`, `locale`, `keywords`) VALUES ('115', 'field', '32', 'en_us', ' aids council of northeast new york ');
INSERT INTO `craft_searchindex` (`elementId`, `attribute`, `fieldId`, `locale`, `keywords`) VALUES ('115', 'field', '33', 'en_us', ' http www aidscouncil org ');
INSERT INTO `craft_searchindex` (`elementId`, `attribute`, `fieldId`, `locale`, `keywords`) VALUES ('115', 'field', '34', 'en_us', ' albany and surrounding regions ');
INSERT INTO `craft_searchindex` (`elementId`, `attribute`, `fieldId`, `locale`, `keywords`) VALUES ('115', 'slug', '0', 'en_us', '');
INSERT INTO `craft_searchindex` (`elementId`, `attribute`, `fieldId`, `locale`, `keywords`) VALUES ('116', 'field', '32', 'en_us', ' aids related communtiy servcies ');
INSERT INTO `craft_searchindex` (`elementId`, `attribute`, `fieldId`, `locale`, `keywords`) VALUES ('116', 'field', '33', 'en_us', ' http www arcs org ');
INSERT INTO `craft_searchindex` (`elementId`, `attribute`, `fieldId`, `locale`, `keywords`) VALUES ('116', 'field', '34', 'en_us', ' lower hudson regions ');
INSERT INTO `craft_searchindex` (`elementId`, `attribute`, `fieldId`, `locale`, `keywords`) VALUES ('116', 'slug', '0', 'en_us', '');
INSERT INTO `craft_searchindex` (`elementId`, `attribute`, `fieldId`, `locale`, `keywords`) VALUES ('117', 'field', '30', 'en_us', ' the largest hiv knowledgebase in the world aegis http www aegis com national library of medicine hiv aids information http sis nlm nih gov hiv hivmain html american social health association http www ashastd org yahoo health diseases and conditions aids http dir yahoo com health diseases_and_conditions aids_hiv an aids and hiv information resource the body http www thebody com hiv aids treatment information service aids info http www aidsinfo nih gov provides information on medical prevention and social issues and includes links to spanish language hiv aids resources hiv insite http hivinsite ucsf edu aids infonet http www aidsinfonet org international hiv and aids information aids map http www aidsmap com aids treatment information aids meds http www aidsmeds com the cdc national prevention information network has information on a wide variety of topics cdc national prevention information network http www cdcnpin org scripts hiv index asp nlm s search service to access the 9 million citations in pubmed http www ncbi nlm nih gov pubmed the combined health information database provides bibliographic information to health promotion and education materials and program descriptions chid http chid nih gov a compilation us census bureaus hiv aids surveillance database http www census gov ipc www hivaidsn html unaids http www unaids org en default asp recent news articles welfare law western new york law center http www wnylc net web news xcnewsplus asp herpes http www genitalherpes com monthly newsletter and archive prison legal news http www prisonlegalnews org ');
INSERT INTO `craft_searchindex` (`elementId`, `attribute`, `fieldId`, `locale`, `keywords`) VALUES ('117', 'slug', '0', 'en_us', ' hiv aids std ');
INSERT INTO `craft_searchindex` (`elementId`, `attribute`, `fieldId`, `locale`, `keywords`) VALUES ('117', 'title', '0', 'en_us', ' hiv aids std ');
INSERT INTO `craft_searchindex` (`elementId`, `attribute`, `fieldId`, `locale`, `keywords`) VALUES ('118', 'field', '32', 'en_us', ' aegis ');
INSERT INTO `craft_searchindex` (`elementId`, `attribute`, `fieldId`, `locale`, `keywords`) VALUES ('118', 'field', '33', 'en_us', ' http www aegis com ');
INSERT INTO `craft_searchindex` (`elementId`, `attribute`, `fieldId`, `locale`, `keywords`) VALUES ('118', 'field', '34', 'en_us', ' the largest hiv knowledgebase in the world ');
INSERT INTO `craft_searchindex` (`elementId`, `attribute`, `fieldId`, `locale`, `keywords`) VALUES ('118', 'slug', '0', 'en_us', '');
INSERT INTO `craft_searchindex` (`elementId`, `attribute`, `fieldId`, `locale`, `keywords`) VALUES ('119', 'field', '32', 'en_us', ' national library of medicine hiv aids information ');
INSERT INTO `craft_searchindex` (`elementId`, `attribute`, `fieldId`, `locale`, `keywords`) VALUES ('119', 'field', '33', 'en_us', ' http sis nlm nih gov hiv hivmain html ');
INSERT INTO `craft_searchindex` (`elementId`, `attribute`, `fieldId`, `locale`, `keywords`) VALUES ('119', 'field', '34', 'en_us', '');
INSERT INTO `craft_searchindex` (`elementId`, `attribute`, `fieldId`, `locale`, `keywords`) VALUES ('119', 'slug', '0', 'en_us', '');
INSERT INTO `craft_searchindex` (`elementId`, `attribute`, `fieldId`, `locale`, `keywords`) VALUES ('120', 'field', '32', 'en_us', ' american social health association ');
INSERT INTO `craft_searchindex` (`elementId`, `attribute`, `fieldId`, `locale`, `keywords`) VALUES ('120', 'field', '33', 'en_us', ' http www ashastd org ');
INSERT INTO `craft_searchindex` (`elementId`, `attribute`, `fieldId`, `locale`, `keywords`) VALUES ('120', 'field', '34', 'en_us', '');
INSERT INTO `craft_searchindex` (`elementId`, `attribute`, `fieldId`, `locale`, `keywords`) VALUES ('120', 'slug', '0', 'en_us', '');
INSERT INTO `craft_searchindex` (`elementId`, `attribute`, `fieldId`, `locale`, `keywords`) VALUES ('121', 'field', '32', 'en_us', ' yahoo health diseases and conditions aids ');
INSERT INTO `craft_searchindex` (`elementId`, `attribute`, `fieldId`, `locale`, `keywords`) VALUES ('121', 'field', '33', 'en_us', ' http dir yahoo com health diseases_and_conditions aids_hiv ');
INSERT INTO `craft_searchindex` (`elementId`, `attribute`, `fieldId`, `locale`, `keywords`) VALUES ('121', 'field', '34', 'en_us', '');
INSERT INTO `craft_searchindex` (`elementId`, `attribute`, `fieldId`, `locale`, `keywords`) VALUES ('121', 'slug', '0', 'en_us', '');
INSERT INTO `craft_searchindex` (`elementId`, `attribute`, `fieldId`, `locale`, `keywords`) VALUES ('122', 'field', '32', 'en_us', ' the body ');
INSERT INTO `craft_searchindex` (`elementId`, `attribute`, `fieldId`, `locale`, `keywords`) VALUES ('122', 'field', '33', 'en_us', ' http www thebody com ');
INSERT INTO `craft_searchindex` (`elementId`, `attribute`, `fieldId`, `locale`, `keywords`) VALUES ('122', 'field', '34', 'en_us', ' an aids and hiv information resource ');
INSERT INTO `craft_searchindex` (`elementId`, `attribute`, `fieldId`, `locale`, `keywords`) VALUES ('122', 'slug', '0', 'en_us', '');
INSERT INTO `craft_searchindex` (`elementId`, `attribute`, `fieldId`, `locale`, `keywords`) VALUES ('123', 'field', '32', 'en_us', ' aids info ');
INSERT INTO `craft_searchindex` (`elementId`, `attribute`, `fieldId`, `locale`, `keywords`) VALUES ('123', 'field', '33', 'en_us', ' http www aidsinfo nih gov ');
INSERT INTO `craft_searchindex` (`elementId`, `attribute`, `fieldId`, `locale`, `keywords`) VALUES ('123', 'field', '34', 'en_us', ' hiv aids treatment information service ');
INSERT INTO `craft_searchindex` (`elementId`, `attribute`, `fieldId`, `locale`, `keywords`) VALUES ('123', 'slug', '0', 'en_us', '');
INSERT INTO `craft_searchindex` (`elementId`, `attribute`, `fieldId`, `locale`, `keywords`) VALUES ('124', 'field', '32', 'en_us', ' hiv insite ');
INSERT INTO `craft_searchindex` (`elementId`, `attribute`, `fieldId`, `locale`, `keywords`) VALUES ('124', 'field', '33', 'en_us', ' http hivinsite ucsf edu ');
INSERT INTO `craft_searchindex` (`elementId`, `attribute`, `fieldId`, `locale`, `keywords`) VALUES ('124', 'field', '34', 'en_us', ' provides information on medical prevention and social issues and includes links to spanish language hiv aids resources ');
INSERT INTO `craft_searchindex` (`elementId`, `attribute`, `fieldId`, `locale`, `keywords`) VALUES ('124', 'slug', '0', 'en_us', '');
INSERT INTO `craft_searchindex` (`elementId`, `attribute`, `fieldId`, `locale`, `keywords`) VALUES ('125', 'field', '32', 'en_us', ' aids infonet ');
INSERT INTO `craft_searchindex` (`elementId`, `attribute`, `fieldId`, `locale`, `keywords`) VALUES ('125', 'field', '33', 'en_us', ' http www aidsinfonet org ');
INSERT INTO `craft_searchindex` (`elementId`, `attribute`, `fieldId`, `locale`, `keywords`) VALUES ('125', 'field', '34', 'en_us', '');
INSERT INTO `craft_searchindex` (`elementId`, `attribute`, `fieldId`, `locale`, `keywords`) VALUES ('125', 'slug', '0', 'en_us', '');
INSERT INTO `craft_searchindex` (`elementId`, `attribute`, `fieldId`, `locale`, `keywords`) VALUES ('126', 'field', '32', 'en_us', ' aids map ');
INSERT INTO `craft_searchindex` (`elementId`, `attribute`, `fieldId`, `locale`, `keywords`) VALUES ('126', 'field', '33', 'en_us', ' http www aidsmap com ');
INSERT INTO `craft_searchindex` (`elementId`, `attribute`, `fieldId`, `locale`, `keywords`) VALUES ('126', 'field', '34', 'en_us', ' international hiv and aids information ');
INSERT INTO `craft_searchindex` (`elementId`, `attribute`, `fieldId`, `locale`, `keywords`) VALUES ('126', 'slug', '0', 'en_us', '');
INSERT INTO `craft_searchindex` (`elementId`, `attribute`, `fieldId`, `locale`, `keywords`) VALUES ('127', 'field', '32', 'en_us', ' aids meds ');
INSERT INTO `craft_searchindex` (`elementId`, `attribute`, `fieldId`, `locale`, `keywords`) VALUES ('127', 'field', '33', 'en_us', ' http www aidsmeds com ');
INSERT INTO `craft_searchindex` (`elementId`, `attribute`, `fieldId`, `locale`, `keywords`) VALUES ('127', 'field', '34', 'en_us', ' aids treatment information ');
INSERT INTO `craft_searchindex` (`elementId`, `attribute`, `fieldId`, `locale`, `keywords`) VALUES ('127', 'slug', '0', 'en_us', '');
INSERT INTO `craft_searchindex` (`elementId`, `attribute`, `fieldId`, `locale`, `keywords`) VALUES ('128', 'field', '32', 'en_us', ' cdc national prevention information network ');
INSERT INTO `craft_searchindex` (`elementId`, `attribute`, `fieldId`, `locale`, `keywords`) VALUES ('128', 'field', '33', 'en_us', ' http www cdcnpin org scripts hiv index asp ');
INSERT INTO `craft_searchindex` (`elementId`, `attribute`, `fieldId`, `locale`, `keywords`) VALUES ('128', 'field', '34', 'en_us', ' the cdc national prevention information network has information on a wide variety of topics ');
INSERT INTO `craft_searchindex` (`elementId`, `attribute`, `fieldId`, `locale`, `keywords`) VALUES ('128', 'slug', '0', 'en_us', '');
INSERT INTO `craft_searchindex` (`elementId`, `attribute`, `fieldId`, `locale`, `keywords`) VALUES ('129', 'field', '32', 'en_us', ' pubmed ');
INSERT INTO `craft_searchindex` (`elementId`, `attribute`, `fieldId`, `locale`, `keywords`) VALUES ('129', 'field', '33', 'en_us', ' http www ncbi nlm nih gov pubmed ');
INSERT INTO `craft_searchindex` (`elementId`, `attribute`, `fieldId`, `locale`, `keywords`) VALUES ('129', 'field', '34', 'en_us', ' nlm s search service to access the 9 million citations in ');
INSERT INTO `craft_searchindex` (`elementId`, `attribute`, `fieldId`, `locale`, `keywords`) VALUES ('129', 'slug', '0', 'en_us', '');
INSERT INTO `craft_searchindex` (`elementId`, `attribute`, `fieldId`, `locale`, `keywords`) VALUES ('130', 'field', '32', 'en_us', ' chid ');
INSERT INTO `craft_searchindex` (`elementId`, `attribute`, `fieldId`, `locale`, `keywords`) VALUES ('130', 'field', '33', 'en_us', ' http chid nih gov ');
INSERT INTO `craft_searchindex` (`elementId`, `attribute`, `fieldId`, `locale`, `keywords`) VALUES ('130', 'field', '34', 'en_us', ' the combined health information database provides bibliographic information to health promotion and education materials and program descriptions ');
INSERT INTO `craft_searchindex` (`elementId`, `attribute`, `fieldId`, `locale`, `keywords`) VALUES ('130', 'slug', '0', 'en_us', '');
INSERT INTO `craft_searchindex` (`elementId`, `attribute`, `fieldId`, `locale`, `keywords`) VALUES ('131', 'field', '32', 'en_us', ' us census bureaus hiv aids surveillance database ');
INSERT INTO `craft_searchindex` (`elementId`, `attribute`, `fieldId`, `locale`, `keywords`) VALUES ('131', 'field', '33', 'en_us', ' http www census gov ipc www hivaidsn html ');
INSERT INTO `craft_searchindex` (`elementId`, `attribute`, `fieldId`, `locale`, `keywords`) VALUES ('131', 'field', '34', 'en_us', ' a compilation ');
INSERT INTO `craft_searchindex` (`elementId`, `attribute`, `fieldId`, `locale`, `keywords`) VALUES ('131', 'slug', '0', 'en_us', '');
INSERT INTO `craft_searchindex` (`elementId`, `attribute`, `fieldId`, `locale`, `keywords`) VALUES ('132', 'field', '32', 'en_us', ' unaids ');
INSERT INTO `craft_searchindex` (`elementId`, `attribute`, `fieldId`, `locale`, `keywords`) VALUES ('132', 'field', '33', 'en_us', ' http www unaids org en default asp ');
INSERT INTO `craft_searchindex` (`elementId`, `attribute`, `fieldId`, `locale`, `keywords`) VALUES ('132', 'field', '34', 'en_us', '');
INSERT INTO `craft_searchindex` (`elementId`, `attribute`, `fieldId`, `locale`, `keywords`) VALUES ('132', 'slug', '0', 'en_us', '');
INSERT INTO `craft_searchindex` (`elementId`, `attribute`, `fieldId`, `locale`, `keywords`) VALUES ('133', 'field', '32', 'en_us', ' western new york law center ');
INSERT INTO `craft_searchindex` (`elementId`, `attribute`, `fieldId`, `locale`, `keywords`) VALUES ('133', 'field', '33', 'en_us', ' http www wnylc net web news xcnewsplus asp ');
INSERT INTO `craft_searchindex` (`elementId`, `attribute`, `fieldId`, `locale`, `keywords`) VALUES ('133', 'field', '34', 'en_us', ' recent news articles welfare law ');
INSERT INTO `craft_searchindex` (`elementId`, `attribute`, `fieldId`, `locale`, `keywords`) VALUES ('133', 'slug', '0', 'en_us', '');
INSERT INTO `craft_searchindex` (`elementId`, `attribute`, `fieldId`, `locale`, `keywords`) VALUES ('134', 'field', '32', 'en_us', ' herpes ');
INSERT INTO `craft_searchindex` (`elementId`, `attribute`, `fieldId`, `locale`, `keywords`) VALUES ('134', 'field', '33', 'en_us', ' http www genitalherpes com ');
INSERT INTO `craft_searchindex` (`elementId`, `attribute`, `fieldId`, `locale`, `keywords`) VALUES ('134', 'field', '34', 'en_us', '');
INSERT INTO `craft_searchindex` (`elementId`, `attribute`, `fieldId`, `locale`, `keywords`) VALUES ('134', 'slug', '0', 'en_us', '');
INSERT INTO `craft_searchindex` (`elementId`, `attribute`, `fieldId`, `locale`, `keywords`) VALUES ('135', 'field', '32', 'en_us', ' prison legal news ');
INSERT INTO `craft_searchindex` (`elementId`, `attribute`, `fieldId`, `locale`, `keywords`) VALUES ('135', 'field', '33', 'en_us', ' http www prisonlegalnews org ');
INSERT INTO `craft_searchindex` (`elementId`, `attribute`, `fieldId`, `locale`, `keywords`) VALUES ('135', 'field', '34', 'en_us', ' monthly newsletter and archive ');
INSERT INTO `craft_searchindex` (`elementId`, `attribute`, `fieldId`, `locale`, `keywords`) VALUES ('135', 'slug', '0', 'en_us', '');
INSERT INTO `craft_searchindex` (`elementId`, `attribute`, `fieldId`, `locale`, `keywords`) VALUES ('136', 'field', '30', 'en_us', ' loansome doc allows users to order full test copies of articles from a local medical library users must register to use this service loansome doc http www nlm nih gov pubs factsheets loansome_doc html a physician peer reviewed list it has links to medline cme online publications useful topical and speciality categorizations registration is required although free medical matrix http www medmatrix org reg login asp national library of medicine hiv aids information http sis nlm nih gov hiv hivmain html ');
INSERT INTO `craft_searchindex` (`elementId`, `attribute`, `fieldId`, `locale`, `keywords`) VALUES ('136', 'slug', '0', 'en_us', ' medical research ');
INSERT INTO `craft_searchindex` (`elementId`, `attribute`, `fieldId`, `locale`, `keywords`) VALUES ('136', 'title', '0', 'en_us', ' medical research ');
INSERT INTO `craft_searchindex` (`elementId`, `attribute`, `fieldId`, `locale`, `keywords`) VALUES ('137', 'field', '32', 'en_us', ' loansome doc ');
INSERT INTO `craft_searchindex` (`elementId`, `attribute`, `fieldId`, `locale`, `keywords`) VALUES ('137', 'field', '33', 'en_us', ' http www nlm nih gov pubs factsheets loansome_doc html ');
INSERT INTO `craft_searchindex` (`elementId`, `attribute`, `fieldId`, `locale`, `keywords`) VALUES ('137', 'field', '34', 'en_us', ' loansome doc allows users to order full test copies of articles from a local medical library users must register to use this service ');
INSERT INTO `craft_searchindex` (`elementId`, `attribute`, `fieldId`, `locale`, `keywords`) VALUES ('137', 'slug', '0', 'en_us', '');
INSERT INTO `craft_searchindex` (`elementId`, `attribute`, `fieldId`, `locale`, `keywords`) VALUES ('138', 'field', '32', 'en_us', ' medical matrix ');
INSERT INTO `craft_searchindex` (`elementId`, `attribute`, `fieldId`, `locale`, `keywords`) VALUES ('138', 'field', '33', 'en_us', ' http www medmatrix org reg login asp ');
INSERT INTO `craft_searchindex` (`elementId`, `attribute`, `fieldId`, `locale`, `keywords`) VALUES ('138', 'field', '34', 'en_us', ' a physician peer reviewed list it has links to medline cme online publications useful topical and speciality categorizations registration is required although free ');
INSERT INTO `craft_searchindex` (`elementId`, `attribute`, `fieldId`, `locale`, `keywords`) VALUES ('138', 'slug', '0', 'en_us', '');
INSERT INTO `craft_searchindex` (`elementId`, `attribute`, `fieldId`, `locale`, `keywords`) VALUES ('139', 'field', '32', 'en_us', ' national library of medicine hiv aids information ');
INSERT INTO `craft_searchindex` (`elementId`, `attribute`, `fieldId`, `locale`, `keywords`) VALUES ('139', 'field', '33', 'en_us', ' http sis nlm nih gov hiv hivmain html ');
INSERT INTO `craft_searchindex` (`elementId`, `attribute`, `fieldId`, `locale`, `keywords`) VALUES ('139', 'field', '34', 'en_us', '');
INSERT INTO `craft_searchindex` (`elementId`, `attribute`, `fieldId`, `locale`, `keywords`) VALUES ('139', 'slug', '0', 'en_us', '');
INSERT INTO `craft_searchindex` (`elementId`, `attribute`, `fieldId`, `locale`, `keywords`) VALUES ('140', 'field', '30', 'en_us', ' dancesafe http www dancesafe org national institute on drug abuse http www nida nih gov infofax clubdrugs html princeton university health services http www princeton edu uhs midwest aids prevention project http www aidsprevention org safersexinfo htm website has animations demonstrating safe sex techniques coalition for positive sexuality http www positive org home index html ');
INSERT INTO `craft_searchindex` (`elementId`, `attribute`, `fieldId`, `locale`, `keywords`) VALUES ('140', 'slug', '0', 'en_us', ' alcohol drugs safer sex ');
INSERT INTO `craft_searchindex` (`elementId`, `attribute`, `fieldId`, `locale`, `keywords`) VALUES ('140', 'title', '0', 'en_us', ' alcohol drugs safer sex ');
INSERT INTO `craft_searchindex` (`elementId`, `attribute`, `fieldId`, `locale`, `keywords`) VALUES ('141', 'field', '32', 'en_us', ' dancesafe ');
INSERT INTO `craft_searchindex` (`elementId`, `attribute`, `fieldId`, `locale`, `keywords`) VALUES ('141', 'field', '33', 'en_us', ' http www dancesafe org ');
INSERT INTO `craft_searchindex` (`elementId`, `attribute`, `fieldId`, `locale`, `keywords`) VALUES ('141', 'field', '34', 'en_us', '');
INSERT INTO `craft_searchindex` (`elementId`, `attribute`, `fieldId`, `locale`, `keywords`) VALUES ('141', 'slug', '0', 'en_us', '');
INSERT INTO `craft_searchindex` (`elementId`, `attribute`, `fieldId`, `locale`, `keywords`) VALUES ('142', 'field', '32', 'en_us', ' national institute on drug abuse ');
INSERT INTO `craft_searchindex` (`elementId`, `attribute`, `fieldId`, `locale`, `keywords`) VALUES ('142', 'field', '33', 'en_us', ' http www nida nih gov infofax clubdrugs html ');
INSERT INTO `craft_searchindex` (`elementId`, `attribute`, `fieldId`, `locale`, `keywords`) VALUES ('142', 'field', '34', 'en_us', '');
INSERT INTO `craft_searchindex` (`elementId`, `attribute`, `fieldId`, `locale`, `keywords`) VALUES ('142', 'slug', '0', 'en_us', '');
INSERT INTO `craft_searchindex` (`elementId`, `attribute`, `fieldId`, `locale`, `keywords`) VALUES ('143', 'field', '32', 'en_us', ' princeton university health services ');
INSERT INTO `craft_searchindex` (`elementId`, `attribute`, `fieldId`, `locale`, `keywords`) VALUES ('143', 'field', '33', 'en_us', ' http www princeton edu uhs ');
INSERT INTO `craft_searchindex` (`elementId`, `attribute`, `fieldId`, `locale`, `keywords`) VALUES ('143', 'field', '34', 'en_us', '');
INSERT INTO `craft_searchindex` (`elementId`, `attribute`, `fieldId`, `locale`, `keywords`) VALUES ('143', 'slug', '0', 'en_us', '');
INSERT INTO `craft_searchindex` (`elementId`, `attribute`, `fieldId`, `locale`, `keywords`) VALUES ('144', 'field', '32', 'en_us', ' midwest aids prevention project ');
INSERT INTO `craft_searchindex` (`elementId`, `attribute`, `fieldId`, `locale`, `keywords`) VALUES ('144', 'field', '33', 'en_us', ' http www aidsprevention org safersexinfo htm ');
INSERT INTO `craft_searchindex` (`elementId`, `attribute`, `fieldId`, `locale`, `keywords`) VALUES ('144', 'field', '34', 'en_us', '');
INSERT INTO `craft_searchindex` (`elementId`, `attribute`, `fieldId`, `locale`, `keywords`) VALUES ('144', 'slug', '0', 'en_us', '');
INSERT INTO `craft_searchindex` (`elementId`, `attribute`, `fieldId`, `locale`, `keywords`) VALUES ('145', 'field', '32', 'en_us', ' coalition for positive sexuality ');
INSERT INTO `craft_searchindex` (`elementId`, `attribute`, `fieldId`, `locale`, `keywords`) VALUES ('145', 'field', '33', 'en_us', ' http www positive org home index html ');
INSERT INTO `craft_searchindex` (`elementId`, `attribute`, `fieldId`, `locale`, `keywords`) VALUES ('145', 'field', '34', 'en_us', ' website has animations demonstrating safe sex techniques ');
INSERT INTO `craft_searchindex` (`elementId`, `attribute`, `fieldId`, `locale`, `keywords`) VALUES ('145', 'slug', '0', 'en_us', '');
INSERT INTO `craft_searchindex` (`elementId`, `attribute`, `fieldId`, `locale`, `keywords`) VALUES ('146', 'field', '30', 'en_us', ' bisexual resource center http www biresource org gay men s health crisis gmhc http www gmhc org gay and lesbian activists alliance http www glaa org one stop cyber resource center of information interaction and entertainment lesbianation http www lesbianation com gay and lesbian advocates and defenders http www glad org parents families and friends of lesbians and gays pflag http www pflag org gay and lesbian national hotline http www glnh org pridelinks gay lesbian bi trans search site http www pridelinks com transgender org http www transgender org gay and lesbian search engine gayzoo http www gayzoo com gay lesbian and straight education network glsen http www glsen org templates index html a monthly magazine by and about queer youth oasis http www oasismag com national gay and lesbian taskforce http www ngltf org ');
INSERT INTO `craft_searchindex` (`elementId`, `attribute`, `fieldId`, `locale`, `keywords`) VALUES ('146', 'slug', '0', 'en_us', ' lesbian gay bisexual transgender ');
INSERT INTO `craft_searchindex` (`elementId`, `attribute`, `fieldId`, `locale`, `keywords`) VALUES ('146', 'title', '0', 'en_us', ' lesbian gay bisexual transgender ');
INSERT INTO `craft_searchindex` (`elementId`, `attribute`, `fieldId`, `locale`, `keywords`) VALUES ('147', 'field', '32', 'en_us', ' bisexual resource center ');
INSERT INTO `craft_searchindex` (`elementId`, `attribute`, `fieldId`, `locale`, `keywords`) VALUES ('147', 'field', '33', 'en_us', ' http www biresource org ');
INSERT INTO `craft_searchindex` (`elementId`, `attribute`, `fieldId`, `locale`, `keywords`) VALUES ('147', 'field', '34', 'en_us', '');
INSERT INTO `craft_searchindex` (`elementId`, `attribute`, `fieldId`, `locale`, `keywords`) VALUES ('147', 'slug', '0', 'en_us', '');
INSERT INTO `craft_searchindex` (`elementId`, `attribute`, `fieldId`, `locale`, `keywords`) VALUES ('148', 'field', '32', 'en_us', ' gmhc ');
INSERT INTO `craft_searchindex` (`elementId`, `attribute`, `fieldId`, `locale`, `keywords`) VALUES ('148', 'field', '33', 'en_us', ' http www gmhc org ');
INSERT INTO `craft_searchindex` (`elementId`, `attribute`, `fieldId`, `locale`, `keywords`) VALUES ('148', 'field', '34', 'en_us', ' gay men s health crisis ');
INSERT INTO `craft_searchindex` (`elementId`, `attribute`, `fieldId`, `locale`, `keywords`) VALUES ('148', 'slug', '0', 'en_us', '');
INSERT INTO `craft_searchindex` (`elementId`, `attribute`, `fieldId`, `locale`, `keywords`) VALUES ('149', 'field', '32', 'en_us', ' gay and lesbian activists alliance ');
INSERT INTO `craft_searchindex` (`elementId`, `attribute`, `fieldId`, `locale`, `keywords`) VALUES ('149', 'field', '33', 'en_us', ' http www glaa org ');
INSERT INTO `craft_searchindex` (`elementId`, `attribute`, `fieldId`, `locale`, `keywords`) VALUES ('149', 'field', '34', 'en_us', '');
INSERT INTO `craft_searchindex` (`elementId`, `attribute`, `fieldId`, `locale`, `keywords`) VALUES ('149', 'slug', '0', 'en_us', '');
INSERT INTO `craft_searchindex` (`elementId`, `attribute`, `fieldId`, `locale`, `keywords`) VALUES ('150', 'field', '32', 'en_us', ' lesbianation ');
INSERT INTO `craft_searchindex` (`elementId`, `attribute`, `fieldId`, `locale`, `keywords`) VALUES ('150', 'field', '33', 'en_us', ' http www lesbianation com ');
INSERT INTO `craft_searchindex` (`elementId`, `attribute`, `fieldId`, `locale`, `keywords`) VALUES ('150', 'field', '34', 'en_us', ' one stop cyber resource center of information interaction and entertainment ');
INSERT INTO `craft_searchindex` (`elementId`, `attribute`, `fieldId`, `locale`, `keywords`) VALUES ('150', 'slug', '0', 'en_us', '');
INSERT INTO `craft_searchindex` (`elementId`, `attribute`, `fieldId`, `locale`, `keywords`) VALUES ('151', 'field', '32', 'en_us', ' gay and lesbian advocates and defenders ');
INSERT INTO `craft_searchindex` (`elementId`, `attribute`, `fieldId`, `locale`, `keywords`) VALUES ('151', 'field', '33', 'en_us', ' http www glad org ');
INSERT INTO `craft_searchindex` (`elementId`, `attribute`, `fieldId`, `locale`, `keywords`) VALUES ('151', 'field', '34', 'en_us', '');
INSERT INTO `craft_searchindex` (`elementId`, `attribute`, `fieldId`, `locale`, `keywords`) VALUES ('151', 'slug', '0', 'en_us', '');
INSERT INTO `craft_searchindex` (`elementId`, `attribute`, `fieldId`, `locale`, `keywords`) VALUES ('152', 'field', '32', 'en_us', ' parents families and friends of lesbians and gays pflag ');
INSERT INTO `craft_searchindex` (`elementId`, `attribute`, `fieldId`, `locale`, `keywords`) VALUES ('152', 'field', '33', 'en_us', ' http www pflag org ');
INSERT INTO `craft_searchindex` (`elementId`, `attribute`, `fieldId`, `locale`, `keywords`) VALUES ('152', 'field', '34', 'en_us', '');
INSERT INTO `craft_searchindex` (`elementId`, `attribute`, `fieldId`, `locale`, `keywords`) VALUES ('152', 'slug', '0', 'en_us', '');
INSERT INTO `craft_searchindex` (`elementId`, `attribute`, `fieldId`, `locale`, `keywords`) VALUES ('153', 'field', '32', 'en_us', ' gay and lesbian national hotline ');
INSERT INTO `craft_searchindex` (`elementId`, `attribute`, `fieldId`, `locale`, `keywords`) VALUES ('153', 'field', '33', 'en_us', ' http www glnh org ');
INSERT INTO `craft_searchindex` (`elementId`, `attribute`, `fieldId`, `locale`, `keywords`) VALUES ('153', 'field', '34', 'en_us', '');
INSERT INTO `craft_searchindex` (`elementId`, `attribute`, `fieldId`, `locale`, `keywords`) VALUES ('153', 'slug', '0', 'en_us', '');
INSERT INTO `craft_searchindex` (`elementId`, `attribute`, `fieldId`, `locale`, `keywords`) VALUES ('154', 'field', '32', 'en_us', ' pridelinks gay lesbian bi trans search site ');
INSERT INTO `craft_searchindex` (`elementId`, `attribute`, `fieldId`, `locale`, `keywords`) VALUES ('154', 'field', '33', 'en_us', ' http www pridelinks com ');
INSERT INTO `craft_searchindex` (`elementId`, `attribute`, `fieldId`, `locale`, `keywords`) VALUES ('154', 'field', '34', 'en_us', '');
INSERT INTO `craft_searchindex` (`elementId`, `attribute`, `fieldId`, `locale`, `keywords`) VALUES ('154', 'slug', '0', 'en_us', '');
INSERT INTO `craft_searchindex` (`elementId`, `attribute`, `fieldId`, `locale`, `keywords`) VALUES ('155', 'field', '32', 'en_us', ' transgender org ');
INSERT INTO `craft_searchindex` (`elementId`, `attribute`, `fieldId`, `locale`, `keywords`) VALUES ('155', 'field', '33', 'en_us', ' http www transgender org ');
INSERT INTO `craft_searchindex` (`elementId`, `attribute`, `fieldId`, `locale`, `keywords`) VALUES ('155', 'field', '34', 'en_us', '');
INSERT INTO `craft_searchindex` (`elementId`, `attribute`, `fieldId`, `locale`, `keywords`) VALUES ('155', 'slug', '0', 'en_us', '');
INSERT INTO `craft_searchindex` (`elementId`, `attribute`, `fieldId`, `locale`, `keywords`) VALUES ('156', 'field', '32', 'en_us', ' gayzoo ');
INSERT INTO `craft_searchindex` (`elementId`, `attribute`, `fieldId`, `locale`, `keywords`) VALUES ('156', 'field', '33', 'en_us', ' http www gayzoo com ');
INSERT INTO `craft_searchindex` (`elementId`, `attribute`, `fieldId`, `locale`, `keywords`) VALUES ('156', 'field', '34', 'en_us', ' gay and lesbian search engine ');
INSERT INTO `craft_searchindex` (`elementId`, `attribute`, `fieldId`, `locale`, `keywords`) VALUES ('156', 'slug', '0', 'en_us', '');
INSERT INTO `craft_searchindex` (`elementId`, `attribute`, `fieldId`, `locale`, `keywords`) VALUES ('157', 'field', '32', 'en_us', ' glsen ');
INSERT INTO `craft_searchindex` (`elementId`, `attribute`, `fieldId`, `locale`, `keywords`) VALUES ('157', 'field', '33', 'en_us', ' http www glsen org templates index html ');
INSERT INTO `craft_searchindex` (`elementId`, `attribute`, `fieldId`, `locale`, `keywords`) VALUES ('157', 'field', '34', 'en_us', ' gay lesbian and straight education network ');
INSERT INTO `craft_searchindex` (`elementId`, `attribute`, `fieldId`, `locale`, `keywords`) VALUES ('157', 'slug', '0', 'en_us', '');
INSERT INTO `craft_searchindex` (`elementId`, `attribute`, `fieldId`, `locale`, `keywords`) VALUES ('158', 'field', '32', 'en_us', ' oasis ');
INSERT INTO `craft_searchindex` (`elementId`, `attribute`, `fieldId`, `locale`, `keywords`) VALUES ('158', 'field', '33', 'en_us', ' http www oasismag com ');
INSERT INTO `craft_searchindex` (`elementId`, `attribute`, `fieldId`, `locale`, `keywords`) VALUES ('158', 'field', '34', 'en_us', ' a monthly magazine by and about queer youth ');
INSERT INTO `craft_searchindex` (`elementId`, `attribute`, `fieldId`, `locale`, `keywords`) VALUES ('158', 'slug', '0', 'en_us', '');
INSERT INTO `craft_searchindex` (`elementId`, `attribute`, `fieldId`, `locale`, `keywords`) VALUES ('159', 'field', '32', 'en_us', ' national gay and lesbian taskforce ');
INSERT INTO `craft_searchindex` (`elementId`, `attribute`, `fieldId`, `locale`, `keywords`) VALUES ('159', 'field', '33', 'en_us', ' http www ngltf org ');
INSERT INTO `craft_searchindex` (`elementId`, `attribute`, `fieldId`, `locale`, `keywords`) VALUES ('159', 'field', '34', 'en_us', '');
INSERT INTO `craft_searchindex` (`elementId`, `attribute`, `fieldId`, `locale`, `keywords`) VALUES ('159', 'slug', '0', 'en_us', '');



DROP TABLE IF EXISTS `craft_sections`;


--
-- Schema for table `craft_sections`
--
CREATE TABLE `craft_sections` (
  `id` int(11) NOT NULL AUTO_INCREMENT,
  `structureId` int(11) DEFAULT NULL,
  `name` varchar(255) COLLATE utf8_unicode_ci NOT NULL,
  `handle` varchar(255) COLLATE utf8_unicode_ci NOT NULL,
  `type` enum('single','channel','structure') COLLATE utf8_unicode_ci NOT NULL DEFAULT 'channel',
  `hasUrls` tinyint(1) unsigned NOT NULL DEFAULT '1',
  `template` varchar(500) COLLATE utf8_unicode_ci DEFAULT NULL,
  `enableVersioning` tinyint(1) unsigned NOT NULL DEFAULT '0',
  `dateCreated` datetime NOT NULL,
  `dateUpdated` datetime NOT NULL,
  `uid` char(36) COLLATE utf8_unicode_ci NOT NULL DEFAULT '0',
  PRIMARY KEY (`id`),
  UNIQUE KEY `craft_sections_name_unq_idx` (`name`),
  UNIQUE KEY `craft_sections_handle_unq_idx` (`handle`),
  KEY `craft_sections_structureId_fk` (`structureId`)
) ENGINE=InnoDB AUTO_INCREMENT=17 DEFAULT CHARSET=utf8 COLLATE=utf8_unicode_ci;

--
-- Data for table `craft_sections`
--

INSERT INTO `craft_sections` (`id`, `structureId`, `name`, `handle`, `type`, `hasUrls`, `template`, `enableVersioning`, `dateCreated`, `dateUpdated`, `uid`) VALUES ('1', NULL, 'Homepage', 'homepage', 'single', '1', 'index', '1', '2015-05-26 00:03:46', '2015-05-26 01:28:53', '683ab68a-0ab4-4b33-9c6f-cb2cb27c1545');
INSERT INTO `craft_sections` (`id`, `structureId`, `name`, `handle`, `type`, `hasUrls`, `template`, `enableVersioning`, `dateCreated`, `dateUpdated`, `uid`) VALUES ('2', NULL, 'News', 'news', 'single', '1', 'news', '1', '2015-05-26 00:03:46', '2015-05-26 01:28:53', '25ebef2a-1db2-4f38-8095-75c49a54729f');
INSERT INTO `craft_sections` (`id`, `structureId`, `name`, `handle`, `type`, `hasUrls`, `template`, `enableVersioning`, `dateCreated`, `dateUpdated`, `uid`) VALUES ('3', NULL, 'About', 'about', 'single', '1', 'about', '1', '2015-05-26 01:28:53', '2015-05-26 01:28:53', 'ca7b11f4-c625-4848-a6b7-72c5f03593ea');
INSERT INTO `craft_sections` (`id`, `structureId`, `name`, `handle`, `type`, `hasUrls`, `template`, `enableVersioning`, `dateCreated`, `dateUpdated`, `uid`) VALUES ('4', NULL, 'Contact', 'contact', 'single', '1', 'contact', '1', '2015-05-26 01:28:53', '2015-05-26 01:28:53', '86091ebe-3649-4d3e-8fac-e75129ddefec');
INSERT INTO `craft_sections` (`id`, `structureId`, `name`, `handle`, `type`, `hasUrls`, `template`, `enableVersioning`, `dateCreated`, `dateUpdated`, `uid`) VALUES ('5', NULL, 'Donation', 'donation', 'single', '1', 'donation', '1', '2015-05-26 01:28:53', '2015-05-26 01:28:53', '8ced1b97-1f9f-4643-92b8-30b24287786c');
INSERT INTO `craft_sections` (`id`, `structureId`, `name`, `handle`, `type`, `hasUrls`, `template`, `enableVersioning`, `dateCreated`, `dateUpdated`, `uid`) VALUES ('6', NULL, 'Events', 'events', 'single', '1', 'events', '1', '2015-05-26 01:28:53', '2015-05-26 01:28:53', '15538c34-e219-492e-ad00-de6dd22a34e8');
INSERT INTO `craft_sections` (`id`, `structureId`, `name`, `handle`, `type`, `hasUrls`, `template`, `enableVersioning`, `dateCreated`, `dateUpdated`, `uid`) VALUES ('7', NULL, 'FAQ', 'faq', 'channel', '1', 'faq/_entry', '1', '2015-05-26 01:28:53', '2015-06-07 04:42:39', 'aea0d38c-61dd-4d50-bfa1-70423973461a');
INSERT INTO `craft_sections` (`id`, `structureId`, `name`, `handle`, `type`, `hasUrls`, `template`, `enableVersioning`, `dateCreated`, `dateUpdated`, `uid`) VALUES ('9', NULL, 'Job Description', 'jobDescription', 'channel', '1', 'jobOpenings/_entry', '1', '2015-05-26 01:28:53', '2015-05-26 01:28:53', 'dc0f9511-7f18-401c-bc85-f80fd0de6366');
INSERT INTO `craft_sections` (`id`, `structureId`, `name`, `handle`, `type`, `hasUrls`, `template`, `enableVersioning`, `dateCreated`, `dateUpdated`, `uid`) VALUES ('10', NULL, 'Job Openings', 'jobOpenings', 'single', '1', 'jobOpenings', '1', '2015-05-26 01:28:53', '2015-05-26 01:28:53', 'c0e9fff4-3ac6-4926-8c84-5adb0d15158d');
INSERT INTO `craft_sections` (`id`, `structureId`, `name`, `handle`, `type`, `hasUrls`, `template`, `enableVersioning`, `dateCreated`, `dateUpdated`, `uid`) VALUES ('11', NULL, 'News Article', 'newsArticle', 'channel', '1', 'news/_entry', '1', '2015-05-26 01:28:53', '2015-05-26 01:28:53', '600f65b7-9c0d-4810-9559-8bd6187ebce2');
INSERT INTO `craft_sections` (`id`, `structureId`, `name`, `handle`, `type`, `hasUrls`, `template`, `enableVersioning`, `dateCreated`, `dateUpdated`, `uid`) VALUES ('12', NULL, 'Publications', 'publications', 'single', '1', 'publications', '1', '2015-05-26 01:28:53', '2015-05-26 01:28:53', '9034e964-f739-4dcc-8da7-a39ac2edd204');
INSERT INTO `craft_sections` (`id`, `structureId`, `name`, `handle`, `type`, `hasUrls`, `template`, `enableVersioning`, `dateCreated`, `dateUpdated`, `uid`) VALUES ('13', NULL, 'Resources', 'resources', 'channel', '1', 'resources/_entry', '1', '2015-05-26 01:28:53', '2015-06-08 21:34:30', '45e6af4f-2d0c-48bd-909a-48a59d15db9d');
INSERT INTO `craft_sections` (`id`, `structureId`, `name`, `handle`, `type`, `hasUrls`, `template`, `enableVersioning`, `dateCreated`, `dateUpdated`, `uid`) VALUES ('14', NULL, 'Staff', 'staff', 'single', '1', 'staff', '1', '2015-05-26 01:28:53', '2015-05-26 01:28:53', '60d2bdd4-9248-4921-8b89-2fd67f98b380');
INSERT INTO `craft_sections` (`id`, `structureId`, `name`, `handle`, `type`, `hasUrls`, `template`, `enableVersioning`, `dateCreated`, `dateUpdated`, `uid`) VALUES ('16', NULL, 'Testing', 'testing', 'channel', '0', NULL, '1', '2015-05-26 02:34:51', '2015-05-26 02:34:51', 'f03d90ab-c6e7-4c0e-869c-39f1647220e8');



DROP TABLE IF EXISTS `craft_sections_i18n`;


--
-- Schema for table `craft_sections_i18n`
--
CREATE TABLE `craft_sections_i18n` (
  `id` int(11) NOT NULL AUTO_INCREMENT,
  `sectionId` int(11) NOT NULL,
  `locale` char(12) COLLATE utf8_unicode_ci NOT NULL,
  `enabledByDefault` tinyint(1) unsigned NOT NULL DEFAULT '1',
  `urlFormat` varchar(255) COLLATE utf8_unicode_ci DEFAULT NULL,
  `nestedUrlFormat` varchar(255) COLLATE utf8_unicode_ci DEFAULT NULL,
  `dateCreated` datetime NOT NULL,
  `dateUpdated` datetime NOT NULL,
  `uid` char(36) COLLATE utf8_unicode_ci NOT NULL DEFAULT '0',
  PRIMARY KEY (`id`),
  UNIQUE KEY `craft_sections_i18n_sectionId_locale_unq_idx` (`sectionId`,`locale`),
  KEY `craft_sections_i18n_locale_fk` (`locale`)
) ENGINE=InnoDB AUTO_INCREMENT=17 DEFAULT CHARSET=utf8 COLLATE=utf8_unicode_ci;

--
-- Data for table `craft_sections_i18n`
--

INSERT INTO `craft_sections_i18n` (`id`, `sectionId`, `locale`, `enabledByDefault`, `urlFormat`, `nestedUrlFormat`, `dateCreated`, `dateUpdated`, `uid`) VALUES ('1', '1', 'en_us', '1', '__home__', NULL, '2015-05-26 00:03:46', '2015-05-26 00:03:46', 'cff48f77-b1b7-411d-b115-45a57c5281f2');
INSERT INTO `craft_sections_i18n` (`id`, `sectionId`, `locale`, `enabledByDefault`, `urlFormat`, `nestedUrlFormat`, `dateCreated`, `dateUpdated`, `uid`) VALUES ('2', '2', 'en_us', '0', 'news', NULL, '2015-05-26 00:03:46', '2015-05-26 01:28:53', '3526d143-81f0-4770-b819-8ea597b0ebc1');
INSERT INTO `craft_sections_i18n` (`id`, `sectionId`, `locale`, `enabledByDefault`, `urlFormat`, `nestedUrlFormat`, `dateCreated`, `dateUpdated`, `uid`) VALUES ('3', '3', 'en_us', '0', 'about', NULL, '2015-05-26 01:28:53', '2015-05-26 01:28:53', '50e0336c-8a1b-42c0-a32a-775b6b4b15be');
INSERT INTO `craft_sections_i18n` (`id`, `sectionId`, `locale`, `enabledByDefault`, `urlFormat`, `nestedUrlFormat`, `dateCreated`, `dateUpdated`, `uid`) VALUES ('4', '4', 'en_us', '0', 'contact', NULL, '2015-05-26 01:28:53', '2015-05-26 01:28:53', 'faeba988-a53f-4eb2-ad08-88f9e7cc88e9');
INSERT INTO `craft_sections_i18n` (`id`, `sectionId`, `locale`, `enabledByDefault`, `urlFormat`, `nestedUrlFormat`, `dateCreated`, `dateUpdated`, `uid`) VALUES ('5', '5', 'en_us', '0', 'donation', NULL, '2015-05-26 01:28:53', '2015-05-26 01:28:53', '3dc227df-86b1-417f-81c9-e69519d31b29');
INSERT INTO `craft_sections_i18n` (`id`, `sectionId`, `locale`, `enabledByDefault`, `urlFormat`, `nestedUrlFormat`, `dateCreated`, `dateUpdated`, `uid`) VALUES ('6', '6', 'en_us', '0', 'events', NULL, '2015-05-26 01:28:53', '2015-05-26 01:28:53', '0e4b5d4d-2834-4676-9ee0-05c283fb5f84');
INSERT INTO `craft_sections_i18n` (`id`, `sectionId`, `locale`, `enabledByDefault`, `urlFormat`, `nestedUrlFormat`, `dateCreated`, `dateUpdated`, `uid`) VALUES ('7', '7', 'en_us', '0', 'faq/{slug}', NULL, '2015-05-26 01:28:53', '2015-05-26 01:28:53', 'dd3a23c4-e3a6-437c-bbb7-2dd0d0db3198');
INSERT INTO `craft_sections_i18n` (`id`, `sectionId`, `locale`, `enabledByDefault`, `urlFormat`, `nestedUrlFormat`, `dateCreated`, `dateUpdated`, `uid`) VALUES ('9', '9', 'en_us', '0', 'job-description/{slug}', NULL, '2015-05-26 01:28:53', '2015-05-26 01:28:53', 'b4eb2f9d-87b6-4c76-bdf2-1ff19a85a384');
INSERT INTO `craft_sections_i18n` (`id`, `sectionId`, `locale`, `enabledByDefault`, `urlFormat`, `nestedUrlFormat`, `dateCreated`, `dateUpdated`, `uid`) VALUES ('10', '10', 'en_us', '0', 'job-openings', NULL, '2015-05-26 01:28:53', '2015-05-26 01:28:53', '43df9122-b527-4552-a306-b6e4c5635104');
INSERT INTO `craft_sections_i18n` (`id`, `sectionId`, `locale`, `enabledByDefault`, `urlFormat`, `nestedUrlFormat`, `dateCreated`, `dateUpdated`, `uid`) VALUES ('11', '11', 'en_us', '0', 'news-article/{slug}', NULL, '2015-05-26 01:28:53', '2015-05-26 01:28:53', '69b520cc-8342-4877-8111-2219e9c083fb');
INSERT INTO `craft_sections_i18n` (`id`, `sectionId`, `locale`, `enabledByDefault`, `urlFormat`, `nestedUrlFormat`, `dateCreated`, `dateUpdated`, `uid`) VALUES ('12', '12', 'en_us', '0', 'publications', NULL, '2015-05-26 01:28:53', '2015-05-26 01:28:53', '9af3e6d0-0bbb-458e-9fa2-7c280f9472b8');
INSERT INTO `craft_sections_i18n` (`id`, `sectionId`, `locale`, `enabledByDefault`, `urlFormat`, `nestedUrlFormat`, `dateCreated`, `dateUpdated`, `uid`) VALUES ('13', '13', 'en_us', '0', 'resources/{slug}', NULL, '2015-05-26 01:28:53', '2015-06-08 21:14:17', '0489d6a4-2caa-47f0-81e5-6b7112722ddc');
INSERT INTO `craft_sections_i18n` (`id`, `sectionId`, `locale`, `enabledByDefault`, `urlFormat`, `nestedUrlFormat`, `dateCreated`, `dateUpdated`, `uid`) VALUES ('14', '14', 'en_us', '0', 'staff', NULL, '2015-05-26 01:28:53', '2015-05-26 01:28:53', '5e31d568-a350-4739-a172-95d35b4a134e');
INSERT INTO `craft_sections_i18n` (`id`, `sectionId`, `locale`, `enabledByDefault`, `urlFormat`, `nestedUrlFormat`, `dateCreated`, `dateUpdated`, `uid`) VALUES ('16', '16', 'en_us', '0', NULL, NULL, '2015-05-26 02:34:51', '2015-05-26 02:34:51', '92cd4ac7-acc5-44ff-90e4-0da68cc69ee2');



DROP TABLE IF EXISTS `craft_sessions`;


--
-- Schema for table `craft_sessions`
--
CREATE TABLE `craft_sessions` (
  `id` int(11) NOT NULL AUTO_INCREMENT,
  `userId` int(11) NOT NULL,
  `token` char(100) COLLATE utf8_unicode_ci NOT NULL,
  `dateCreated` datetime NOT NULL,
  `dateUpdated` datetime NOT NULL,
  `uid` char(36) COLLATE utf8_unicode_ci NOT NULL DEFAULT '0',
  PRIMARY KEY (`id`),
  KEY `craft_sessions_uid_idx` (`uid`),
  KEY `craft_sessions_token_idx` (`token`),
  KEY `craft_sessions_dateUpdated_idx` (`dateUpdated`),
  KEY `craft_sessions_userId_fk` (`userId`)
) ENGINE=InnoDB AUTO_INCREMENT=6 DEFAULT CHARSET=utf8 COLLATE=utf8_unicode_ci;

DROP TABLE IF EXISTS `craft_shunnedmessages`;


--
-- Schema for table `craft_shunnedmessages`
--
CREATE TABLE `craft_shunnedmessages` (
  `id` int(11) NOT NULL AUTO_INCREMENT,
  `userId` int(11) NOT NULL,
  `message` varchar(255) COLLATE utf8_unicode_ci NOT NULL,
  `expiryDate` datetime DEFAULT NULL,
  `dateCreated` datetime NOT NULL,
  `dateUpdated` datetime NOT NULL,
  `uid` char(36) COLLATE utf8_unicode_ci NOT NULL DEFAULT '0',
  PRIMARY KEY (`id`),
  UNIQUE KEY `craft_shunnedmessages_userId_message_unq_idx` (`userId`,`message`)
) ENGINE=InnoDB DEFAULT CHARSET=utf8 COLLATE=utf8_unicode_ci;

DROP TABLE IF EXISTS `craft_structureelements`;


--
-- Schema for table `craft_structureelements`
--
CREATE TABLE `craft_structureelements` (
  `id` int(11) NOT NULL AUTO_INCREMENT,
  `structureId` int(11) NOT NULL,
  `elementId` int(11) DEFAULT NULL,
  `root` int(11) unsigned DEFAULT NULL,
  `lft` int(11) unsigned NOT NULL,
  `rgt` int(11) unsigned NOT NULL,
  `level` smallint(6) unsigned NOT NULL,
  `dateCreated` datetime NOT NULL,
  `dateUpdated` datetime NOT NULL,
  `uid` char(36) COLLATE utf8_unicode_ci NOT NULL DEFAULT '0',
  PRIMARY KEY (`id`),
  UNIQUE KEY `craft_structureelements_structureId_elementId_unq_idx` (`structureId`,`elementId`),
  KEY `craft_structureelements_root_idx` (`root`),
  KEY `craft_structureelements_lft_idx` (`lft`),
  KEY `craft_structureelements_rgt_idx` (`rgt`),
  KEY `craft_structureelements_level_idx` (`level`),
  KEY `craft_structureelements_elementId_fk` (`elementId`)
) ENGINE=InnoDB DEFAULT CHARSET=utf8 COLLATE=utf8_unicode_ci;

DROP TABLE IF EXISTS `craft_structures`;


--
-- Schema for table `craft_structures`
--
CREATE TABLE `craft_structures` (
  `id` int(11) NOT NULL AUTO_INCREMENT,
  `maxLevels` smallint(6) unsigned DEFAULT NULL,
  `dateCreated` datetime NOT NULL,
  `dateUpdated` datetime NOT NULL,
  `uid` char(36) COLLATE utf8_unicode_ci NOT NULL DEFAULT '0',
  PRIMARY KEY (`id`)
) ENGINE=InnoDB DEFAULT CHARSET=utf8 COLLATE=utf8_unicode_ci;

DROP TABLE IF EXISTS `craft_systemsettings`;


--
-- Schema for table `craft_systemsettings`
--
CREATE TABLE `craft_systemsettings` (
  `id` int(11) NOT NULL AUTO_INCREMENT,
  `category` varchar(15) COLLATE utf8_unicode_ci NOT NULL,
  `settings` text COLLATE utf8_unicode_ci,
  `dateCreated` datetime NOT NULL,
  `dateUpdated` datetime NOT NULL,
  `uid` char(36) COLLATE utf8_unicode_ci NOT NULL DEFAULT '0',
  PRIMARY KEY (`id`),
  UNIQUE KEY `craft_systemsettings_category_unq_idx` (`category`)
) ENGINE=InnoDB AUTO_INCREMENT=2 DEFAULT CHARSET=utf8 COLLATE=utf8_unicode_ci;

--
-- Data for table `craft_systemsettings`
--

INSERT INTO `craft_systemsettings` (`id`, `category`, `settings`, `dateCreated`, `dateUpdated`, `uid`) VALUES ('1', 'email', '{\"template\":\"\",\"protocol\":\"smtp\",\"emailAddress\":\"rubiojan@gmail.com\",\"senderName\":\"Souther Tier AIDS Program\",\"smtpAuth\":1,\"username\":\"vendors@obirulabs.com\",\"password\":\"366iwqaBJGdpNJRYo8irSg\",\"smtpSecureTransportType\":\"none\",\"port\":\"587\",\"host\":\"smtp.mandrillapp.com\",\"timeout\":\"30\"}', '2015-05-26 00:03:46', '2015-06-06 19:22:54', 'b05d2b19-2f06-4643-8a0c-f8473c25de26');



DROP TABLE IF EXISTS `craft_taggroups`;


--
-- Schema for table `craft_taggroups`
--
CREATE TABLE `craft_taggroups` (
  `id` int(11) NOT NULL AUTO_INCREMENT,
  `name` varchar(255) COLLATE utf8_unicode_ci NOT NULL,
  `handle` varchar(255) COLLATE utf8_unicode_ci NOT NULL,
  `fieldLayoutId` int(10) DEFAULT NULL,
  `dateCreated` datetime NOT NULL,
  `dateUpdated` datetime NOT NULL,
  `uid` char(36) COLLATE utf8_unicode_ci NOT NULL DEFAULT '0',
  PRIMARY KEY (`id`),
  UNIQUE KEY `craft_taggroups_name_unq_idx` (`name`),
  UNIQUE KEY `craft_taggroups_handle_unq_idx` (`handle`),
  KEY `craft_taggroups_fieldLayoutId_fk` (`fieldLayoutId`)
) ENGINE=InnoDB AUTO_INCREMENT=2 DEFAULT CHARSET=utf8 COLLATE=utf8_unicode_ci;

--
-- Data for table `craft_taggroups`
--

INSERT INTO `craft_taggroups` (`id`, `name`, `handle`, `fieldLayoutId`, `dateCreated`, `dateUpdated`, `uid`) VALUES ('1', 'Default', 'default', '1', '2015-05-26 00:03:46', '2015-05-26 00:03:46', 'd139de2a-097b-4eeb-887c-e2b6239606b3');



DROP TABLE IF EXISTS `craft_tags`;


--
-- Schema for table `craft_tags`
--
CREATE TABLE `craft_tags` (
  `id` int(11) NOT NULL,
  `groupId` int(11) NOT NULL,
  `dateCreated` datetime NOT NULL,
  `dateUpdated` datetime NOT NULL,
  `uid` char(36) COLLATE utf8_unicode_ci NOT NULL DEFAULT '0',
  PRIMARY KEY (`id`),
  KEY `craft_tags_groupId_fk` (`groupId`)
) ENGINE=InnoDB DEFAULT CHARSET=utf8 COLLATE=utf8_unicode_ci;

DROP TABLE IF EXISTS `craft_tasks`;


--
-- Schema for table `craft_tasks`
--
CREATE TABLE `craft_tasks` (
  `id` int(11) NOT NULL AUTO_INCREMENT,
  `root` int(11) unsigned DEFAULT NULL,
  `lft` int(11) unsigned NOT NULL,
  `rgt` int(11) unsigned NOT NULL,
  `level` smallint(6) unsigned NOT NULL,
  `currentStep` int(11) unsigned DEFAULT NULL,
  `totalSteps` int(11) unsigned DEFAULT NULL,
  `status` enum('pending','error','running') COLLATE utf8_unicode_ci DEFAULT NULL,
  `type` varchar(150) COLLATE utf8_unicode_ci NOT NULL,
  `description` varchar(255) COLLATE utf8_unicode_ci DEFAULT NULL,
  `settings` text COLLATE utf8_unicode_ci,
  `dateCreated` datetime NOT NULL,
  `dateUpdated` datetime NOT NULL,
  `uid` char(36) COLLATE utf8_unicode_ci NOT NULL DEFAULT '0',
  PRIMARY KEY (`id`),
  KEY `craft_tasks_root_idx` (`root`),
  KEY `craft_tasks_lft_idx` (`lft`),
  KEY `craft_tasks_rgt_idx` (`rgt`),
  KEY `craft_tasks_level_idx` (`level`)
) ENGINE=InnoDB AUTO_INCREMENT=24 DEFAULT CHARSET=utf8 COLLATE=utf8_unicode_ci;

DROP TABLE IF EXISTS `craft_templatecachecriteria`;


--
-- Schema for table `craft_templatecachecriteria`
--
CREATE TABLE `craft_templatecachecriteria` (
  `id` int(11) NOT NULL AUTO_INCREMENT,
  `cacheId` int(11) NOT NULL,
  `type` varchar(150) COLLATE utf8_unicode_ci NOT NULL,
  `criteria` text COLLATE utf8_unicode_ci NOT NULL,
  PRIMARY KEY (`id`),
  KEY `craft_templatecachecriteria_cacheId_fk` (`cacheId`),
  KEY `craft_templatecachecriteria_type_idx` (`type`)
) ENGINE=InnoDB DEFAULT CHARSET=utf8 COLLATE=utf8_unicode_ci;

DROP TABLE IF EXISTS `craft_templatecacheelements`;


--
-- Schema for table `craft_templatecacheelements`
--
CREATE TABLE `craft_templatecacheelements` (
  `cacheId` int(11) NOT NULL,
  `elementId` int(11) NOT NULL,
  KEY `craft_templatecacheelements_cacheId_fk` (`cacheId`),
  KEY `craft_templatecacheelements_elementId_fk` (`elementId`)
) ENGINE=InnoDB DEFAULT CHARSET=utf8 COLLATE=utf8_unicode_ci;

DROP TABLE IF EXISTS `craft_templatecaches`;


--
-- Schema for table `craft_templatecaches`
--
CREATE TABLE `craft_templatecaches` (
  `id` int(11) NOT NULL AUTO_INCREMENT,
  `cacheKey` varchar(255) COLLATE utf8_unicode_ci NOT NULL,
  `locale` char(12) COLLATE utf8_unicode_ci NOT NULL,
  `path` varchar(255) COLLATE utf8_unicode_ci DEFAULT NULL,
  `expiryDate` datetime NOT NULL,
  `body` mediumtext COLLATE utf8_unicode_ci NOT NULL,
  PRIMARY KEY (`id`),
  KEY `craft_templatecaches_expiryDate_cacheKey_locale_path_idx` (`expiryDate`,`cacheKey`,`locale`,`path`),
  KEY `craft_templatecaches_locale_fk` (`locale`)
) ENGINE=InnoDB DEFAULT CHARSET=utf8 COLLATE=utf8_unicode_ci;

DROP TABLE IF EXISTS `craft_tokens`;


--
-- Schema for table `craft_tokens`
--
CREATE TABLE `craft_tokens` (
  `id` int(11) NOT NULL AUTO_INCREMENT,
  `token` char(32) COLLATE utf8_unicode_ci NOT NULL,
  `route` text COLLATE utf8_unicode_ci,
  `usageLimit` tinyint(3) unsigned DEFAULT NULL,
  `usageCount` tinyint(3) unsigned DEFAULT NULL,
  `expiryDate` datetime NOT NULL,
  `dateCreated` datetime NOT NULL,
  `dateUpdated` datetime NOT NULL,
  `uid` char(36) COLLATE utf8_unicode_ci NOT NULL DEFAULT '0',
  PRIMARY KEY (`id`),
  UNIQUE KEY `craft_tokens_token_unq_idx` (`token`),
  KEY `craft_tokens_expiryDate_idx` (`expiryDate`)
) ENGINE=InnoDB DEFAULT CHARSET=utf8 COLLATE=utf8_unicode_ci;

DROP TABLE IF EXISTS `craft_usergroups`;


--
-- Schema for table `craft_usergroups`
--
CREATE TABLE `craft_usergroups` (
  `id` int(11) NOT NULL AUTO_INCREMENT,
  `name` varchar(255) COLLATE utf8_unicode_ci NOT NULL,
  `handle` varchar(255) COLLATE utf8_unicode_ci NOT NULL,
  `dateCreated` datetime NOT NULL,
  `dateUpdated` datetime NOT NULL,
  `uid` char(36) COLLATE utf8_unicode_ci NOT NULL DEFAULT '0',
  PRIMARY KEY (`id`)
) ENGINE=InnoDB DEFAULT CHARSET=utf8 COLLATE=utf8_unicode_ci;

DROP TABLE IF EXISTS `craft_usergroups_users`;


--
-- Schema for table `craft_usergroups_users`
--
CREATE TABLE `craft_usergroups_users` (
  `id` int(11) NOT NULL AUTO_INCREMENT,
  `groupId` int(11) NOT NULL,
  `userId` int(11) NOT NULL,
  `dateCreated` datetime NOT NULL,
  `dateUpdated` datetime NOT NULL,
  `uid` char(36) COLLATE utf8_unicode_ci NOT NULL DEFAULT '0',
  PRIMARY KEY (`id`),
  UNIQUE KEY `craft_usergroups_users_groupId_userId_unq_idx` (`groupId`,`userId`),
  KEY `craft_usergroups_users_userId_fk` (`userId`)
) ENGINE=InnoDB DEFAULT CHARSET=utf8 COLLATE=utf8_unicode_ci;

DROP TABLE IF EXISTS `craft_userpermissions`;


--
-- Schema for table `craft_userpermissions`
--
CREATE TABLE `craft_userpermissions` (
  `id` int(11) NOT NULL AUTO_INCREMENT,
  `name` varchar(255) COLLATE utf8_unicode_ci NOT NULL,
  `dateCreated` datetime NOT NULL,
  `dateUpdated` datetime NOT NULL,
  `uid` char(36) COLLATE utf8_unicode_ci NOT NULL DEFAULT '0',
  PRIMARY KEY (`id`),
  UNIQUE KEY `craft_userpermissions_name_unq_idx` (`name`)
) ENGINE=InnoDB DEFAULT CHARSET=utf8 COLLATE=utf8_unicode_ci;

DROP TABLE IF EXISTS `craft_userpermissions_usergroups`;


--
-- Schema for table `craft_userpermissions_usergroups`
--
CREATE TABLE `craft_userpermissions_usergroups` (
  `id` int(11) NOT NULL AUTO_INCREMENT,
  `permissionId` int(11) NOT NULL,
  `groupId` int(11) NOT NULL,
  `dateCreated` datetime NOT NULL,
  `dateUpdated` datetime NOT NULL,
  `uid` char(36) COLLATE utf8_unicode_ci NOT NULL DEFAULT '0',
  PRIMARY KEY (`id`),
  UNIQUE KEY `craft_userpermissions_usergroups_permissionId_groupId_unq_idx` (`permissionId`,`groupId`),
  KEY `craft_userpermissions_usergroups_groupId_fk` (`groupId`)
) ENGINE=InnoDB DEFAULT CHARSET=utf8 COLLATE=utf8_unicode_ci;

DROP TABLE IF EXISTS `craft_userpermissions_users`;


--
-- Schema for table `craft_userpermissions_users`
--
CREATE TABLE `craft_userpermissions_users` (
  `id` int(11) NOT NULL AUTO_INCREMENT,
  `permissionId` int(11) NOT NULL,
  `userId` int(11) NOT NULL,
  `dateCreated` datetime NOT NULL,
  `dateUpdated` datetime NOT NULL,
  `uid` char(36) COLLATE utf8_unicode_ci NOT NULL DEFAULT '0',
  PRIMARY KEY (`id`),
  UNIQUE KEY `craft_userpermissions_users_permissionId_userId_unq_idx` (`permissionId`,`userId`),
  KEY `craft_userpermissions_users_userId_fk` (`userId`)
) ENGINE=InnoDB DEFAULT CHARSET=utf8 COLLATE=utf8_unicode_ci;

DROP TABLE IF EXISTS `craft_users`;


--
-- Schema for table `craft_users`
--
CREATE TABLE `craft_users` (
  `id` int(11) NOT NULL,
  `username` varchar(100) COLLATE utf8_unicode_ci NOT NULL,
  `photo` varchar(100) COLLATE utf8_unicode_ci DEFAULT NULL,
  `firstName` varchar(100) COLLATE utf8_unicode_ci DEFAULT NULL,
  `lastName` varchar(100) COLLATE utf8_unicode_ci DEFAULT NULL,
  `email` varchar(255) COLLATE utf8_unicode_ci NOT NULL,
  `password` char(255) COLLATE utf8_unicode_ci DEFAULT NULL,
  `preferredLocale` char(12) COLLATE utf8_unicode_ci DEFAULT NULL,
  `weekStartDay` tinyint(1) unsigned NOT NULL DEFAULT '0',
  `admin` tinyint(1) unsigned NOT NULL DEFAULT '0',
  `client` tinyint(1) unsigned NOT NULL DEFAULT '0',
  `locked` tinyint(1) unsigned NOT NULL DEFAULT '0',
  `suspended` tinyint(1) unsigned NOT NULL DEFAULT '0',
  `pending` tinyint(1) unsigned NOT NULL DEFAULT '0',
  `archived` tinyint(1) unsigned NOT NULL DEFAULT '0',
  `lastLoginDate` datetime DEFAULT NULL,
  `lastLoginAttemptIPAddress` varchar(45) COLLATE utf8_unicode_ci DEFAULT NULL,
  `invalidLoginWindowStart` datetime DEFAULT NULL,
  `invalidLoginCount` tinyint(4) unsigned DEFAULT NULL,
  `lastInvalidLoginDate` datetime DEFAULT NULL,
  `lockoutDate` datetime DEFAULT NULL,
  `verificationCode` char(100) COLLATE utf8_unicode_ci DEFAULT NULL,
  `verificationCodeIssuedDate` datetime DEFAULT NULL,
  `unverifiedEmail` varchar(255) COLLATE utf8_unicode_ci DEFAULT NULL,
  `passwordResetRequired` tinyint(1) unsigned NOT NULL DEFAULT '0',
  `lastPasswordChangeDate` datetime DEFAULT NULL,
  `dateCreated` datetime NOT NULL,
  `dateUpdated` datetime NOT NULL,
  `uid` char(36) COLLATE utf8_unicode_ci NOT NULL DEFAULT '0',
  PRIMARY KEY (`id`),
  UNIQUE KEY `craft_users_username_unq_idx` (`username`),
  UNIQUE KEY `craft_users_email_unq_idx` (`email`),
  KEY `craft_users_verificationCode_idx` (`verificationCode`),
  KEY `craft_users_uid_idx` (`uid`),
  KEY `craft_users_preferredLocale_fk` (`preferredLocale`)
) ENGINE=InnoDB DEFAULT CHARSET=utf8 COLLATE=utf8_unicode_ci;

--
-- Data for table `craft_users`
--

INSERT INTO `craft_users` (`id`, `username`, `photo`, `firstName`, `lastName`, `email`, `password`, `preferredLocale`, `weekStartDay`, `admin`, `client`, `locked`, `suspended`, `pending`, `archived`, `lastLoginDate`, `lastLoginAttemptIPAddress`, `invalidLoginWindowStart`, `invalidLoginCount`, `lastInvalidLoginDate`, `lockoutDate`, `verificationCode`, `verificationCodeIssuedDate`, `unverifiedEmail`, `passwordResetRequired`, `lastPasswordChangeDate`, `dateCreated`, `dateUpdated`, `uid`) VALUES ('1', 'admin', NULL, NULL, NULL, 'rubiojan@gmail.com', '$2a$13$qUJIzGQC4I.EfUm2qakuruKsABg5ArtISduMb7S5f.nZZd.hsQqqm', NULL, '0', '1', '0', '0', '0', '0', '0', '2015-05-31 22:48:18', '::1', NULL, NULL, NULL, NULL, NULL, NULL, NULL, '0', '2015-05-26 00:03:43', '2015-05-26 00:03:44', '2015-05-31 22:48:18', 'e441f54a-4073-4965-a4dd-e847106ef814');
INSERT INTO `craft_users` (`id`, `username`, `photo`, `firstName`, `lastName`, `email`, `password`, `preferredLocale`, `weekStartDay`, `admin`, `client`, `locked`, `suspended`, `pending`, `archived`, `lastLoginDate`, `lastLoginAttemptIPAddress`, `invalidLoginWindowStart`, `invalidLoginCount`, `lastInvalidLoginDate`, `lockoutDate`, `verificationCode`, `verificationCodeIssuedDate`, `unverifiedEmail`, `passwordResetRequired`, `lastPasswordChangeDate`, `dateCreated`, `dateUpdated`, `uid`) VALUES ('47', 'newtestuser', NULL, '', '', 'jan@obirulabs.com', NULL, NULL, '0', '0', '0', '0', '0', '1', '0', NULL, NULL, NULL, NULL, NULL, NULL, '$2y$13$Y7XkX.8xqJx.7uxBVLy4GeDGQp7ihGq.J.4xtT0DCzhuzpAd1RTsa', '2015-06-06 19:23:47', 'jan@obirulabs.com', '0', NULL, '2015-06-06 19:23:44', '2015-06-06 19:23:47', '2bfbeb4e-f885-4871-929c-c4aa1057018b');



DROP TABLE IF EXISTS `craft_widgets`;


--
-- Schema for table `craft_widgets`
--
CREATE TABLE `craft_widgets` (
  `id` int(11) NOT NULL AUTO_INCREMENT,
  `userId` int(11) NOT NULL,
  `type` varchar(150) COLLATE utf8_unicode_ci NOT NULL,
  `sortOrder` tinyint(4) DEFAULT NULL,
  `settings` text COLLATE utf8_unicode_ci,
  `enabled` tinyint(1) unsigned NOT NULL DEFAULT '1',
  `dateCreated` datetime NOT NULL,
  `dateUpdated` datetime NOT NULL,
  `uid` char(36) COLLATE utf8_unicode_ci NOT NULL DEFAULT '0',
  PRIMARY KEY (`id`),
  KEY `craft_widgets_userId_fk` (`userId`)
) ENGINE=InnoDB AUTO_INCREMENT=5 DEFAULT CHARSET=utf8 COLLATE=utf8_unicode_ci;

--
-- Data for table `craft_widgets`
--

INSERT INTO `craft_widgets` (`id`, `userId`, `type`, `sortOrder`, `settings`, `enabled`, `dateCreated`, `dateUpdated`, `uid`) VALUES ('1', '1', 'RecentEntries', '1', NULL, '1', '2015-05-26 00:03:48', '2015-05-26 00:03:48', '334a243d-31bc-4a29-8115-a11bfcdf3895');
INSERT INTO `craft_widgets` (`id`, `userId`, `type`, `sortOrder`, `settings`, `enabled`, `dateCreated`, `dateUpdated`, `uid`) VALUES ('2', '1', 'GetHelp', '2', NULL, '1', '2015-05-26 00:03:48', '2015-05-26 00:03:48', '11587e2e-3dec-4bbc-b3c8-ad4cadba1aab');
INSERT INTO `craft_widgets` (`id`, `userId`, `type`, `sortOrder`, `settings`, `enabled`, `dateCreated`, `dateUpdated`, `uid`) VALUES ('3', '1', 'Updates', '3', NULL, '1', '2015-05-26 00:03:48', '2015-05-26 00:03:48', 'd1ddcff1-364e-43cd-94c1-8dbe3e32d9c0');
INSERT INTO `craft_widgets` (`id`, `userId`, `type`, `sortOrder`, `settings`, `enabled`, `dateCreated`, `dateUpdated`, `uid`) VALUES ('4', '1', 'Feed', '4', '{\"url\":\"http:\\/\\/feeds.feedburner.com\\/blogandtonic\",\"title\":\"Blog & Tonic\"}', '1', '2015-05-26 00:03:48', '2015-05-26 00:03:48', '07a59d7a-4796-4976-a199-1103d98b1c50');


--
-- Constraints for tables
--


--
-- Constraints for table `craft_assetfiles`
--
ALTER TABLE `craft_assetfiles`
	ADD CONSTRAINT `craft_assetfiles_folderId_fk` FOREIGN KEY (`folderId`) REFERENCES `craft_assetfolders` (`id`) ON DELETE CASCADE,
	ADD CONSTRAINT `craft_assetfiles_id_fk` FOREIGN KEY (`id`) REFERENCES `craft_elements` (`id`) ON DELETE CASCADE,
	ADD CONSTRAINT `craft_assetfiles_sourceId_fk` FOREIGN KEY (`sourceId`) REFERENCES `craft_assetsources` (`id`) ON DELETE CASCADE;

--
-- Constraints for table `craft_assetfolders`
--
ALTER TABLE `craft_assetfolders`
	ADD CONSTRAINT `craft_assetfolders_parentId_fk` FOREIGN KEY (`parentId`) REFERENCES `craft_assetfolders` (`id`) ON DELETE CASCADE,
	ADD CONSTRAINT `craft_assetfolders_sourceId_fk` FOREIGN KEY (`sourceId`) REFERENCES `craft_assetsources` (`id`) ON DELETE CASCADE;

--
-- Constraints for table `craft_assetindexdata`
--
ALTER TABLE `craft_assetindexdata`
	ADD CONSTRAINT `craft_assetindexdata_sourceId_fk` FOREIGN KEY (`sourceId`) REFERENCES `craft_assetsources` (`id`) ON DELETE CASCADE;

--
-- Constraints for table `craft_assetsources`
--
ALTER TABLE `craft_assetsources`
	ADD CONSTRAINT `craft_assetsources_fieldLayoutId_fk` FOREIGN KEY (`fieldLayoutId`) REFERENCES `craft_fieldlayouts` (`id`) ON DELETE SET NULL;

--
-- Constraints for table `craft_categories`
--
ALTER TABLE `craft_categories`
	ADD CONSTRAINT `craft_categories_groupId_fk` FOREIGN KEY (`groupId`) REFERENCES `craft_categorygroups` (`id`) ON DELETE CASCADE,
	ADD CONSTRAINT `craft_categories_id_fk` FOREIGN KEY (`id`) REFERENCES `craft_elements` (`id`) ON DELETE CASCADE;

--
-- Constraints for table `craft_categorygroups`
--
ALTER TABLE `craft_categorygroups`
	ADD CONSTRAINT `craft_categorygroups_fieldLayoutId_fk` FOREIGN KEY (`fieldLayoutId`) REFERENCES `craft_fieldlayouts` (`id`) ON DELETE SET NULL,
	ADD CONSTRAINT `craft_categorygroups_structureId_fk` FOREIGN KEY (`structureId`) REFERENCES `craft_structures` (`id`) ON DELETE CASCADE;

--
-- Constraints for table `craft_categorygroups_i18n`
--
ALTER TABLE `craft_categorygroups_i18n`
	ADD CONSTRAINT `craft_categorygroups_i18n_groupId_fk` FOREIGN KEY (`groupId`) REFERENCES `craft_categorygroups` (`id`) ON DELETE CASCADE,
	ADD CONSTRAINT `craft_categorygroups_i18n_locale_fk` FOREIGN KEY (`locale`) REFERENCES `craft_locales` (`locale`) ON DELETE CASCADE ON UPDATE CASCADE;

--
-- Constraints for table `craft_content`
--
ALTER TABLE `craft_content`
	ADD CONSTRAINT `craft_content_elementId_fk` FOREIGN KEY (`elementId`) REFERENCES `craft_elements` (`id`) ON DELETE CASCADE,
	ADD CONSTRAINT `craft_content_locale_fk` FOREIGN KEY (`locale`) REFERENCES `craft_locales` (`locale`) ON DELETE CASCADE ON UPDATE CASCADE;

--
-- Constraints for table `craft_elements_i18n`
--
ALTER TABLE `craft_elements_i18n`
	ADD CONSTRAINT `craft_elements_i18n_elementId_fk` FOREIGN KEY (`elementId`) REFERENCES `craft_elements` (`id`) ON DELETE CASCADE,
	ADD CONSTRAINT `craft_elements_i18n_locale_fk` FOREIGN KEY (`locale`) REFERENCES `craft_locales` (`locale`) ON DELETE CASCADE ON UPDATE CASCADE;

--
-- Constraints for table `craft_emailmessages`
--
ALTER TABLE `craft_emailmessages`
	ADD CONSTRAINT `craft_emailmessages_locale_fk` FOREIGN KEY (`locale`) REFERENCES `craft_locales` (`locale`) ON DELETE CASCADE ON UPDATE CASCADE;

--
-- Constraints for table `craft_entries`
--
ALTER TABLE `craft_entries`
	ADD CONSTRAINT `craft_entries_authorId_fk` FOREIGN KEY (`authorId`) REFERENCES `craft_users` (`id`) ON DELETE CASCADE,
	ADD CONSTRAINT `craft_entries_id_fk` FOREIGN KEY (`id`) REFERENCES `craft_elements` (`id`) ON DELETE CASCADE,
	ADD CONSTRAINT `craft_entries_sectionId_fk` FOREIGN KEY (`sectionId`) REFERENCES `craft_sections` (`id`) ON DELETE CASCADE,
	ADD CONSTRAINT `craft_entries_typeId_fk` FOREIGN KEY (`typeId`) REFERENCES `craft_entrytypes` (`id`) ON DELETE CASCADE;

--
-- Constraints for table `craft_entrydrafts`
--
ALTER TABLE `craft_entrydrafts`
	ADD CONSTRAINT `craft_entrydrafts_creatorId_fk` FOREIGN KEY (`creatorId`) REFERENCES `craft_users` (`id`) ON DELETE CASCADE,
	ADD CONSTRAINT `craft_entrydrafts_entryId_fk` FOREIGN KEY (`entryId`) REFERENCES `craft_entries` (`id`) ON DELETE CASCADE,
	ADD CONSTRAINT `craft_entrydrafts_locale_fk` FOREIGN KEY (`locale`) REFERENCES `craft_locales` (`locale`) ON DELETE CASCADE ON UPDATE CASCADE,
	ADD CONSTRAINT `craft_entrydrafts_sectionId_fk` FOREIGN KEY (`sectionId`) REFERENCES `craft_sections` (`id`) ON DELETE CASCADE;

--
-- Constraints for table `craft_entrytypes`
--
ALTER TABLE `craft_entrytypes`
	ADD CONSTRAINT `craft_entrytypes_fieldLayoutId_fk` FOREIGN KEY (`fieldLayoutId`) REFERENCES `craft_fieldlayouts` (`id`) ON DELETE SET NULL,
	ADD CONSTRAINT `craft_entrytypes_sectionId_fk` FOREIGN KEY (`sectionId`) REFERENCES `craft_sections` (`id`) ON DELETE CASCADE;

--
-- Constraints for table `craft_entryversions`
--
ALTER TABLE `craft_entryversions`
	ADD CONSTRAINT `craft_entryversions_creatorId_fk` FOREIGN KEY (`creatorId`) REFERENCES `craft_users` (`id`) ON DELETE SET NULL,
	ADD CONSTRAINT `craft_entryversions_entryId_fk` FOREIGN KEY (`entryId`) REFERENCES `craft_entries` (`id`) ON DELETE CASCADE,
	ADD CONSTRAINT `craft_entryversions_locale_fk` FOREIGN KEY (`locale`) REFERENCES `craft_locales` (`locale`) ON DELETE CASCADE ON UPDATE CASCADE,
	ADD CONSTRAINT `craft_entryversions_sectionId_fk` FOREIGN KEY (`sectionId`) REFERENCES `craft_sections` (`id`) ON DELETE CASCADE;

--
-- Constraints for table `craft_fieldlayoutfields`
--
ALTER TABLE `craft_fieldlayoutfields`
	ADD CONSTRAINT `craft_fieldlayoutfields_fieldId_fk` FOREIGN KEY (`fieldId`) REFERENCES `craft_fields` (`id`) ON DELETE CASCADE,
	ADD CONSTRAINT `craft_fieldlayoutfields_layoutId_fk` FOREIGN KEY (`layoutId`) REFERENCES `craft_fieldlayouts` (`id`) ON DELETE CASCADE,
	ADD CONSTRAINT `craft_fieldlayoutfields_tabId_fk` FOREIGN KEY (`tabId`) REFERENCES `craft_fieldlayouttabs` (`id`) ON DELETE CASCADE;

--
-- Constraints for table `craft_fieldlayouttabs`
--
ALTER TABLE `craft_fieldlayouttabs`
	ADD CONSTRAINT `craft_fieldlayouttabs_layoutId_fk` FOREIGN KEY (`layoutId`) REFERENCES `craft_fieldlayouts` (`id`) ON DELETE CASCADE;

--
-- Constraints for table `craft_fields`
--
ALTER TABLE `craft_fields`
	ADD CONSTRAINT `craft_fields_groupId_fk` FOREIGN KEY (`groupId`) REFERENCES `craft_fieldgroups` (`id`) ON DELETE CASCADE;

--
-- Constraints for table `craft_globalsets`
--
ALTER TABLE `craft_globalsets`
	ADD CONSTRAINT `craft_globalsets_fieldLayoutId_fk` FOREIGN KEY (`fieldLayoutId`) REFERENCES `craft_fieldlayouts` (`id`) ON DELETE SET NULL,
	ADD CONSTRAINT `craft_globalsets_id_fk` FOREIGN KEY (`id`) REFERENCES `craft_elements` (`id`) ON DELETE CASCADE;

--
-- Constraints for table `craft_matrixblocks`
--
ALTER TABLE `craft_matrixblocks`
	ADD CONSTRAINT `craft_matrixblocks_fieldId_fk` FOREIGN KEY (`fieldId`) REFERENCES `craft_fields` (`id`) ON DELETE CASCADE,
	ADD CONSTRAINT `craft_matrixblocks_id_fk` FOREIGN KEY (`id`) REFERENCES `craft_elements` (`id`) ON DELETE CASCADE,
	ADD CONSTRAINT `craft_matrixblocks_ownerId_fk` FOREIGN KEY (`ownerId`) REFERENCES `craft_elements` (`id`) ON DELETE CASCADE,
	ADD CONSTRAINT `craft_matrixblocks_ownerLocale_fk` FOREIGN KEY (`ownerLocale`) REFERENCES `craft_locales` (`locale`) ON DELETE CASCADE ON UPDATE CASCADE,
	ADD CONSTRAINT `craft_matrixblocks_typeId_fk` FOREIGN KEY (`typeId`) REFERENCES `craft_matrixblocktypes` (`id`) ON DELETE CASCADE;

--
-- Constraints for table `craft_matrixblocktypes`
--
ALTER TABLE `craft_matrixblocktypes`
	ADD CONSTRAINT `craft_matrixblocktypes_fieldId_fk` FOREIGN KEY (`fieldId`) REFERENCES `craft_fields` (`id`) ON DELETE CASCADE,
	ADD CONSTRAINT `craft_matrixblocktypes_fieldLayoutId_fk` FOREIGN KEY (`fieldLayoutId`) REFERENCES `craft_fieldlayouts` (`id`) ON DELETE SET NULL;

--
-- Constraints for table `craft_matrixcontent_events`
--
ALTER TABLE `craft_matrixcontent_events`
	ADD CONSTRAINT `craft_matrixcontent_events_elementId_fk` FOREIGN KEY (`elementId`) REFERENCES `craft_elements` (`id`) ON DELETE CASCADE,
	ADD CONSTRAINT `craft_matrixcontent_events_locale_fk` FOREIGN KEY (`locale`) REFERENCES `craft_locales` (`locale`) ON DELETE CASCADE ON UPDATE CASCADE;

--
-- Constraints for table `craft_matrixcontent_faq`
--
ALTER TABLE `craft_matrixcontent_faq`
	ADD CONSTRAINT `craft_matrixcontent_faq_elementId_fk` FOREIGN KEY (`elementId`) REFERENCES `craft_elements` (`id`) ON DELETE CASCADE,
	ADD CONSTRAINT `craft_matrixcontent_faq_locale_fk` FOREIGN KEY (`locale`) REFERENCES `craft_locales` (`locale`) ON DELETE CASCADE ON UPDATE CASCADE;

--
-- Constraints for table `craft_matrixcontent_resourcelinks`
--
ALTER TABLE `craft_matrixcontent_resourcelinks`
	ADD CONSTRAINT `craft_matrixcontent_resourcelinks_locale_fk` FOREIGN KEY (`locale`) REFERENCES `craft_locales` (`locale`) ON DELETE CASCADE ON UPDATE CASCADE,
	ADD CONSTRAINT `craft_matrixcontent_resourcelinks_elementId_fk` FOREIGN KEY (`elementId`) REFERENCES `craft_elements` (`id`) ON DELETE CASCADE;

--
-- Constraints for table `craft_matrixcontent_testinglocations`
--
ALTER TABLE `craft_matrixcontent_testinglocations`
	ADD CONSTRAINT `craft_matrixcontent_testinglocations_elementId_fk` FOREIGN KEY (`elementId`) REFERENCES `craft_elements` (`id`) ON DELETE CASCADE,
	ADD CONSTRAINT `craft_matrixcontent_testinglocations_locale_fk` FOREIGN KEY (`locale`) REFERENCES `craft_locales` (`locale`) ON DELETE CASCADE ON UPDATE CASCADE;

--
-- Constraints for table `craft_migrations`
--
ALTER TABLE `craft_migrations`
	ADD CONSTRAINT `craft_migrations_pluginId_fk` FOREIGN KEY (`pluginId`) REFERENCES `craft_plugins` (`id`) ON DELETE CASCADE;

--
-- Constraints for table `craft_relations`
--
ALTER TABLE `craft_relations`
	ADD CONSTRAINT `craft_relations_fieldId_fk` FOREIGN KEY (`fieldId`) REFERENCES `craft_fields` (`id`) ON DELETE CASCADE,
	ADD CONSTRAINT `craft_relations_sourceId_fk` FOREIGN KEY (`sourceId`) REFERENCES `craft_elements` (`id`) ON DELETE CASCADE,
	ADD CONSTRAINT `craft_relations_sourceLocale_fk` FOREIGN KEY (`sourceLocale`) REFERENCES `craft_locales` (`locale`) ON DELETE CASCADE ON UPDATE CASCADE,
	ADD CONSTRAINT `craft_relations_targetId_fk` FOREIGN KEY (`targetId`) REFERENCES `craft_elements` (`id`) ON DELETE CASCADE;

--
-- Constraints for table `craft_routes`
--
ALTER TABLE `craft_routes`
	ADD CONSTRAINT `craft_routes_locale_fk` FOREIGN KEY (`locale`) REFERENCES `craft_locales` (`locale`) ON DELETE CASCADE ON UPDATE CASCADE;

--
-- Constraints for table `craft_sections`
--
ALTER TABLE `craft_sections`
	ADD CONSTRAINT `craft_sections_structureId_fk` FOREIGN KEY (`structureId`) REFERENCES `craft_structures` (`id`) ON DELETE SET NULL;

--
-- Constraints for table `craft_sections_i18n`
--
ALTER TABLE `craft_sections_i18n`
	ADD CONSTRAINT `craft_sections_i18n_locale_fk` FOREIGN KEY (`locale`) REFERENCES `craft_locales` (`locale`) ON DELETE CASCADE ON UPDATE CASCADE,
	ADD CONSTRAINT `craft_sections_i18n_sectionId_fk` FOREIGN KEY (`sectionId`) REFERENCES `craft_sections` (`id`) ON DELETE CASCADE;

--
-- Constraints for table `craft_sessions`
--
ALTER TABLE `craft_sessions`
	ADD CONSTRAINT `craft_sessions_userId_fk` FOREIGN KEY (`userId`) REFERENCES `craft_users` (`id`) ON DELETE CASCADE;

--
-- Constraints for table `craft_shunnedmessages`
--
ALTER TABLE `craft_shunnedmessages`
	ADD CONSTRAINT `craft_shunnedmessages_userId_fk` FOREIGN KEY (`userId`) REFERENCES `craft_users` (`id`) ON DELETE CASCADE;

--
-- Constraints for table `craft_structureelements`
--
ALTER TABLE `craft_structureelements`
	ADD CONSTRAINT `craft_structureelements_elementId_fk` FOREIGN KEY (`elementId`) REFERENCES `craft_elements` (`id`) ON DELETE CASCADE,
	ADD CONSTRAINT `craft_structureelements_structureId_fk` FOREIGN KEY (`structureId`) REFERENCES `craft_structures` (`id`) ON DELETE CASCADE;

--
-- Constraints for table `craft_taggroups`
--
ALTER TABLE `craft_taggroups`
	ADD CONSTRAINT `craft_taggroups_fieldLayoutId_fk` FOREIGN KEY (`fieldLayoutId`) REFERENCES `craft_fieldlayouts` (`id`) ON DELETE SET NULL;

--
-- Constraints for table `craft_tags`
--
ALTER TABLE `craft_tags`
	ADD CONSTRAINT `craft_tags_groupId_fk` FOREIGN KEY (`groupId`) REFERENCES `craft_taggroups` (`id`) ON DELETE CASCADE,
	ADD CONSTRAINT `craft_tags_id_fk` FOREIGN KEY (`id`) REFERENCES `craft_elements` (`id`) ON DELETE CASCADE;

--
-- Constraints for table `craft_templatecachecriteria`
--
ALTER TABLE `craft_templatecachecriteria`
	ADD CONSTRAINT `craft_templatecachecriteria_cacheId_fk` FOREIGN KEY (`cacheId`) REFERENCES `craft_templatecaches` (`id`) ON DELETE CASCADE;

--
-- Constraints for table `craft_templatecacheelements`
--
ALTER TABLE `craft_templatecacheelements`
	ADD CONSTRAINT `craft_templatecacheelements_cacheId_fk` FOREIGN KEY (`cacheId`) REFERENCES `craft_templatecaches` (`id`) ON DELETE CASCADE,
	ADD CONSTRAINT `craft_templatecacheelements_elementId_fk` FOREIGN KEY (`elementId`) REFERENCES `craft_elements` (`id`) ON DELETE CASCADE;

--
-- Constraints for table `craft_templatecaches`
--
ALTER TABLE `craft_templatecaches`
	ADD CONSTRAINT `craft_templatecaches_locale_fk` FOREIGN KEY (`locale`) REFERENCES `craft_locales` (`locale`) ON DELETE CASCADE ON UPDATE CASCADE;

--
-- Constraints for table `craft_usergroups_users`
--
ALTER TABLE `craft_usergroups_users`
	ADD CONSTRAINT `craft_usergroups_users_groupId_fk` FOREIGN KEY (`groupId`) REFERENCES `craft_usergroups` (`id`) ON DELETE CASCADE,
	ADD CONSTRAINT `craft_usergroups_users_userId_fk` FOREIGN KEY (`userId`) REFERENCES `craft_users` (`id`) ON DELETE CASCADE;

--
-- Constraints for table `craft_userpermissions_usergroups`
--
ALTER TABLE `craft_userpermissions_usergroups`
	ADD CONSTRAINT `craft_userpermissions_usergroups_groupId_fk` FOREIGN KEY (`groupId`) REFERENCES `craft_usergroups` (`id`) ON DELETE CASCADE,
	ADD CONSTRAINT `craft_userpermissions_usergroups_permissionId_fk` FOREIGN KEY (`permissionId`) REFERENCES `craft_userpermissions` (`id`) ON DELETE CASCADE;

--
-- Constraints for table `craft_userpermissions_users`
--
ALTER TABLE `craft_userpermissions_users`
	ADD CONSTRAINT `craft_userpermissions_users_permissionId_fk` FOREIGN KEY (`permissionId`) REFERENCES `craft_userpermissions` (`id`) ON DELETE CASCADE,
	ADD CONSTRAINT `craft_userpermissions_users_userId_fk` FOREIGN KEY (`userId`) REFERENCES `craft_users` (`id`) ON DELETE CASCADE;

--
-- Constraints for table `craft_users`
--
ALTER TABLE `craft_users`
	ADD CONSTRAINT `craft_users_id_fk` FOREIGN KEY (`id`) REFERENCES `craft_elements` (`id`) ON DELETE CASCADE,
	ADD CONSTRAINT `craft_users_preferredLocale_fk` FOREIGN KEY (`preferredLocale`) REFERENCES `craft_locales` (`locale`) ON DELETE SET NULL ON UPDATE CASCADE;

--
-- Constraints for table `craft_widgets`
--
ALTER TABLE `craft_widgets`
	ADD CONSTRAINT `craft_widgets_userId_fk` FOREIGN KEY (`userId`) REFERENCES `craft_users` (`id`) ON DELETE CASCADE;

SET FOREIGN_KEY_CHECKS = 1;
